frame,obj_idx,type,distance_m,n_points,axis,level,inbox_ratio
scene-0103_001,0,Pedestrian,13.9893,20,yaw,0.0,1.0
scene-0103_001,0,Pedestrian,13.9893,20,yaw,0.5,1.0
scene-0103_001,0,Pedestrian,13.9893,20,yaw,1.0,1.0
scene-0103_001,0,Pedestrian,13.9893,20,yaw,2.0,0.65
scene-0103_001,0,Pedestrian,13.9893,20,yaw,3.0,0.0
scene-0103_001,0,Pedestrian,13.9893,20,pitch,0.0,1.0
scene-0103_001,0,Pedestrian,13.9893,20,pitch,0.5,0.85
scene-0103_001,0,Pedestrian,13.9893,20,pitch,1.0,0.7
scene-0103_001,0,Pedestrian,13.9893,20,pitch,2.0,0.7
scene-0103_001,0,Pedestrian,13.9893,20,pitch,3.0,0.7
scene-0103_001,0,Pedestrian,13.9893,20,roll,0.0,1.0
scene-0103_001,0,Pedestrian,13.9893,20,roll,0.5,1.0
scene-0103_001,0,Pedestrian,13.9893,20,roll,1.0,0.95
scene-0103_001,0,Pedestrian,13.9893,20,roll,2.0,0.9
scene-0103_001,0,Pedestrian,13.9893,20,roll,3.0,0.7
scene-0103_001,0,Pedestrian,13.9893,20,lateral_t,0.0,1.0
scene-0103_001,0,Pedestrian,13.9893,20,lateral_t,0.02,1.0
scene-0103_001,0,Pedestrian,13.9893,20,lateral_t,0.05,0.95
scene-0103_001,0,Pedestrian,13.9893,20,lateral_t,0.1,0.85
scene-0103_002,0,Pedestrian,21.3368,11,yaw,0.0,1.0
scene-0103_002,0,Pedestrian,21.3368,11,yaw,0.5,0.7273
scene-0103_002,0,Pedestrian,21.3368,11,yaw,1.0,0.6364
scene-0103_002,0,Pedestrian,21.3368,11,yaw,2.0,0.0909
scene-0103_002,0,Pedestrian,21.3368,11,yaw,3.0,0.0
scene-0103_002,0,Pedestrian,21.3368,11,pitch,0.0,1.0
scene-0103_002,0,Pedestrian,21.3368,11,pitch,0.5,1.0
scene-0103_002,0,Pedestrian,21.3368,11,pitch,1.0,1.0
scene-0103_002,0,Pedestrian,21.3368,11,pitch,2.0,0.8182
scene-0103_002,0,Pedestrian,21.3368,11,pitch,3.0,0.8182
scene-0103_002,0,Pedestrian,21.3368,11,roll,0.0,1.0
scene-0103_002,0,Pedestrian,21.3368,11,roll,0.5,1.0
scene-0103_002,0,Pedestrian,21.3368,11,roll,1.0,1.0
scene-0103_002,0,Pedestrian,21.3368,11,roll,2.0,1.0
scene-0103_002,0,Pedestrian,21.3368,11,roll,3.0,0.6364
scene-0103_002,0,Pedestrian,21.3368,11,lateral_t,0.0,1.0
scene-0103_002,0,Pedestrian,21.3368,11,lateral_t,0.02,1.0
scene-0103_002,0,Pedestrian,21.3368,11,lateral_t,0.05,1.0
scene-0103_002,0,Pedestrian,21.3368,11,lateral_t,0.1,1.0
scene-0103_003,0,Pedestrian,16.7345,15,yaw,0.0,1.0
scene-0103_003,1,Car,22.8742,12,yaw,0.0,1.0
scene-0103_003,0,Pedestrian,16.7345,15,yaw,0.5,1.0
scene-0103_003,1,Car,22.8742,12,yaw,0.5,1.0
scene-0103_003,0,Pedestrian,16.7345,15,yaw,1.0,0.8
scene-0103_003,1,Car,22.8742,12,yaw,1.0,1.0
scene-0103_003,0,Pedestrian,16.7345,15,yaw,2.0,0.2
scene-0103_003,1,Car,22.8742,12,yaw,2.0,0.9167
scene-0103_003,0,Pedestrian,16.7345,15,yaw,3.0,0.0
scene-0103_003,1,Car,22.8742,12,yaw,3.0,0.5
scene-0103_003,0,Pedestrian,16.7345,15,pitch,0.0,1.0
scene-0103_003,1,Car,22.8742,12,pitch,0.0,1.0
scene-0103_003,0,Pedestrian,16.7345,15,pitch,0.5,1.0
scene-0103_003,1,Car,22.8742,12,pitch,0.5,1.0
scene-0103_003,0,Pedestrian,16.7345,15,pitch,1.0,0.8667
scene-0103_003,1,Car,22.8742,12,pitch,1.0,1.0
scene-0103_003,0,Pedestrian,16.7345,15,pitch,2.0,0.8667
scene-0103_003,1,Car,22.8742,12,pitch,2.0,1.0
scene-0103_003,0,Pedestrian,16.7345,15,pitch,3.0,0.8667
scene-0103_003,1,Car,22.8742,12,pitch,3.0,1.0
scene-0103_003,0,Pedestrian,16.7345,15,roll,0.0,1.0
scene-0103_003,1,Car,22.8742,12,roll,0.0,1.0
scene-0103_003,0,Pedestrian,16.7345,15,roll,0.5,1.0
scene-0103_003,1,Car,22.8742,12,roll,0.5,1.0
scene-0103_003,0,Pedestrian,16.7345,15,roll,1.0,1.0
scene-0103_003,1,Car,22.8742,12,roll,1.0,0.8333
scene-0103_003,0,Pedestrian,16.7345,15,roll,2.0,0.9333
scene-0103_003,1,Car,22.8742,12,roll,2.0,0.8333
scene-0103_003,0,Pedestrian,16.7345,15,roll,3.0,0.6667
scene-0103_003,1,Car,22.8742,12,roll,3.0,0.6667
scene-0103_003,0,Pedestrian,16.7345,15,lateral_t,0.0,1.0
scene-0103_003,1,Car,22.8742,12,lateral_t,0.0,1.0
scene-0103_003,0,Pedestrian,16.7345,15,lateral_t,0.02,1.0
scene-0103_003,1,Car,22.8742,12,lateral_t,0.02,1.0
scene-0103_003,0,Pedestrian,16.7345,15,lateral_t,0.05,1.0
scene-0103_003,1,Car,22.8742,12,lateral_t,0.05,1.0
scene-0103_003,0,Pedestrian,16.7345,15,lateral_t,0.1,1.0
scene-0103_003,1,Car,22.8742,12,lateral_t,0.1,1.0
scene-0103_004,0,Pedestrian,19.8311,10,yaw,0.0,1.0
scene-0103_004,1,Pedestrian,15.6307,16,yaw,0.0,1.0
scene-0103_004,2,Car,14.3397,53,yaw,0.0,1.0
scene-0103_004,0,Pedestrian,19.8311,10,yaw,0.5,0.3
scene-0103_004,1,Pedestrian,15.6307,16,yaw,0.5,1.0
scene-0103_004,2,Car,14.3397,53,yaw,0.5,1.0
scene-0103_004,0,Pedestrian,19.8311,10,yaw,1.0,0.0
scene-0103_004,1,Pedestrian,15.6307,16,yaw,1.0,0.9375
scene-0103_004,2,Car,14.3397,53,yaw,1.0,1.0
scene-0103_004,0,Pedestrian,19.8311,10,yaw,2.0,0.0
scene-0103_004,1,Pedestrian,15.6307,16,yaw,2.0,0.4375
scene-0103_004,2,Car,14.3397,53,yaw,2.0,0.9623
scene-0103_004,0,Pedestrian,19.8311,10,yaw,3.0,0.0
scene-0103_004,1,Pedestrian,15.6307,16,yaw,3.0,0.0
scene-0103_004,2,Car,14.3397,53,yaw,3.0,0.8868
scene-0103_004,0,Pedestrian,19.8311,10,pitch,0.0,1.0
scene-0103_004,1,Pedestrian,15.6307,16,pitch,0.0,1.0
scene-0103_004,2,Car,14.3397,53,pitch,0.0,1.0
scene-0103_004,0,Pedestrian,19.8311,10,pitch,0.5,1.0
scene-0103_004,1,Pedestrian,15.6307,16,pitch,0.5,1.0
scene-0103_004,2,Car,14.3397,53,pitch,0.5,1.0
scene-0103_004,0,Pedestrian,19.8311,10,pitch,1.0,1.0
scene-0103_004,1,Pedestrian,15.6307,16,pitch,1.0,1.0
scene-0103_004,2,Car,14.3397,53,pitch,1.0,1.0
scene-0103_004,0,Pedestrian,19.8311,10,pitch,2.0,0.8
scene-0103_004,1,Pedestrian,15.6307,16,pitch,2.0,1.0
scene-0103_004,2,Car,14.3397,53,pitch,2.0,1.0
scene-0103_004,0,Pedestrian,19.8311,10,pitch,3.0,0.8
scene-0103_004,1,Pedestrian,15.6307,16,pitch,3.0,0.875
scene-0103_004,2,Car,14.3397,53,pitch,3.0,1.0
scene-0103_004,0,Pedestrian,19.8311,10,roll,0.0,1.0
scene-0103_004,1,Pedestrian,15.6307,16,roll,0.0,1.0
scene-0103_004,2,Car,14.3397,53,roll,0.0,1.0
scene-0103_004,0,Pedestrian,19.8311,10,roll,0.5,1.0
scene-0103_004,1,Pedestrian,15.6307,16,roll,0.5,1.0
scene-0103_004,2,Car,14.3397,53,roll,0.5,1.0
scene-0103_004,0,Pedestrian,19.8311,10,roll,1.0,1.0
scene-0103_004,1,Pedestrian,15.6307,16,roll,1.0,1.0
scene-0103_004,2,Car,14.3397,53,roll,1.0,1.0
scene-0103_004,0,Pedestrian,19.8311,10,roll,2.0,0.8
scene-0103_004,1,Pedestrian,15.6307,16,roll,2.0,0.875
scene-0103_004,2,Car,14.3397,53,roll,2.0,0.9245
scene-0103_004,0,Pedestrian,19.8311,10,roll,3.0,0.5
scene-0103_004,1,Pedestrian,15.6307,16,roll,3.0,0.875
scene-0103_004,2,Car,14.3397,53,roll,3.0,0.8491
scene-0103_004,0,Pedestrian,19.8311,10,lateral_t,0.0,1.0
scene-0103_004,1,Pedestrian,15.6307,16,lateral_t,0.0,1.0
scene-0103_004,2,Car,14.3397,53,lateral_t,0.0,1.0
scene-0103_004,0,Pedestrian,19.8311,10,lateral_t,0.02,1.0
scene-0103_004,1,Pedestrian,15.6307,16,lateral_t,0.02,1.0
scene-0103_004,2,Car,14.3397,53,lateral_t,0.02,1.0
scene-0103_004,0,Pedestrian,19.8311,10,lateral_t,0.05,1.0
scene-0103_004,1,Pedestrian,15.6307,16,lateral_t,0.05,1.0
scene-0103_004,2,Car,14.3397,53,lateral_t,0.05,1.0
scene-0103_004,0,Pedestrian,19.8311,10,lateral_t,0.1,1.0
scene-0103_004,1,Pedestrian,15.6307,16,lateral_t,0.1,1.0
scene-0103_004,2,Car,14.3397,53,lateral_t,0.1,1.0
scene-0103_005,0,Pedestrian,16.1875,13,yaw,0.0,1.0
scene-0103_005,1,Car,6.4258,79,yaw,0.0,1.0
scene-0103_005,0,Pedestrian,16.1875,13,yaw,0.5,1.0
scene-0103_005,1,Car,6.4258,79,yaw,0.5,0.962
scene-0103_005,0,Pedestrian,16.1875,13,yaw,1.0,0.9231
scene-0103_005,1,Car,6.4258,79,yaw,1.0,0.8987
scene-0103_005,0,Pedestrian,16.1875,13,yaw,2.0,0.1538
scene-0103_005,1,Car,6.4258,79,yaw,2.0,0.7975
scene-0103_005,0,Pedestrian,16.1875,13,yaw,3.0,0.0
scene-0103_005,1,Car,6.4258,79,yaw,3.0,0.6835
scene-0103_005,0,Pedestrian,16.1875,13,pitch,0.0,1.0
scene-0103_005,1,Car,6.4258,79,pitch,0.0,1.0
scene-0103_005,0,Pedestrian,16.1875,13,pitch,0.5,1.0
scene-0103_005,1,Car,6.4258,79,pitch,0.5,1.0
scene-0103_005,0,Pedestrian,16.1875,13,pitch,1.0,1.0
scene-0103_005,1,Car,6.4258,79,pitch,1.0,1.0
scene-0103_005,0,Pedestrian,16.1875,13,pitch,2.0,1.0
scene-0103_005,1,Car,6.4258,79,pitch,2.0,0.9873
scene-0103_005,0,Pedestrian,16.1875,13,pitch,3.0,0.8462
scene-0103_005,1,Car,6.4258,79,pitch,3.0,0.9747
scene-0103_005,0,Pedestrian,16.1875,13,roll,0.0,1.0
scene-0103_005,1,Car,6.4258,79,roll,0.0,1.0
scene-0103_005,0,Pedestrian,16.1875,13,roll,0.5,1.0
scene-0103_005,1,Car,6.4258,79,roll,0.5,1.0
scene-0103_005,0,Pedestrian,16.1875,13,roll,1.0,0.8462
scene-0103_005,1,Car,6.4258,79,roll,1.0,1.0
scene-0103_005,0,Pedestrian,16.1875,13,roll,2.0,0.8462
scene-0103_005,1,Car,6.4258,79,roll,2.0,1.0
scene-0103_005,0,Pedestrian,16.1875,13,roll,3.0,0.4615
scene-0103_005,1,Car,6.4258,79,roll,3.0,1.0
scene-0103_005,0,Pedestrian,16.1875,13,lateral_t,0.0,1.0
scene-0103_005,1,Car,6.4258,79,lateral_t,0.0,1.0
scene-0103_005,0,Pedestrian,16.1875,13,lateral_t,0.02,1.0
scene-0103_005,1,Car,6.4258,79,lateral_t,0.02,1.0
scene-0103_005,0,Pedestrian,16.1875,13,lateral_t,0.05,1.0
scene-0103_005,1,Car,6.4258,79,lateral_t,0.05,1.0
scene-0103_005,0,Pedestrian,16.1875,13,lateral_t,0.1,1.0
scene-0103_005,1,Car,6.4258,79,lateral_t,0.1,1.0
scene-0103_006,0,Car,22.3666,19,yaw,0.0,1.0
scene-0103_006,1,Car,26.0976,14,yaw,0.0,1.0
scene-0103_006,0,Car,22.3666,19,yaw,0.5,0.9474
scene-0103_006,1,Car,26.0976,14,yaw,0.5,1.0
scene-0103_006,0,Car,22.3666,19,yaw,1.0,0.8947
scene-0103_006,1,Car,26.0976,14,yaw,1.0,1.0
scene-0103_006,0,Car,22.3666,19,yaw,2.0,0.7368
scene-0103_006,1,Car,26.0976,14,yaw,2.0,0.7857
scene-0103_006,0,Car,22.3666,19,yaw,3.0,0.5789
scene-0103_006,1,Car,26.0976,14,yaw,3.0,0.5714
scene-0103_006,0,Car,22.3666,19,pitch,0.0,1.0
scene-0103_006,1,Car,26.0976,14,pitch,0.0,1.0
scene-0103_006,0,Car,22.3666,19,pitch,0.5,1.0
scene-0103_006,1,Car,26.0976,14,pitch,0.5,1.0
scene-0103_006,0,Car,22.3666,19,pitch,1.0,1.0
scene-0103_006,1,Car,26.0976,14,pitch,1.0,1.0
scene-0103_006,0,Car,22.3666,19,pitch,2.0,1.0
scene-0103_006,1,Car,26.0976,14,pitch,2.0,1.0
scene-0103_006,0,Car,22.3666,19,pitch,3.0,1.0
scene-0103_006,1,Car,26.0976,14,pitch,3.0,1.0
scene-0103_006,0,Car,22.3666,19,roll,0.0,1.0
scene-0103_006,1,Car,26.0976,14,roll,0.0,1.0
scene-0103_006,0,Car,22.3666,19,roll,0.5,1.0
scene-0103_006,1,Car,26.0976,14,roll,0.5,1.0
scene-0103_006,0,Car,22.3666,19,roll,1.0,1.0
scene-0103_006,1,Car,26.0976,14,roll,1.0,1.0
scene-0103_006,0,Car,22.3666,19,roll,2.0,0.8947
scene-0103_006,1,Car,26.0976,14,roll,2.0,0.9286
scene-0103_006,0,Car,22.3666,19,roll,3.0,0.8947
scene-0103_006,1,Car,26.0976,14,roll,3.0,0.9286
scene-0103_006,0,Car,22.3666,19,lateral_t,0.0,1.0
scene-0103_006,1,Car,26.0976,14,lateral_t,0.0,1.0
scene-0103_006,0,Car,22.3666,19,lateral_t,0.02,1.0
scene-0103_006,1,Car,26.0976,14,lateral_t,0.02,1.0
scene-0103_006,0,Car,22.3666,19,lateral_t,0.05,1.0
scene-0103_006,1,Car,26.0976,14,lateral_t,0.05,1.0
scene-0103_006,0,Car,22.3666,19,lateral_t,0.1,1.0
scene-0103_006,1,Car,26.0976,14,lateral_t,0.1,1.0
scene-0103_007,0,Car,13.0831,101,yaw,0.0,1.0
scene-0103_007,1,Car,21.8459,11,yaw,0.0,1.0
scene-0103_007,0,Car,13.0831,101,yaw,0.5,1.0
scene-0103_007,1,Car,21.8459,11,yaw,0.5,1.0
scene-0103_007,0,Car,13.0831,101,yaw,1.0,0.9901
scene-0103_007,1,Car,21.8459,11,yaw,1.0,0.9091
scene-0103_007,0,Car,13.0831,101,yaw,2.0,0.9505
scene-0103_007,1,Car,21.8459,11,yaw,2.0,0.7273
scene-0103_007,0,Car,13.0831,101,yaw,3.0,0.901
scene-0103_007,1,Car,21.8459,11,yaw,3.0,0.7273
scene-0103_007,0,Car,13.0831,101,pitch,0.0,1.0
scene-0103_007,1,Car,21.8459,11,pitch,0.0,1.0
scene-0103_007,0,Car,13.0831,101,pitch,0.5,1.0
scene-0103_007,1,Car,21.8459,11,pitch,0.5,1.0
scene-0103_007,0,Car,13.0831,101,pitch,1.0,1.0
scene-0103_007,1,Car,21.8459,11,pitch,1.0,1.0
scene-0103_007,0,Car,13.0831,101,pitch,2.0,1.0
scene-0103_007,1,Car,21.8459,11,pitch,2.0,1.0
scene-0103_007,0,Car,13.0831,101,pitch,3.0,0.9604
scene-0103_007,1,Car,21.8459,11,pitch,3.0,0.4545
scene-0103_007,0,Car,13.0831,101,roll,0.0,1.0
scene-0103_007,1,Car,21.8459,11,roll,0.0,1.0
scene-0103_007,0,Car,13.0831,101,roll,0.5,1.0
scene-0103_007,1,Car,21.8459,11,roll,0.5,1.0
scene-0103_007,0,Car,13.0831,101,roll,1.0,0.9604
scene-0103_007,1,Car,21.8459,11,roll,1.0,0.4545
scene-0103_007,0,Car,13.0831,101,roll,2.0,0.9406
scene-0103_007,1,Car,21.8459,11,roll,2.0,0.4545
scene-0103_007,0,Car,13.0831,101,roll,3.0,0.9109
scene-0103_007,1,Car,21.8459,11,roll,3.0,0.4545
scene-0103_007,0,Car,13.0831,101,lateral_t,0.0,1.0
scene-0103_007,1,Car,21.8459,11,lateral_t,0.0,1.0
scene-0103_007,0,Car,13.0831,101,lateral_t,0.02,1.0
scene-0103_007,1,Car,21.8459,11,lateral_t,0.02,1.0
scene-0103_007,0,Car,13.0831,101,lateral_t,0.05,1.0
scene-0103_007,1,Car,21.8459,11,lateral_t,0.05,1.0
scene-0103_007,0,Car,13.0831,101,lateral_t,0.1,1.0
scene-0103_007,1,Car,21.8459,11,lateral_t,0.1,1.0
scene-0103_008,0,Car,4.8713,61,yaw,0.0,1.0
scene-0103_008,1,Car,17.7077,48,yaw,0.0,1.0
scene-0103_008,0,Car,4.8713,61,yaw,0.5,0.8525
scene-0103_008,1,Car,17.7077,48,yaw,0.5,1.0
scene-0103_008,0,Car,4.8713,61,yaw,1.0,0.6885
scene-0103_008,1,Car,17.7077,48,yaw,1.0,1.0
scene-0103_008,0,Car,4.8713,61,yaw,2.0,0.4262
scene-0103_008,1,Car,17.7077,48,yaw,2.0,0.8958
scene-0103_008,0,Car,4.8713,61,yaw,3.0,0.1475
scene-0103_008,1,Car,17.7077,48,yaw,3.0,0.7917
scene-0103_008,0,Car,4.8713,61,pitch,0.0,1.0
scene-0103_008,1,Car,17.7077,48,pitch,0.0,1.0
scene-0103_008,0,Car,4.8713,61,pitch,0.5,1.0
scene-0103_008,1,Car,17.7077,48,pitch,0.5,1.0
scene-0103_008,0,Car,4.8713,61,pitch,1.0,0.9344
scene-0103_008,1,Car,17.7077,48,pitch,1.0,1.0
scene-0103_008,0,Car,4.8713,61,pitch,2.0,0.918
scene-0103_008,1,Car,17.7077,48,pitch,2.0,1.0
scene-0103_008,0,Car,4.8713,61,pitch,3.0,0.9016
scene-0103_008,1,Car,17.7077,48,pitch,3.0,1.0
scene-0103_008,0,Car,4.8713,61,roll,0.0,1.0
scene-0103_008,1,Car,17.7077,48,roll,0.0,1.0
scene-0103_008,0,Car,4.8713,61,roll,0.5,1.0
scene-0103_008,1,Car,17.7077,48,roll,0.5,1.0
scene-0103_008,0,Car,4.8713,61,roll,1.0,1.0
scene-0103_008,1,Car,17.7077,48,roll,1.0,1.0
scene-0103_008,0,Car,4.8713,61,roll,2.0,1.0
scene-0103_008,1,Car,17.7077,48,roll,2.0,1.0
scene-0103_008,0,Car,4.8713,61,roll,3.0,1.0
scene-0103_008,1,Car,17.7077,48,roll,3.0,0.7917
scene-0103_008,0,Car,4.8713,61,lateral_t,0.0,1.0
scene-0103_008,1,Car,17.7077,48,lateral_t,0.0,1.0
scene-0103_008,0,Car,4.8713,61,lateral_t,0.02,1.0
scene-0103_008,1,Car,17.7077,48,lateral_t,0.02,1.0
scene-0103_008,0,Car,4.8713,61,lateral_t,0.05,1.0
scene-0103_008,1,Car,17.7077,48,lateral_t,0.05,1.0
scene-0103_008,0,Car,4.8713,61,lateral_t,0.1,0.9836
scene-0103_008,1,Car,17.7077,48,lateral_t,0.1,1.0
scene-0103_009,0,Car,29.1013,10,yaw,0.0,1.0
scene-0103_009,1,Car,13.7819,58,yaw,0.0,1.0
scene-0103_009,2,Car,27.4111,19,yaw,0.0,1.0
scene-0103_009,0,Car,29.1013,10,yaw,0.5,1.0
scene-0103_009,1,Car,13.7819,58,yaw,0.5,0.9138
scene-0103_009,2,Car,27.4111,19,yaw,0.5,1.0
scene-0103_009,0,Car,29.1013,10,yaw,1.0,1.0
scene-0103_009,1,Car,13.7819,58,yaw,1.0,0.8448
scene-0103_009,2,Car,27.4111,19,yaw,1.0,0.9474
scene-0103_009,0,Car,29.1013,10,yaw,2.0,0.9
scene-0103_009,1,Car,13.7819,58,yaw,2.0,0.6897
scene-0103_009,2,Car,27.4111,19,yaw,2.0,0.8421
scene-0103_009,0,Car,29.1013,10,yaw,3.0,0.9
scene-0103_009,1,Car,13.7819,58,yaw,3.0,0.5172
scene-0103_009,2,Car,27.4111,19,yaw,3.0,0.5789
scene-0103_009,0,Car,29.1013,10,pitch,0.0,1.0
scene-0103_009,1,Car,13.7819,58,pitch,0.0,1.0
scene-0103_009,2,Car,27.4111,19,pitch,0.0,1.0
scene-0103_009,0,Car,29.1013,10,pitch,0.5,1.0
scene-0103_009,1,Car,13.7819,58,pitch,0.5,1.0
scene-0103_009,2,Car,27.4111,19,pitch,0.5,1.0
scene-0103_009,0,Car,29.1013,10,pitch,1.0,1.0
scene-0103_009,1,Car,13.7819,58,pitch,1.0,1.0
scene-0103_009,2,Car,27.4111,19,pitch,1.0,1.0
scene-0103_009,0,Car,29.1013,10,pitch,2.0,1.0
scene-0103_009,1,Car,13.7819,58,pitch,2.0,1.0
scene-0103_009,2,Car,27.4111,19,pitch,2.0,1.0
scene-0103_009,0,Car,29.1013,10,pitch,3.0,0.8
scene-0103_009,1,Car,13.7819,58,pitch,3.0,1.0
scene-0103_009,2,Car,27.4111,19,pitch,3.0,1.0
scene-0103_009,0,Car,29.1013,10,roll,0.0,1.0
scene-0103_009,1,Car,13.7819,58,roll,0.0,1.0
scene-0103_009,2,Car,27.4111,19,roll,0.0,1.0
scene-0103_009,0,Car,29.1013,10,roll,0.5,1.0
scene-0103_009,1,Car,13.7819,58,roll,0.5,1.0
scene-0103_009,2,Car,27.4111,19,roll,0.5,1.0
scene-0103_009,0,Car,29.1013,10,roll,1.0,0.8
scene-0103_009,1,Car,13.7819,58,roll,1.0,1.0
scene-0103_009,2,Car,27.4111,19,roll,1.0,1.0
scene-0103_009,0,Car,29.1013,10,roll,2.0,0.8
scene-0103_009,1,Car,13.7819,58,roll,2.0,1.0
scene-0103_009,2,Car,27.4111,19,roll,2.0,0.6316
scene-0103_009,0,Car,29.1013,10,roll,3.0,0.0
scene-0103_009,1,Car,13.7819,58,roll,3.0,0.931
scene-0103_009,2,Car,27.4111,19,roll,3.0,0.3158
scene-0103_009,0,Car,29.1013,10,lateral_t,0.0,1.0
scene-0103_009,1,Car,13.7819,58,lateral_t,0.0,1.0
scene-0103_009,2,Car,27.4111,19,lateral_t,0.0,1.0
scene-0103_009,0,Car,29.1013,10,lateral_t,0.02,1.0
scene-0103_009,1,Car,13.7819,58,lateral_t,0.02,1.0
scene-0103_009,2,Car,27.4111,19,lateral_t,0.02,1.0
scene-0103_009,0,Car,29.1013,10,lateral_t,0.05,1.0
scene-0103_009,1,Car,13.7819,58,lateral_t,0.05,1.0
scene-0103_009,2,Car,27.4111,19,lateral_t,0.05,1.0
scene-0103_009,0,Car,29.1013,10,lateral_t,0.1,1.0
scene-0103_009,1,Car,13.7819,58,lateral_t,0.1,1.0
scene-0103_009,2,Car,27.4111,19,lateral_t,0.1,1.0
scene-0103_010,0,Car,24.9144,38,yaw,0.0,1.0
scene-0103_010,1,Car,26.4314,15,yaw,0.0,1.0
scene-0103_010,2,Car,23.063,25,yaw,0.0,1.0
scene-0103_010,0,Car,24.9144,38,yaw,0.5,1.0
scene-0103_010,1,Car,26.4314,15,yaw,0.5,0.9333
scene-0103_010,2,Car,23.063,25,yaw,0.5,1.0
scene-0103_010,0,Car,24.9144,38,yaw,1.0,1.0
scene-0103_010,1,Car,26.4314,15,yaw,1.0,0.8
scene-0103_010,2,Car,23.063,25,yaw,1.0,0.96
scene-0103_010,0,Car,24.9144,38,yaw,2.0,0.9737
scene-0103_010,1,Car,26.4314,15,yaw,2.0,0.4667
scene-0103_010,2,Car,23.063,25,yaw,2.0,0.88
scene-0103_010,0,Car,24.9144,38,yaw,3.0,0.8947
scene-0103_010,1,Car,26.4314,15,yaw,3.0,0.2667
scene-0103_010,2,Car,23.063,25,yaw,3.0,0.76
scene-0103_010,0,Car,24.9144,38,pitch,0.0,1.0
scene-0103_010,1,Car,26.4314,15,pitch,0.0,1.0
scene-0103_010,2,Car,23.063,25,pitch,0.0,1.0
scene-0103_010,0,Car,24.9144,38,pitch,0.5,1.0
scene-0103_010,1,Car,26.4314,15,pitch,0.5,1.0
scene-0103_010,2,Car,23.063,25,pitch,0.5,1.0
scene-0103_010,0,Car,24.9144,38,pitch,1.0,1.0
scene-0103_010,1,Car,26.4314,15,pitch,1.0,1.0
scene-0103_010,2,Car,23.063,25,pitch,1.0,1.0
scene-0103_010,0,Car,24.9144,38,pitch,2.0,1.0
scene-0103_010,1,Car,26.4314,15,pitch,2.0,1.0
scene-0103_010,2,Car,23.063,25,pitch,2.0,1.0
scene-0103_010,0,Car,24.9144,38,pitch,3.0,1.0
scene-0103_010,1,Car,26.4314,15,pitch,3.0,0.8667
scene-0103_010,2,Car,23.063,25,pitch,3.0,1.0
scene-0103_010,0,Car,24.9144,38,roll,0.0,1.0
scene-0103_010,1,Car,26.4314,15,roll,0.0,1.0
scene-0103_010,2,Car,23.063,25,roll,0.0,1.0
scene-0103_010,0,Car,24.9144,38,roll,0.5,1.0
scene-0103_010,1,Car,26.4314,15,roll,0.5,1.0
scene-0103_010,2,Car,23.063,25,roll,0.5,1.0
scene-0103_010,0,Car,24.9144,38,roll,1.0,1.0
scene-0103_010,1,Car,26.4314,15,roll,1.0,1.0
scene-0103_010,2,Car,23.063,25,roll,1.0,1.0
scene-0103_010,0,Car,24.9144,38,roll,2.0,0.8158
scene-0103_010,1,Car,26.4314,15,roll,2.0,0.8667
scene-0103_010,2,Car,23.063,25,roll,2.0,1.0
scene-0103_010,0,Car,24.9144,38,roll,3.0,0.5789
scene-0103_010,1,Car,26.4314,15,roll,3.0,0.8667
scene-0103_010,2,Car,23.063,25,roll,3.0,0.56
scene-0103_010,0,Car,24.9144,38,lateral_t,0.0,1.0
scene-0103_010,1,Car,26.4314,15,lateral_t,0.0,1.0
scene-0103_010,2,Car,23.063,25,lateral_t,0.0,1.0
scene-0103_010,0,Car,24.9144,38,lateral_t,0.02,1.0
scene-0103_010,1,Car,26.4314,15,lateral_t,0.02,1.0
scene-0103_010,2,Car,23.063,25,lateral_t,0.02,1.0
scene-0103_010,0,Car,24.9144,38,lateral_t,0.05,1.0
scene-0103_010,1,Car,26.4314,15,lateral_t,0.05,1.0
scene-0103_010,2,Car,23.063,25,lateral_t,0.05,1.0
scene-0103_010,0,Car,24.9144,38,lateral_t,0.1,1.0
scene-0103_010,1,Car,26.4314,15,lateral_t,0.1,1.0
scene-0103_010,2,Car,23.063,25,lateral_t,0.1,1.0
scene-0103_011,0,Car,21.1733,45,yaw,0.0,1.0
scene-0103_011,1,Car,19.2568,34,yaw,0.0,1.0
scene-0103_011,2,Pedestrian,17.8314,12,yaw,0.0,1.0
scene-0103_011,0,Car,21.1733,45,yaw,0.5,1.0
scene-0103_011,1,Car,19.2568,34,yaw,0.5,1.0
scene-0103_011,2,Pedestrian,17.8314,12,yaw,0.5,1.0
scene-0103_011,0,Car,21.1733,45,yaw,1.0,1.0
scene-0103_011,1,Car,19.2568,34,yaw,1.0,1.0
scene-0103_011,2,Pedestrian,17.8314,12,yaw,1.0,0.6667
scene-0103_011,0,Car,21.1733,45,yaw,2.0,1.0
scene-0103_011,1,Car,19.2568,34,yaw,2.0,0.8824
scene-0103_011,2,Pedestrian,17.8314,12,yaw,2.0,0.0833
scene-0103_011,0,Car,21.1733,45,yaw,3.0,0.9333
scene-0103_011,1,Car,19.2568,34,yaw,3.0,0.7059
scene-0103_011,2,Pedestrian,17.8314,12,yaw,3.0,0.0
scene-0103_011,0,Car,21.1733,45,pitch,0.0,1.0
scene-0103_011,1,Car,19.2568,34,pitch,0.0,1.0
scene-0103_011,2,Pedestrian,17.8314,12,pitch,0.0,1.0
scene-0103_011,0,Car,21.1733,45,pitch,0.5,1.0
scene-0103_011,1,Car,19.2568,34,pitch,0.5,1.0
scene-0103_011,2,Pedestrian,17.8314,12,pitch,0.5,0.9167
scene-0103_011,0,Car,21.1733,45,pitch,1.0,1.0
scene-0103_011,1,Car,19.2568,34,pitch,1.0,1.0
scene-0103_011,2,Pedestrian,17.8314,12,pitch,1.0,0.9167
scene-0103_011,0,Car,21.1733,45,pitch,2.0,1.0
scene-0103_011,1,Car,19.2568,34,pitch,2.0,1.0
scene-0103_011,2,Pedestrian,17.8314,12,pitch,2.0,0.6667
scene-0103_011,0,Car,21.1733,45,pitch,3.0,1.0
scene-0103_011,1,Car,19.2568,34,pitch,3.0,1.0
scene-0103_011,2,Pedestrian,17.8314,12,pitch,3.0,0.6667
scene-0103_011,0,Car,21.1733,45,roll,0.0,1.0
scene-0103_011,1,Car,19.2568,34,roll,0.0,1.0
scene-0103_011,2,Pedestrian,17.8314,12,roll,0.0,1.0
scene-0103_011,0,Car,21.1733,45,roll,0.5,1.0
scene-0103_011,1,Car,19.2568,34,roll,0.5,1.0
scene-0103_011,2,Pedestrian,17.8314,12,roll,0.5,1.0
scene-0103_011,0,Car,21.1733,45,roll,1.0,1.0
scene-0103_011,1,Car,19.2568,34,roll,1.0,1.0
scene-0103_011,2,Pedestrian,17.8314,12,roll,1.0,1.0
scene-0103_011,0,Car,21.1733,45,roll,2.0,0.9333
scene-0103_011,1,Car,19.2568,34,roll,2.0,0.9412
scene-0103_011,2,Pedestrian,17.8314,12,roll,2.0,0.9167
scene-0103_011,0,Car,21.1733,45,roll,3.0,0.9333
scene-0103_011,1,Car,19.2568,34,roll,3.0,0.5
scene-0103_011,2,Pedestrian,17.8314,12,roll,3.0,0.5
scene-0103_011,0,Car,21.1733,45,lateral_t,0.0,1.0
scene-0103_011,1,Car,19.2568,34,lateral_t,0.0,1.0
scene-0103_011,2,Pedestrian,17.8314,12,lateral_t,0.0,1.0
scene-0103_011,0,Car,21.1733,45,lateral_t,0.02,1.0
scene-0103_011,1,Car,19.2568,34,lateral_t,0.02,1.0
scene-0103_011,2,Pedestrian,17.8314,12,lateral_t,0.02,0.9167
scene-0103_011,0,Car,21.1733,45,lateral_t,0.05,1.0
scene-0103_011,1,Car,19.2568,34,lateral_t,0.05,1.0
scene-0103_011,2,Pedestrian,17.8314,12,lateral_t,0.05,0.9167
scene-0103_011,0,Car,21.1733,45,lateral_t,0.1,1.0
scene-0103_011,1,Car,19.2568,34,lateral_t,0.1,1.0
scene-0103_011,2,Pedestrian,17.8314,12,lateral_t,0.1,0.8333
scene-0103_012,0,Car,18.1333,47,yaw,0.0,1.0
scene-0103_012,1,Car,16.0917,61,yaw,0.0,1.0
scene-0103_012,2,Car,27.0375,11,yaw,0.0,1.0
scene-0103_012,0,Car,18.1333,47,yaw,0.5,1.0
scene-0103_012,1,Car,16.0917,61,yaw,0.5,1.0
scene-0103_012,2,Car,27.0375,11,yaw,0.5,1.0
scene-0103_012,0,Car,18.1333,47,yaw,1.0,1.0
scene-0103_012,1,Car,16.0917,61,yaw,1.0,0.9836
scene-0103_012,2,Car,27.0375,11,yaw,1.0,0.8182
scene-0103_012,0,Car,18.1333,47,yaw,2.0,1.0
scene-0103_012,1,Car,16.0917,61,yaw,2.0,0.8852
scene-0103_012,2,Car,27.0375,11,yaw,2.0,0.7273
scene-0103_012,0,Car,18.1333,47,yaw,3.0,0.9574
scene-0103_012,1,Car,16.0917,61,yaw,3.0,0.7869
scene-0103_012,2,Car,27.0375,11,yaw,3.0,0.4545
scene-0103_012,0,Car,18.1333,47,pitch,0.0,1.0
scene-0103_012,1,Car,16.0917,61,pitch,0.0,1.0
scene-0103_012,2,Car,27.0375,11,pitch,0.0,1.0
scene-0103_012,0,Car,18.1333,47,pitch,0.5,1.0
scene-0103_012,1,Car,16.0917,61,pitch,0.5,1.0
scene-0103_012,2,Car,27.0375,11,pitch,0.5,1.0
scene-0103_012,0,Car,18.1333,47,pitch,1.0,1.0
scene-0103_012,1,Car,16.0917,61,pitch,1.0,1.0
scene-0103_012,2,Car,27.0375,11,pitch,1.0,1.0
scene-0103_012,0,Car,18.1333,47,pitch,2.0,1.0
scene-0103_012,1,Car,16.0917,61,pitch,2.0,1.0
scene-0103_012,2,Car,27.0375,11,pitch,2.0,1.0
scene-0103_012,0,Car,18.1333,47,pitch,3.0,0.8936
scene-0103_012,1,Car,16.0917,61,pitch,3.0,1.0
scene-0103_012,2,Car,27.0375,11,pitch,3.0,1.0
scene-0103_012,0,Car,18.1333,47,roll,0.0,1.0
scene-0103_012,1,Car,16.0917,61,roll,0.0,1.0
scene-0103_012,2,Car,27.0375,11,roll,0.0,1.0
scene-0103_012,0,Car,18.1333,47,roll,0.5,1.0
scene-0103_012,1,Car,16.0917,61,roll,0.5,1.0
scene-0103_012,2,Car,27.0375,11,roll,0.5,1.0
scene-0103_012,0,Car,18.1333,47,roll,1.0,1.0
scene-0103_012,1,Car,16.0917,61,roll,1.0,0.8852
scene-0103_012,2,Car,27.0375,11,roll,1.0,1.0
scene-0103_012,0,Car,18.1333,47,roll,2.0,0.8085
scene-0103_012,1,Car,16.0917,61,roll,2.0,0.8852
scene-0103_012,2,Car,27.0375,11,roll,2.0,0.9091
scene-0103_012,0,Car,18.1333,47,roll,3.0,0.7234
scene-0103_012,1,Car,16.0917,61,roll,3.0,0.7869
scene-0103_012,2,Car,27.0375,11,roll,3.0,0.0
scene-0103_012,0,Car,18.1333,47,lateral_t,0.0,1.0
scene-0103_012,1,Car,16.0917,61,lateral_t,0.0,1.0
scene-0103_012,2,Car,27.0375,11,lateral_t,0.0,1.0
scene-0103_012,0,Car,18.1333,47,lateral_t,0.02,1.0
scene-0103_012,1,Car,16.0917,61,lateral_t,0.02,1.0
scene-0103_012,2,Car,27.0375,11,lateral_t,0.02,1.0
scene-0103_012,0,Car,18.1333,47,lateral_t,0.05,1.0
scene-0103_012,1,Car,16.0917,61,lateral_t,0.05,1.0
scene-0103_012,2,Car,27.0375,11,lateral_t,0.05,1.0
scene-0103_012,0,Car,18.1333,47,lateral_t,0.1,1.0
scene-0103_012,1,Car,16.0917,61,lateral_t,0.1,1.0
scene-0103_012,2,Car,27.0375,11,lateral_t,0.1,1.0
scene-0103_013,0,Car,16.2262,71,yaw,0.0,1.0
scene-0103_013,1,Car,14.0952,89,yaw,0.0,1.0
scene-0103_013,2,Car,24.9503,16,yaw,0.0,1.0
scene-0103_013,0,Car,16.2262,71,yaw,0.5,1.0
scene-0103_013,1,Car,14.0952,89,yaw,0.5,1.0
scene-0103_013,2,Car,24.9503,16,yaw,0.5,1.0
scene-0103_013,0,Car,16.2262,71,yaw,1.0,1.0
scene-0103_013,1,Car,14.0952,89,yaw,1.0,1.0
scene-0103_013,2,Car,24.9503,16,yaw,1.0,0.9375
scene-0103_013,0,Car,16.2262,71,yaw,2.0,0.9859
scene-0103_013,1,Car,14.0952,89,yaw,2.0,0.9551
scene-0103_013,2,Car,24.9503,16,yaw,2.0,0.75
scene-0103_013,0,Car,16.2262,71,yaw,3.0,0.9577
scene-0103_013,1,Car,14.0952,89,yaw,3.0,0.8876
scene-0103_013,2,Car,24.9503,16,yaw,3.0,0.5
scene-0103_013,0,Car,16.2262,71,pitch,0.0,1.0
scene-0103_013,1,Car,14.0952,89,pitch,0.0,1.0
scene-0103_013,2,Car,24.9503,16,pitch,0.0,1.0
scene-0103_013,0,Car,16.2262,71,pitch,0.5,1.0
scene-0103_013,1,Car,14.0952,89,pitch,0.5,1.0
scene-0103_013,2,Car,24.9503,16,pitch,0.5,1.0
scene-0103_013,0,Car,16.2262,71,pitch,1.0,1.0
scene-0103_013,1,Car,14.0952,89,pitch,1.0,1.0
scene-0103_013,2,Car,24.9503,16,pitch,1.0,1.0
scene-0103_013,0,Car,16.2262,71,pitch,2.0,1.0
scene-0103_013,1,Car,14.0952,89,pitch,2.0,1.0
scene-0103_013,2,Car,24.9503,16,pitch,2.0,1.0
scene-0103_013,0,Car,16.2262,71,pitch,3.0,0.9718
scene-0103_013,1,Car,14.0952,89,pitch,3.0,1.0
scene-0103_013,2,Car,24.9503,16,pitch,3.0,1.0
scene-0103_013,0,Car,16.2262,71,roll,0.0,1.0
scene-0103_013,1,Car,14.0952,89,roll,0.0,1.0
scene-0103_013,2,Car,24.9503,16,roll,0.0,1.0
scene-0103_013,0,Car,16.2262,71,roll,0.5,1.0
scene-0103_013,1,Car,14.0952,89,roll,0.5,1.0
scene-0103_013,2,Car,24.9503,16,roll,0.5,1.0
scene-0103_013,0,Car,16.2262,71,roll,1.0,1.0
scene-0103_013,1,Car,14.0952,89,roll,1.0,1.0
scene-0103_013,2,Car,24.9503,16,roll,1.0,1.0
scene-0103_013,0,Car,16.2262,71,roll,2.0,0.9577
scene-0103_013,1,Car,14.0952,89,roll,2.0,0.9663
scene-0103_013,2,Car,24.9503,16,roll,2.0,0.875
scene-0103_013,0,Car,16.2262,71,roll,3.0,0.7887
scene-0103_013,1,Car,14.0952,89,roll,3.0,0.9326
scene-0103_013,2,Car,24.9503,16,roll,3.0,0.0
scene-0103_013,0,Car,16.2262,71,lateral_t,0.0,1.0
scene-0103_013,1,Car,14.0952,89,lateral_t,0.0,1.0
scene-0103_013,2,Car,24.9503,16,lateral_t,0.0,1.0
scene-0103_013,0,Car,16.2262,71,lateral_t,0.02,1.0
scene-0103_013,1,Car,14.0952,89,lateral_t,0.02,1.0
scene-0103_013,2,Car,24.9503,16,lateral_t,0.02,1.0
scene-0103_013,0,Car,16.2262,71,lateral_t,0.05,1.0
scene-0103_013,1,Car,14.0952,89,lateral_t,0.05,1.0
scene-0103_013,2,Car,24.9503,16,lateral_t,0.05,1.0
scene-0103_013,0,Car,16.2262,71,lateral_t,0.1,1.0
scene-0103_013,1,Car,14.0952,89,lateral_t,0.1,1.0
scene-0103_013,2,Car,24.9503,16,lateral_t,0.1,1.0
scene-0103_014,0,Car,14.3624,130,yaw,0.0,1.0
scene-0103_014,1,Car,12.1866,131,yaw,0.0,1.0
scene-0103_014,2,Car,22.9275,26,yaw,0.0,1.0
scene-0103_014,0,Car,14.3624,130,yaw,0.5,1.0
scene-0103_014,1,Car,12.1866,131,yaw,0.5,1.0
scene-0103_014,2,Car,22.9275,26,yaw,0.5,1.0
scene-0103_014,0,Car,14.3624,130,yaw,1.0,0.9846
scene-0103_014,1,Car,12.1866,131,yaw,1.0,0.9924
scene-0103_014,2,Car,22.9275,26,yaw,1.0,0.9231
scene-0103_014,0,Car,14.3624,130,yaw,2.0,0.9538
scene-0103_014,1,Car,12.1866,131,yaw,2.0,0.9542
scene-0103_014,2,Car,22.9275,26,yaw,2.0,0.6923
scene-0103_014,0,Car,14.3624,130,yaw,3.0,0.9308
scene-0103_014,1,Car,12.1866,131,yaw,3.0,0.9084
scene-0103_014,2,Car,22.9275,26,yaw,3.0,0.4615
scene-0103_014,0,Car,14.3624,130,pitch,0.0,1.0
scene-0103_014,1,Car,12.1866,131,pitch,0.0,1.0
scene-0103_014,2,Car,22.9275,26,pitch,0.0,1.0
scene-0103_014,0,Car,14.3624,130,pitch,0.5,1.0
scene-0103_014,1,Car,12.1866,131,pitch,0.5,1.0
scene-0103_014,2,Car,22.9275,26,pitch,0.5,1.0
scene-0103_014,0,Car,14.3624,130,pitch,1.0,1.0
scene-0103_014,1,Car,12.1866,131,pitch,1.0,1.0
scene-0103_014,2,Car,22.9275,26,pitch,1.0,1.0
scene-0103_014,0,Car,14.3624,130,pitch,2.0,1.0
scene-0103_014,1,Car,12.1866,131,pitch,2.0,1.0
scene-0103_014,2,Car,22.9275,26,pitch,2.0,1.0
scene-0103_014,0,Car,14.3624,130,pitch,3.0,0.9154
scene-0103_014,1,Car,12.1866,131,pitch,3.0,0.9618
scene-0103_014,2,Car,22.9275,26,pitch,3.0,1.0
scene-0103_014,0,Car,14.3624,130,roll,0.0,1.0
scene-0103_014,1,Car,12.1866,131,roll,0.0,1.0
scene-0103_014,2,Car,22.9275,26,roll,0.0,1.0
scene-0103_014,0,Car,14.3624,130,roll,0.5,1.0
scene-0103_014,1,Car,12.1866,131,roll,0.5,1.0
scene-0103_014,2,Car,22.9275,26,roll,0.5,1.0
scene-0103_014,0,Car,14.3624,130,roll,1.0,1.0
scene-0103_014,1,Car,12.1866,131,roll,1.0,1.0
scene-0103_014,2,Car,22.9275,26,roll,1.0,1.0
scene-0103_014,0,Car,14.3624,130,roll,2.0,0.8615
scene-0103_014,1,Car,12.1866,131,roll,2.0,0.9771
scene-0103_014,2,Car,22.9275,26,roll,2.0,0.9615
scene-0103_014,0,Car,14.3624,130,roll,3.0,0.7231
scene-0103_014,1,Car,12.1866,131,roll,3.0,0.9618
scene-0103_014,2,Car,22.9275,26,roll,3.0,0.4615
scene-0103_014,0,Car,14.3624,130,lateral_t,0.0,1.0
scene-0103_014,1,Car,12.1866,131,lateral_t,0.0,1.0
scene-0103_014,2,Car,22.9275,26,lateral_t,0.0,1.0
scene-0103_014,0,Car,14.3624,130,lateral_t,0.02,1.0
scene-0103_014,1,Car,12.1866,131,lateral_t,0.02,1.0
scene-0103_014,2,Car,22.9275,26,lateral_t,0.02,1.0
scene-0103_014,0,Car,14.3624,130,lateral_t,0.05,1.0
scene-0103_014,1,Car,12.1866,131,lateral_t,0.05,1.0
scene-0103_014,2,Car,22.9275,26,lateral_t,0.05,1.0
scene-0103_014,0,Car,14.3624,130,lateral_t,0.1,1.0
scene-0103_014,1,Car,12.1866,131,lateral_t,0.1,1.0
scene-0103_014,2,Car,22.9275,26,lateral_t,0.1,1.0
scene-0103_015,0,Car,13.0894,157,yaw,0.0,1.0
scene-0103_015,1,Car,10.822,162,yaw,0.0,1.0
scene-0103_015,2,Car,21.5079,23,yaw,0.0,1.0
scene-0103_015,0,Car,13.0894,157,yaw,0.5,1.0
scene-0103_015,1,Car,10.822,162,yaw,0.5,1.0
scene-0103_015,2,Car,21.5079,23,yaw,0.5,1.0
scene-0103_015,0,Car,13.0894,157,yaw,1.0,1.0
scene-0103_015,1,Car,10.822,162,yaw,1.0,1.0
scene-0103_015,2,Car,21.5079,23,yaw,1.0,1.0
scene-0103_015,0,Car,13.0894,157,yaw,2.0,0.9809
scene-0103_015,1,Car,10.822,162,yaw,2.0,0.963
scene-0103_015,2,Car,21.5079,23,yaw,2.0,0.8696
scene-0103_015,0,Car,13.0894,157,yaw,3.0,0.949
scene-0103_015,1,Car,10.822,162,yaw,3.0,0.9259
scene-0103_015,2,Car,21.5079,23,yaw,3.0,0.7391
scene-0103_015,0,Car,13.0894,157,pitch,0.0,1.0
scene-0103_015,1,Car,10.822,162,pitch,0.0,1.0
scene-0103_015,2,Car,21.5079,23,pitch,0.0,1.0
scene-0103_015,0,Car,13.0894,157,pitch,0.5,1.0
scene-0103_015,1,Car,10.822,162,pitch,0.5,1.0
scene-0103_015,2,Car,21.5079,23,pitch,0.5,1.0
scene-0103_015,0,Car,13.0894,157,pitch,1.0,1.0
scene-0103_015,1,Car,10.822,162,pitch,1.0,1.0
scene-0103_015,2,Car,21.5079,23,pitch,1.0,1.0
scene-0103_015,0,Car,13.0894,157,pitch,2.0,1.0
scene-0103_015,1,Car,10.822,162,pitch,2.0,1.0
scene-0103_015,2,Car,21.5079,23,pitch,2.0,1.0
scene-0103_015,0,Car,13.0894,157,pitch,3.0,0.9618
scene-0103_015,1,Car,10.822,162,pitch,3.0,1.0
scene-0103_015,2,Car,21.5079,23,pitch,3.0,1.0
scene-0103_015,0,Car,13.0894,157,roll,0.0,1.0
scene-0103_015,1,Car,10.822,162,roll,0.0,1.0
scene-0103_015,2,Car,21.5079,23,roll,0.0,1.0
scene-0103_015,0,Car,13.0894,157,roll,0.5,1.0
scene-0103_015,1,Car,10.822,162,roll,0.5,1.0
scene-0103_015,2,Car,21.5079,23,roll,0.5,1.0
scene-0103_015,0,Car,13.0894,157,roll,1.0,1.0
scene-0103_015,1,Car,10.822,162,roll,1.0,1.0
scene-0103_015,2,Car,21.5079,23,roll,1.0,1.0
scene-0103_015,0,Car,13.0894,157,roll,2.0,0.8981
scene-0103_015,1,Car,10.822,162,roll,2.0,0.8642
scene-0103_015,2,Car,21.5079,23,roll,2.0,0.9565
scene-0103_015,0,Car,13.0894,157,roll,3.0,0.8089
scene-0103_015,1,Car,10.822,162,roll,3.0,0.8333
scene-0103_015,2,Car,21.5079,23,roll,3.0,0.3043
scene-0103_015,0,Car,13.0894,157,lateral_t,0.0,1.0
scene-0103_015,1,Car,10.822,162,lateral_t,0.0,1.0
scene-0103_015,2,Car,21.5079,23,lateral_t,0.0,1.0
scene-0103_015,0,Car,13.0894,157,lateral_t,0.02,1.0
scene-0103_015,1,Car,10.822,162,lateral_t,0.02,0.9877
scene-0103_015,2,Car,21.5079,23,lateral_t,0.02,1.0
scene-0103_015,0,Car,13.0894,157,lateral_t,0.05,1.0
scene-0103_015,1,Car,10.822,162,lateral_t,0.05,0.9815
scene-0103_015,2,Car,21.5079,23,lateral_t,0.05,1.0
scene-0103_015,0,Car,13.0894,157,lateral_t,0.1,1.0
scene-0103_015,1,Car,10.822,162,lateral_t,0.1,0.9506
scene-0103_015,2,Car,21.5079,23,lateral_t,0.1,1.0
scene-0103_016,0,Car,12.6819,146,yaw,0.0,1.0
scene-0103_016,1,Car,9.921,160,yaw,0.0,1.0
scene-0103_016,0,Car,12.6819,146,yaw,0.5,0.9932
scene-0103_016,1,Car,9.921,160,yaw,0.5,1.0
scene-0103_016,0,Car,12.6819,146,yaw,1.0,0.9863
scene-0103_016,1,Car,9.921,160,yaw,1.0,1.0
scene-0103_016,0,Car,12.6819,146,yaw,2.0,0.9589
scene-0103_016,1,Car,9.921,160,yaw,2.0,0.95
scene-0103_016,0,Car,12.6819,146,yaw,3.0,0.9178
scene-0103_016,1,Car,9.921,160,yaw,3.0,0.8938
scene-0103_016,0,Car,12.6819,146,pitch,0.0,1.0
scene-0103_016,1,Car,9.921,160,pitch,0.0,1.0
scene-0103_016,0,Car,12.6819,146,pitch,0.5,1.0
scene-0103_016,1,Car,9.921,160,pitch,0.5,1.0
scene-0103_016,0,Car,12.6819,146,pitch,1.0,1.0
scene-0103_016,1,Car,9.921,160,pitch,1.0,1.0
scene-0103_016,0,Car,12.6819,146,pitch,2.0,1.0
scene-0103_016,1,Car,9.921,160,pitch,2.0,1.0
scene-0103_016,0,Car,12.6819,146,pitch,3.0,0.9452
scene-0103_016,1,Car,9.921,160,pitch,3.0,1.0
scene-0103_016,0,Car,12.6819,146,roll,0.0,1.0
scene-0103_016,1,Car,9.921,160,roll,0.0,1.0
scene-0103_016,0,Car,12.6819,146,roll,0.5,1.0
scene-0103_016,1,Car,9.921,160,roll,0.5,1.0
scene-0103_016,0,Car,12.6819,146,roll,1.0,0.9658
scene-0103_016,1,Car,9.921,160,roll,1.0,0.9938
scene-0103_016,0,Car,12.6819,146,roll,2.0,0.8562
scene-0103_016,1,Car,9.921,160,roll,2.0,0.9125
scene-0103_016,0,Car,12.6819,146,roll,3.0,0.726
scene-0103_016,1,Car,9.921,160,roll,3.0,0.8375
scene-0103_016,0,Car,12.6819,146,lateral_t,0.0,1.0
scene-0103_016,1,Car,9.921,160,lateral_t,0.0,1.0
scene-0103_016,0,Car,12.6819,146,lateral_t,0.02,1.0
scene-0103_016,1,Car,9.921,160,lateral_t,0.02,0.9875
scene-0103_016,0,Car,12.6819,146,lateral_t,0.05,1.0
scene-0103_016,1,Car,9.921,160,lateral_t,0.05,0.9812
scene-0103_016,0,Car,12.6819,146,lateral_t,0.1,1.0
scene-0103_016,1,Car,9.921,160,lateral_t,0.1,0.9562
scene-0103_017,0,Car,12.8984,113,yaw,0.0,1.0
scene-0103_017,1,Car,23.7944,27,yaw,0.0,1.0
scene-0103_017,2,Car,9.2033,140,yaw,0.0,1.0
scene-0103_017,0,Car,12.8984,113,yaw,0.5,1.0
scene-0103_017,1,Car,23.7944,27,yaw,0.5,1.0
scene-0103_017,2,Car,9.2033,140,yaw,0.5,1.0
scene-0103_017,0,Car,12.8984,113,yaw,1.0,1.0
scene-0103_017,1,Car,23.7944,27,yaw,1.0,0.963
scene-0103_017,2,Car,9.2033,140,yaw,1.0,1.0
scene-0103_017,0,Car,12.8984,113,yaw,2.0,0.9735
scene-0103_017,1,Car,23.7944,27,yaw,2.0,0.7778
scene-0103_017,2,Car,9.2033,140,yaw,2.0,0.9571
scene-0103_017,0,Car,12.8984,113,yaw,3.0,0.9558
scene-0103_017,1,Car,23.7944,27,yaw,3.0,0.5556
scene-0103_017,2,Car,9.2033,140,yaw,3.0,0.9
scene-0103_017,0,Car,12.8984,113,pitch,0.0,1.0
scene-0103_017,1,Car,23.7944,27,pitch,0.0,1.0
scene-0103_017,2,Car,9.2033,140,pitch,0.0,1.0
scene-0103_017,0,Car,12.8984,113,pitch,0.5,1.0
scene-0103_017,1,Car,23.7944,27,pitch,0.5,1.0
scene-0103_017,2,Car,9.2033,140,pitch,0.5,1.0
scene-0103_017,0,Car,12.8984,113,pitch,1.0,1.0
scene-0103_017,1,Car,23.7944,27,pitch,1.0,1.0
scene-0103_017,2,Car,9.2033,140,pitch,1.0,1.0
scene-0103_017,0,Car,12.8984,113,pitch,2.0,1.0
scene-0103_017,1,Car,23.7944,27,pitch,2.0,1.0
scene-0103_017,2,Car,9.2033,140,pitch,2.0,1.0
scene-0103_017,0,Car,12.8984,113,pitch,3.0,1.0
scene-0103_017,1,Car,23.7944,27,pitch,3.0,1.0
scene-0103_017,2,Car,9.2033,140,pitch,3.0,1.0
scene-0103_017,0,Car,12.8984,113,roll,0.0,1.0
scene-0103_017,1,Car,23.7944,27,roll,0.0,1.0
scene-0103_017,2,Car,9.2033,140,roll,0.0,1.0
scene-0103_017,0,Car,12.8984,113,roll,0.5,1.0
scene-0103_017,1,Car,23.7944,27,roll,0.5,1.0
scene-0103_017,2,Car,9.2033,140,roll,0.5,1.0
scene-0103_017,0,Car,12.8984,113,roll,1.0,0.7876
scene-0103_017,1,Car,23.7944,27,roll,1.0,1.0
scene-0103_017,2,Car,9.2033,140,roll,1.0,1.0
scene-0103_017,0,Car,12.8984,113,roll,2.0,0.7876
scene-0103_017,1,Car,23.7944,27,roll,2.0,0.963
scene-0103_017,2,Car,9.2033,140,roll,2.0,0.9286
scene-0103_017,0,Car,12.8984,113,roll,3.0,0.6195
scene-0103_017,1,Car,23.7944,27,roll,3.0,0.4815
scene-0103_017,2,Car,9.2033,140,roll,3.0,0.8786
scene-0103_017,0,Car,12.8984,113,lateral_t,0.0,1.0
scene-0103_017,1,Car,23.7944,27,lateral_t,0.0,1.0
scene-0103_017,2,Car,9.2033,140,lateral_t,0.0,1.0
scene-0103_017,0,Car,12.8984,113,lateral_t,0.02,1.0
scene-0103_017,1,Car,23.7944,27,lateral_t,0.02,1.0
scene-0103_017,2,Car,9.2033,140,lateral_t,0.02,0.9857
scene-0103_017,0,Car,12.8984,113,lateral_t,0.05,1.0
scene-0103_017,1,Car,23.7944,27,lateral_t,0.05,1.0
scene-0103_017,2,Car,9.2033,140,lateral_t,0.05,0.9571
scene-0103_017,0,Car,12.8984,113,lateral_t,0.1,1.0
scene-0103_017,1,Car,23.7944,27,lateral_t,0.1,1.0
scene-0103_017,2,Car,9.2033,140,lateral_t,0.1,0.9214
scene-0103_018,0,Car,13.3895,102,yaw,0.0,1.0
scene-0103_018,1,Car,22.9224,38,yaw,0.0,1.0
scene-0103_018,2,Car,8.4223,143,yaw,0.0,1.0
scene-0103_018,3,Car,17.9347,32,yaw,0.0,1.0
scene-0103_018,0,Car,13.3895,102,yaw,0.5,1.0
scene-0103_018,1,Car,22.9224,38,yaw,0.5,1.0
scene-0103_018,2,Car,8.4223,143,yaw,0.5,1.0
scene-0103_018,3,Car,17.9347,32,yaw,0.5,1.0
scene-0103_018,0,Car,13.3895,102,yaw,1.0,1.0
scene-0103_018,1,Car,22.9224,38,yaw,1.0,0.9737
scene-0103_018,2,Car,8.4223,143,yaw,1.0,1.0
scene-0103_018,3,Car,17.9347,32,yaw,1.0,0.9688
scene-0103_018,0,Car,13.3895,102,yaw,2.0,0.9608
scene-0103_018,1,Car,22.9224,38,yaw,2.0,0.8947
scene-0103_018,2,Car,8.4223,143,yaw,2.0,0.9441
scene-0103_018,3,Car,17.9347,32,yaw,2.0,0.8125
scene-0103_018,0,Car,13.3895,102,yaw,3.0,0.902
scene-0103_018,1,Car,22.9224,38,yaw,3.0,0.7895
scene-0103_018,2,Car,8.4223,143,yaw,3.0,0.8601
scene-0103_018,3,Car,17.9347,32,yaw,3.0,0.625
scene-0103_018,0,Car,13.3895,102,pitch,0.0,1.0
scene-0103_018,1,Car,22.9224,38,pitch,0.0,1.0
scene-0103_018,2,Car,8.4223,143,pitch,0.0,1.0
scene-0103_018,3,Car,17.9347,32,pitch,0.0,1.0
scene-0103_018,0,Car,13.3895,102,pitch,0.5,1.0
scene-0103_018,1,Car,22.9224,38,pitch,0.5,1.0
scene-0103_018,2,Car,8.4223,143,pitch,0.5,1.0
scene-0103_018,3,Car,17.9347,32,pitch,0.5,1.0
scene-0103_018,0,Car,13.3895,102,pitch,1.0,1.0
scene-0103_018,1,Car,22.9224,38,pitch,1.0,1.0
scene-0103_018,2,Car,8.4223,143,pitch,1.0,1.0
scene-0103_018,3,Car,17.9347,32,pitch,1.0,1.0
scene-0103_018,0,Car,13.3895,102,pitch,2.0,1.0
scene-0103_018,1,Car,22.9224,38,pitch,2.0,1.0
scene-0103_018,2,Car,8.4223,143,pitch,2.0,1.0
scene-0103_018,3,Car,17.9347,32,pitch,2.0,1.0
scene-0103_018,0,Car,13.3895,102,pitch,3.0,1.0
scene-0103_018,1,Car,22.9224,38,pitch,3.0,0.9737
scene-0103_018,2,Car,8.4223,143,pitch,3.0,1.0
scene-0103_018,3,Car,17.9347,32,pitch,3.0,1.0
scene-0103_018,0,Car,13.3895,102,roll,0.0,1.0
scene-0103_018,1,Car,22.9224,38,roll,0.0,1.0
scene-0103_018,2,Car,8.4223,143,roll,0.0,1.0
scene-0103_018,3,Car,17.9347,32,roll,0.0,1.0
scene-0103_018,0,Car,13.3895,102,roll,0.5,1.0
scene-0103_018,1,Car,22.9224,38,roll,0.5,1.0
scene-0103_018,2,Car,8.4223,143,roll,0.5,1.0
scene-0103_018,3,Car,17.9347,32,roll,0.5,1.0
scene-0103_018,0,Car,13.3895,102,roll,1.0,0.8333
scene-0103_018,1,Car,22.9224,38,roll,1.0,1.0
scene-0103_018,2,Car,8.4223,143,roll,1.0,1.0
scene-0103_018,3,Car,17.9347,32,roll,1.0,1.0
scene-0103_018,0,Car,13.3895,102,roll,2.0,0.8039
scene-0103_018,1,Car,22.9224,38,roll,2.0,0.9474
scene-0103_018,2,Car,8.4223,143,roll,2.0,0.9161
scene-0103_018,3,Car,17.9347,32,roll,2.0,0.9688
scene-0103_018,0,Car,13.3895,102,roll,3.0,0.6765
scene-0103_018,1,Car,22.9224,38,roll,3.0,0.4474
scene-0103_018,2,Car,8.4223,143,roll,3.0,0.8462
scene-0103_018,3,Car,17.9347,32,roll,3.0,0.5
scene-0103_018,0,Car,13.3895,102,lateral_t,0.0,1.0
scene-0103_018,1,Car,22.9224,38,lateral_t,0.0,1.0
scene-0103_018,2,Car,8.4223,143,lateral_t,0.0,1.0
scene-0103_018,3,Car,17.9347,32,lateral_t,0.0,1.0
scene-0103_018,0,Car,13.3895,102,lateral_t,0.02,1.0
scene-0103_018,1,Car,22.9224,38,lateral_t,0.02,1.0
scene-0103_018,2,Car,8.4223,143,lateral_t,0.02,0.972
scene-0103_018,3,Car,17.9347,32,lateral_t,0.02,1.0
scene-0103_018,0,Car,13.3895,102,lateral_t,0.05,1.0
scene-0103_018,1,Car,22.9224,38,lateral_t,0.05,1.0
scene-0103_018,2,Car,8.4223,143,lateral_t,0.05,0.958
scene-0103_018,3,Car,17.9347,32,lateral_t,0.05,1.0
scene-0103_018,0,Car,13.3895,102,lateral_t,0.1,1.0
scene-0103_018,1,Car,22.9224,38,lateral_t,0.1,1.0
scene-0103_018,2,Car,8.4223,143,lateral_t,0.1,0.9021
scene-0103_018,3,Car,17.9347,32,lateral_t,0.1,1.0
scene-0103_019,0,Car,15.341,53,yaw,0.0,1.0
scene-0103_019,1,Car,22.1164,31,yaw,0.0,1.0
scene-0103_019,2,Car,7.6442,78,yaw,0.0,1.0
scene-0103_019,3,Car,16.5282,73,yaw,0.0,1.0
scene-0103_019,0,Car,15.341,53,yaw,0.5,1.0
scene-0103_019,1,Car,22.1164,31,yaw,0.5,1.0
scene-0103_019,2,Car,7.6442,78,yaw,0.5,1.0
scene-0103_019,3,Car,16.5282,73,yaw,0.5,1.0
scene-0103_019,0,Car,15.341,53,yaw,1.0,0.9811
scene-0103_019,1,Car,22.1164,31,yaw,1.0,0.9677
scene-0103_019,2,Car,7.6442,78,yaw,1.0,1.0
scene-0103_019,3,Car,16.5282,73,yaw,1.0,1.0
scene-0103_019,0,Car,15.341,53,yaw,2.0,0.9434
scene-0103_019,1,Car,22.1164,31,yaw,2.0,0.8387
scene-0103_019,2,Car,7.6442,78,yaw,2.0,0.9359
scene-0103_019,3,Car,16.5282,73,yaw,2.0,0.9452
scene-0103_019,0,Car,15.341,53,yaw,3.0,0.9057
scene-0103_019,1,Car,22.1164,31,yaw,3.0,0.8387
scene-0103_019,2,Car,7.6442,78,yaw,3.0,0.8333
scene-0103_019,3,Car,16.5282,73,yaw,3.0,0.8904
scene-0103_019,0,Car,15.341,53,pitch,0.0,1.0
scene-0103_019,1,Car,22.1164,31,pitch,0.0,1.0
scene-0103_019,2,Car,7.6442,78,pitch,0.0,1.0
scene-0103_019,3,Car,16.5282,73,pitch,0.0,1.0
scene-0103_019,0,Car,15.341,53,pitch,0.5,1.0
scene-0103_019,1,Car,22.1164,31,pitch,0.5,1.0
scene-0103_019,2,Car,7.6442,78,pitch,0.5,1.0
scene-0103_019,3,Car,16.5282,73,pitch,0.5,1.0
scene-0103_019,0,Car,15.341,53,pitch,1.0,1.0
scene-0103_019,1,Car,22.1164,31,pitch,1.0,1.0
scene-0103_019,2,Car,7.6442,78,pitch,1.0,1.0
scene-0103_019,3,Car,16.5282,73,pitch,1.0,1.0
scene-0103_019,0,Car,15.341,53,pitch,2.0,1.0
scene-0103_019,1,Car,22.1164,31,pitch,2.0,1.0
scene-0103_019,2,Car,7.6442,78,pitch,2.0,1.0
scene-0103_019,3,Car,16.5282,73,pitch,2.0,1.0
scene-0103_019,0,Car,15.341,53,pitch,3.0,1.0
scene-0103_019,1,Car,22.1164,31,pitch,3.0,0.9032
scene-0103_019,2,Car,7.6442,78,pitch,3.0,1.0
scene-0103_019,3,Car,16.5282,73,pitch,3.0,1.0
scene-0103_019,0,Car,15.341,53,roll,0.0,1.0
scene-0103_019,1,Car,22.1164,31,roll,0.0,1.0
scene-0103_019,2,Car,7.6442,78,roll,0.0,1.0
scene-0103_019,3,Car,16.5282,73,roll,0.0,1.0
scene-0103_019,0,Car,15.341,53,roll,0.5,1.0
scene-0103_019,1,Car,22.1164,31,roll,0.5,1.0
scene-0103_019,2,Car,7.6442,78,roll,0.5,1.0
scene-0103_019,3,Car,16.5282,73,roll,0.5,1.0
scene-0103_019,0,Car,15.341,53,roll,1.0,0.6604
scene-0103_019,1,Car,22.1164,31,roll,1.0,0.9032
scene-0103_019,2,Car,7.6442,78,roll,1.0,1.0
scene-0103_019,3,Car,16.5282,73,roll,1.0,1.0
scene-0103_019,0,Car,15.341,53,roll,2.0,0.6226
scene-0103_019,1,Car,22.1164,31,roll,2.0,0.9032
scene-0103_019,2,Car,7.6442,78,roll,2.0,0.9744
scene-0103_019,3,Car,16.5282,73,roll,2.0,0.9589
scene-0103_019,0,Car,15.341,53,roll,3.0,0.5094
scene-0103_019,1,Car,22.1164,31,roll,3.0,0.4839
scene-0103_019,2,Car,7.6442,78,roll,3.0,0.9615
scene-0103_019,3,Car,16.5282,73,roll,3.0,0.6027
scene-0103_019,0,Car,15.341,53,lateral_t,0.0,1.0
scene-0103_019,1,Car,22.1164,31,lateral_t,0.0,1.0
scene-0103_019,2,Car,7.6442,78,lateral_t,0.0,1.0
scene-0103_019,3,Car,16.5282,73,lateral_t,0.0,1.0
scene-0103_019,0,Car,15.341,53,lateral_t,0.02,1.0
scene-0103_019,1,Car,22.1164,31,lateral_t,0.02,1.0
scene-0103_019,2,Car,7.6442,78,lateral_t,0.02,0.9615
scene-0103_019,3,Car,16.5282,73,lateral_t,0.02,1.0
scene-0103_019,0,Car,15.341,53,lateral_t,0.05,1.0
scene-0103_019,1,Car,22.1164,31,lateral_t,0.05,1.0
scene-0103_019,2,Car,7.6442,78,lateral_t,0.05,0.9359
scene-0103_019,3,Car,16.5282,73,lateral_t,0.05,1.0
scene-0103_019,0,Car,15.341,53,lateral_t,0.1,1.0
scene-0103_019,1,Car,22.1164,31,lateral_t,0.1,1.0
scene-0103_019,2,Car,7.6442,78,lateral_t,0.1,0.8846
scene-0103_019,3,Car,16.5282,73,lateral_t,0.1,1.0
scene-0103_020,0,Car,17.407,17,yaw,0.0,1.0
scene-0103_020,1,Car,37.2895,10,yaw,0.0,1.0
scene-0103_020,2,Car,21.2116,24,yaw,0.0,1.0
scene-0103_020,3,Car,6.8162,54,yaw,0.0,1.0
scene-0103_020,4,Car,15.0843,120,yaw,0.0,1.0
scene-0103_020,0,Car,17.407,17,yaw,0.5,1.0
scene-0103_020,1,Car,37.2895,10,yaw,0.5,0.9
scene-0103_020,2,Car,21.2116,24,yaw,0.5,1.0
scene-0103_020,3,Car,6.8162,54,yaw,0.5,1.0
scene-0103_020,4,Car,15.0843,120,yaw,0.5,1.0
scene-0103_020,0,Car,17.407,17,yaw,1.0,1.0
scene-0103_020,1,Car,37.2895,10,yaw,1.0,0.7
scene-0103_020,2,Car,21.2116,24,yaw,1.0,0.9583
scene-0103_020,3,Car,6.8162,54,yaw,1.0,1.0
scene-0103_020,4,Car,15.0843,120,yaw,1.0,1.0
scene-0103_020,0,Car,17.407,17,yaw,2.0,0.8824
scene-0103_020,1,Car,37.2895,10,yaw,2.0,0.4
scene-0103_020,2,Car,21.2116,24,yaw,2.0,0.75
scene-0103_020,3,Car,6.8162,54,yaw,2.0,0.9074
scene-0103_020,4,Car,15.0843,120,yaw,2.0,0.9667
scene-0103_020,0,Car,17.407,17,yaw,3.0,0.8824
scene-0103_020,1,Car,37.2895,10,yaw,3.0,0.0
scene-0103_020,2,Car,21.2116,24,yaw,3.0,0.625
scene-0103_020,3,Car,6.8162,54,yaw,3.0,0.7407
scene-0103_020,4,Car,15.0843,120,yaw,3.0,0.8917
scene-0103_020,0,Car,17.407,17,pitch,0.0,1.0
scene-0103_020,1,Car,37.2895,10,pitch,0.0,1.0
scene-0103_020,2,Car,21.2116,24,pitch,0.0,1.0
scene-0103_020,3,Car,6.8162,54,pitch,0.0,1.0
scene-0103_020,4,Car,15.0843,120,pitch,0.0,1.0
scene-0103_020,0,Car,17.407,17,pitch,0.5,1.0
scene-0103_020,1,Car,37.2895,10,pitch,0.5,1.0
scene-0103_020,2,Car,21.2116,24,pitch,0.5,1.0
scene-0103_020,3,Car,6.8162,54,pitch,0.5,1.0
scene-0103_020,4,Car,15.0843,120,pitch,0.5,1.0
scene-0103_020,0,Car,17.407,17,pitch,1.0,1.0
scene-0103_020,1,Car,37.2895,10,pitch,1.0,1.0
scene-0103_020,2,Car,21.2116,24,pitch,1.0,1.0
scene-0103_020,3,Car,6.8162,54,pitch,1.0,1.0
scene-0103_020,4,Car,15.0843,120,pitch,1.0,1.0
scene-0103_020,0,Car,17.407,17,pitch,2.0,1.0
scene-0103_020,1,Car,37.2895,10,pitch,2.0,0.2
scene-0103_020,2,Car,21.2116,24,pitch,2.0,0.875
scene-0103_020,3,Car,6.8162,54,pitch,2.0,1.0
scene-0103_020,4,Car,15.0843,120,pitch,2.0,1.0
scene-0103_020,0,Car,17.407,17,pitch,3.0,1.0
scene-0103_020,1,Car,37.2895,10,pitch,3.0,0.2
scene-0103_020,2,Car,21.2116,24,pitch,3.0,0.875
scene-0103_020,3,Car,6.8162,54,pitch,3.0,1.0
scene-0103_020,4,Car,15.0843,120,pitch,3.0,0.9167
scene-0103_020,0,Car,17.407,17,roll,0.0,1.0
scene-0103_020,1,Car,37.2895,10,roll,0.0,1.0
scene-0103_020,2,Car,21.2116,24,roll,0.0,1.0
scene-0103_020,3,Car,6.8162,54,roll,0.0,1.0
scene-0103_020,4,Car,15.0843,120,roll,0.0,1.0
scene-0103_020,0,Car,17.407,17,roll,0.5,1.0
scene-0103_020,1,Car,37.2895,10,roll,0.5,1.0
scene-0103_020,2,Car,21.2116,24,roll,0.5,1.0
scene-0103_020,3,Car,6.8162,54,roll,0.5,1.0
scene-0103_020,4,Car,15.0843,120,roll,0.5,1.0
scene-0103_020,0,Car,17.407,17,roll,1.0,1.0
scene-0103_020,1,Car,37.2895,10,roll,1.0,0.8
scene-0103_020,2,Car,21.2116,24,roll,1.0,0.875
scene-0103_020,3,Car,6.8162,54,roll,1.0,1.0
scene-0103_020,4,Car,15.0843,120,roll,1.0,0.9083
scene-0103_020,0,Car,17.407,17,roll,2.0,0.6471
scene-0103_020,1,Car,37.2895,10,roll,2.0,0.8
scene-0103_020,2,Car,21.2116,24,roll,2.0,0.875
scene-0103_020,3,Car,6.8162,54,roll,2.0,1.0
scene-0103_020,4,Car,15.0843,120,roll,2.0,0.8833
scene-0103_020,0,Car,17.407,17,roll,3.0,0.4706
scene-0103_020,1,Car,37.2895,10,roll,3.0,0.0
scene-0103_020,2,Car,21.2116,24,roll,3.0,0.5833
scene-0103_020,3,Car,6.8162,54,roll,3.0,1.0
scene-0103_020,4,Car,15.0843,120,roll,3.0,0.75
scene-0103_020,0,Car,17.407,17,lateral_t,0.0,1.0
scene-0103_020,1,Car,37.2895,10,lateral_t,0.0,1.0
scene-0103_020,2,Car,21.2116,24,lateral_t,0.0,1.0
scene-0103_020,3,Car,6.8162,54,lateral_t,0.0,1.0
scene-0103_020,4,Car,15.0843,120,lateral_t,0.0,1.0
scene-0103_020,0,Car,17.407,17,lateral_t,0.02,1.0
scene-0103_020,1,Car,37.2895,10,lateral_t,0.02,1.0
scene-0103_020,2,Car,21.2116,24,lateral_t,0.02,1.0
scene-0103_020,3,Car,6.8162,54,lateral_t,0.02,0.9815
scene-0103_020,4,Car,15.0843,120,lateral_t,0.02,1.0
scene-0103_020,0,Car,17.407,17,lateral_t,0.05,1.0
scene-0103_020,1,Car,37.2895,10,lateral_t,0.05,1.0
scene-0103_020,2,Car,21.2116,24,lateral_t,0.05,1.0
scene-0103_020,3,Car,6.8162,54,lateral_t,0.05,0.9074
scene-0103_020,4,Car,15.0843,120,lateral_t,0.05,1.0
scene-0103_020,0,Car,17.407,17,lateral_t,0.1,1.0
scene-0103_020,1,Car,37.2895,10,lateral_t,0.1,1.0
scene-0103_020,2,Car,21.2116,24,lateral_t,0.1,1.0
scene-0103_020,3,Car,6.8162,54,lateral_t,0.1,0.8519
scene-0103_020,4,Car,15.0843,120,lateral_t,0.1,1.0
scene-0103_021,0,Car,19.2109,24,yaw,0.0,1.0
scene-0103_021,1,Car,35.9437,10,yaw,0.0,1.0
scene-0103_021,2,Car,20.087,14,yaw,0.0,1.0
scene-0103_021,3,bicycle_rack,37.2909,11,yaw,0.0,1.0
scene-0103_021,4,Car,13.5938,154,yaw,0.0,1.0
scene-0103_021,0,Car,19.2109,24,yaw,0.5,1.0
scene-0103_021,1,Car,35.9437,10,yaw,0.5,0.9
scene-0103_021,2,Car,20.087,14,yaw,0.5,1.0
scene-0103_021,3,bicycle_rack,37.2909,11,yaw,0.5,1.0
scene-0103_021,4,Car,13.5938,154,yaw,0.5,1.0
scene-0103_021,0,Car,19.2109,24,yaw,1.0,0.875
scene-0103_021,1,Car,35.9437,10,yaw,1.0,0.7
scene-0103_021,2,Car,20.087,14,yaw,1.0,0.8571
scene-0103_021,3,bicycle_rack,37.2909,11,yaw,1.0,1.0
scene-0103_021,4,Car,13.5938,154,yaw,1.0,0.9935
scene-0103_021,0,Car,19.2109,24,yaw,2.0,0.7083
scene-0103_021,1,Car,35.9437,10,yaw,2.0,0.4
scene-0103_021,2,Car,20.087,14,yaw,2.0,0.6429
scene-0103_021,3,bicycle_rack,37.2909,11,yaw,2.0,1.0
scene-0103_021,4,Car,13.5938,154,yaw,2.0,0.974
scene-0103_021,0,Car,19.2109,24,yaw,3.0,0.6667
scene-0103_021,1,Car,35.9437,10,yaw,3.0,0.0
scene-0103_021,2,Car,20.087,14,yaw,3.0,0.5
scene-0103_021,3,bicycle_rack,37.2909,11,yaw,3.0,0.9091
scene-0103_021,4,Car,13.5938,154,yaw,3.0,0.9481
scene-0103_021,0,Car,19.2109,24,pitch,0.0,1.0
scene-0103_021,1,Car,35.9437,10,pitch,0.0,1.0
scene-0103_021,2,Car,20.087,14,pitch,0.0,1.0
scene-0103_021,3,bicycle_rack,37.2909,11,pitch,0.0,1.0
scene-0103_021,4,Car,13.5938,154,pitch,0.0,1.0
scene-0103_021,0,Car,19.2109,24,pitch,0.5,1.0
scene-0103_021,1,Car,35.9437,10,pitch,0.5,1.0
scene-0103_021,2,Car,20.087,14,pitch,0.5,1.0
scene-0103_021,3,bicycle_rack,37.2909,11,pitch,0.5,1.0
scene-0103_021,4,Car,13.5938,154,pitch,0.5,1.0
scene-0103_021,0,Car,19.2109,24,pitch,1.0,1.0
scene-0103_021,1,Car,35.9437,10,pitch,1.0,1.0
scene-0103_021,2,Car,20.087,14,pitch,1.0,1.0
scene-0103_021,3,bicycle_rack,37.2909,11,pitch,1.0,1.0
scene-0103_021,4,Car,13.5938,154,pitch,1.0,1.0
scene-0103_021,0,Car,19.2109,24,pitch,2.0,1.0
scene-0103_021,1,Car,35.9437,10,pitch,2.0,1.0
scene-0103_021,2,Car,20.087,14,pitch,2.0,0.5714
scene-0103_021,3,bicycle_rack,37.2909,11,pitch,2.0,1.0
scene-0103_021,4,Car,13.5938,154,pitch,2.0,0.9351
scene-0103_021,0,Car,19.2109,24,pitch,3.0,1.0
scene-0103_021,1,Car,35.9437,10,pitch,3.0,0.2
scene-0103_021,2,Car,20.087,14,pitch,3.0,0.5714
scene-0103_021,3,bicycle_rack,37.2909,11,pitch,3.0,1.0
scene-0103_021,4,Car,13.5938,154,pitch,3.0,0.9286
scene-0103_021,0,Car,19.2109,24,roll,0.0,1.0
scene-0103_021,1,Car,35.9437,10,roll,0.0,1.0
scene-0103_021,2,Car,20.087,14,roll,0.0,1.0
scene-0103_021,3,bicycle_rack,37.2909,11,roll,0.0,1.0
scene-0103_021,4,Car,13.5938,154,roll,0.0,1.0
scene-0103_021,0,Car,19.2109,24,roll,0.5,1.0
scene-0103_021,1,Car,35.9437,10,roll,0.5,1.0
scene-0103_021,2,Car,20.087,14,roll,0.5,1.0
scene-0103_021,3,bicycle_rack,37.2909,11,roll,0.5,1.0
scene-0103_021,4,Car,13.5938,154,roll,0.5,1.0
scene-0103_021,0,Car,19.2109,24,roll,1.0,1.0
scene-0103_021,1,Car,35.9437,10,roll,1.0,0.8
scene-0103_021,2,Car,20.087,14,roll,1.0,0.5714
scene-0103_021,3,bicycle_rack,37.2909,11,roll,1.0,0.8182
scene-0103_021,4,Car,13.5938,154,roll,1.0,0.9286
scene-0103_021,0,Car,19.2109,24,roll,2.0,0.9167
scene-0103_021,1,Car,35.9437,10,roll,2.0,0.8
scene-0103_021,2,Car,20.087,14,roll,2.0,0.5714
scene-0103_021,3,bicycle_rack,37.2909,11,roll,2.0,0.0
scene-0103_021,4,Car,13.5938,154,roll,2.0,0.9286
scene-0103_021,0,Car,19.2109,24,roll,3.0,0.8333
scene-0103_021,1,Car,35.9437,10,roll,3.0,0.0
scene-0103_021,2,Car,20.087,14,roll,3.0,0.5
scene-0103_021,3,bicycle_rack,37.2909,11,roll,3.0,0.0
scene-0103_021,4,Car,13.5938,154,roll,3.0,0.8052
scene-0103_021,0,Car,19.2109,24,lateral_t,0.0,1.0
scene-0103_021,1,Car,35.9437,10,lateral_t,0.0,1.0
scene-0103_021,2,Car,20.087,14,lateral_t,0.0,1.0
scene-0103_021,3,bicycle_rack,37.2909,11,lateral_t,0.0,1.0
scene-0103_021,4,Car,13.5938,154,lateral_t,0.0,1.0
scene-0103_021,0,Car,19.2109,24,lateral_t,0.02,1.0
scene-0103_021,1,Car,35.9437,10,lateral_t,0.02,1.0
scene-0103_021,2,Car,20.087,14,lateral_t,0.02,1.0
scene-0103_021,3,bicycle_rack,37.2909,11,lateral_t,0.02,1.0
scene-0103_021,4,Car,13.5938,154,lateral_t,0.02,1.0
scene-0103_021,0,Car,19.2109,24,lateral_t,0.05,1.0
scene-0103_021,1,Car,35.9437,10,lateral_t,0.05,1.0
scene-0103_021,2,Car,20.087,14,lateral_t,0.05,1.0
scene-0103_021,3,bicycle_rack,37.2909,11,lateral_t,0.05,1.0
scene-0103_021,4,Car,13.5938,154,lateral_t,0.05,1.0
scene-0103_021,0,Car,19.2109,24,lateral_t,0.1,1.0
scene-0103_021,1,Car,35.9437,10,lateral_t,0.1,1.0
scene-0103_021,2,Car,20.087,14,lateral_t,0.1,1.0
scene-0103_021,3,bicycle_rack,37.2909,11,lateral_t,0.1,1.0
scene-0103_021,4,Car,13.5938,154,lateral_t,0.1,1.0
scene-0103_022,0,Car,34.5799,10,yaw,0.0,1.0
scene-0103_022,1,bicycle_rack,35.9429,16,yaw,0.0,1.0
scene-0103_022,2,Car,12.1469,163,yaw,0.0,1.0
scene-0103_022,0,Car,34.5799,10,yaw,0.5,1.0
scene-0103_022,1,bicycle_rack,35.9429,16,yaw,0.5,1.0
scene-0103_022,2,Car,12.1469,163,yaw,0.5,0.9755
scene-0103_022,0,Car,34.5799,10,yaw,1.0,0.7
scene-0103_022,1,bicycle_rack,35.9429,16,yaw,1.0,1.0
scene-0103_022,2,Car,12.1469,163,yaw,1.0,0.9571
scene-0103_022,0,Car,34.5799,10,yaw,2.0,0.4
scene-0103_022,1,bicycle_rack,35.9429,16,yaw,2.0,0.875
scene-0103_022,2,Car,12.1469,163,yaw,2.0,0.908
scene-0103_022,0,Car,34.5799,10,yaw,3.0,0.0
scene-0103_022,1,bicycle_rack,35.9429,16,yaw,3.0,0.6875
scene-0103_022,2,Car,12.1469,163,yaw,3.0,0.8528
scene-0103_022,0,Car,34.5799,10,pitch,0.0,1.0
scene-0103_022,1,bicycle_rack,35.9429,16,pitch,0.0,1.0
scene-0103_022,2,Car,12.1469,163,pitch,0.0,1.0
scene-0103_022,0,Car,34.5799,10,pitch,0.5,1.0
scene-0103_022,1,bicycle_rack,35.9429,16,pitch,0.5,1.0
scene-0103_022,2,Car,12.1469,163,pitch,0.5,1.0
scene-0103_022,0,Car,34.5799,10,pitch,1.0,1.0
scene-0103_022,1,bicycle_rack,35.9429,16,pitch,1.0,1.0
scene-0103_022,2,Car,12.1469,163,pitch,1.0,0.9939
scene-0103_022,0,Car,34.5799,10,pitch,2.0,1.0
scene-0103_022,1,bicycle_rack,35.9429,16,pitch,2.0,1.0
scene-0103_022,2,Car,12.1469,163,pitch,2.0,0.9939
scene-0103_022,0,Car,34.5799,10,pitch,3.0,0.4
scene-0103_022,1,bicycle_rack,35.9429,16,pitch,3.0,0.9375
scene-0103_022,2,Car,12.1469,163,pitch,3.0,0.9939
scene-0103_022,0,Car,34.5799,10,roll,0.0,1.0
scene-0103_022,1,bicycle_rack,35.9429,16,roll,0.0,1.0
scene-0103_022,2,Car,12.1469,163,roll,0.0,1.0
scene-0103_022,0,Car,34.5799,10,roll,0.5,1.0
scene-0103_022,1,bicycle_rack,35.9429,16,roll,0.5,0.9375
scene-0103_022,2,Car,12.1469,163,roll,0.5,1.0
scene-0103_022,0,Car,34.5799,10,roll,1.0,0.8
scene-0103_022,1,bicycle_rack,35.9429,16,roll,1.0,0.9375
scene-0103_022,2,Car,12.1469,163,roll,1.0,1.0
scene-0103_022,0,Car,34.5799,10,roll,2.0,0.8
scene-0103_022,1,bicycle_rack,35.9429,16,roll,2.0,0.3125
scene-0103_022,2,Car,12.1469,163,roll,2.0,0.9387
scene-0103_022,0,Car,34.5799,10,roll,3.0,0.0
scene-0103_022,1,bicycle_rack,35.9429,16,roll,3.0,0.3125
scene-0103_022,2,Car,12.1469,163,roll,3.0,0.9387
scene-0103_022,0,Car,34.5799,10,lateral_t,0.0,1.0
scene-0103_022,1,bicycle_rack,35.9429,16,lateral_t,0.0,1.0
scene-0103_022,2,Car,12.1469,163,lateral_t,0.0,1.0
scene-0103_022,0,Car,34.5799,10,lateral_t,0.02,1.0
scene-0103_022,1,bicycle_rack,35.9429,16,lateral_t,0.02,1.0
scene-0103_022,2,Car,12.1469,163,lateral_t,0.02,1.0
scene-0103_022,0,Car,34.5799,10,lateral_t,0.05,1.0
scene-0103_022,1,bicycle_rack,35.9429,16,lateral_t,0.05,1.0
scene-0103_022,2,Car,12.1469,163,lateral_t,0.05,1.0
scene-0103_022,0,Car,34.5799,10,lateral_t,0.1,1.0
scene-0103_022,1,bicycle_rack,35.9429,16,lateral_t,0.1,1.0
scene-0103_022,2,Car,12.1469,163,lateral_t,0.1,1.0
scene-0103_023,0,Car,23.7063,10,yaw,0.0,1.0
scene-0103_023,1,Car,32.949,10,yaw,0.0,1.0
scene-0103_023,2,bicycle_rack,34.3346,12,yaw,0.0,1.0
scene-0103_023,3,Car,10.5531,181,yaw,0.0,1.0
scene-0103_023,0,Car,23.7063,10,yaw,0.5,1.0
scene-0103_023,1,Car,32.949,10,yaw,0.5,1.0
scene-0103_023,2,bicycle_rack,34.3346,12,yaw,0.5,1.0
scene-0103_023,3,Car,10.5531,181,yaw,0.5,0.9448
scene-0103_023,0,Car,23.7063,10,yaw,1.0,0.9
scene-0103_023,1,Car,32.949,10,yaw,1.0,0.7
scene-0103_023,2,bicycle_rack,34.3346,12,yaw,1.0,0.9167
scene-0103_023,3,Car,10.5531,181,yaw,1.0,0.9061
scene-0103_023,0,Car,23.7063,10,yaw,2.0,0.5
scene-0103_023,1,Car,32.949,10,yaw,2.0,0.4
scene-0103_023,2,bicycle_rack,34.3346,12,yaw,2.0,0.9167
scene-0103_023,3,Car,10.5531,181,yaw,2.0,0.8011
scene-0103_023,0,Car,23.7063,10,yaw,3.0,0.5
scene-0103_023,1,Car,32.949,10,yaw,3.0,0.1
scene-0103_023,2,bicycle_rack,34.3346,12,yaw,3.0,0.9167
scene-0103_023,3,Car,10.5531,181,yaw,3.0,0.7017
scene-0103_023,0,Car,23.7063,10,pitch,0.0,1.0
scene-0103_023,1,Car,32.949,10,pitch,0.0,1.0
scene-0103_023,2,bicycle_rack,34.3346,12,pitch,0.0,1.0
scene-0103_023,3,Car,10.5531,181,pitch,0.0,1.0
scene-0103_023,0,Car,23.7063,10,pitch,0.5,1.0
scene-0103_023,1,Car,32.949,10,pitch,0.5,1.0
scene-0103_023,2,bicycle_rack,34.3346,12,pitch,0.5,1.0
scene-0103_023,3,Car,10.5531,181,pitch,0.5,0.9945
scene-0103_023,0,Car,23.7063,10,pitch,1.0,1.0
scene-0103_023,1,Car,32.949,10,pitch,1.0,1.0
scene-0103_023,2,bicycle_rack,34.3346,12,pitch,1.0,1.0
scene-0103_023,3,Car,10.5531,181,pitch,1.0,0.989
scene-0103_023,0,Car,23.7063,10,pitch,2.0,1.0
scene-0103_023,1,Car,32.949,10,pitch,2.0,1.0
scene-0103_023,2,bicycle_rack,34.3346,12,pitch,2.0,0.9167
scene-0103_023,3,Car,10.5531,181,pitch,2.0,0.9392
scene-0103_023,0,Car,23.7063,10,pitch,3.0,1.0
scene-0103_023,1,Car,32.949,10,pitch,3.0,1.0
scene-0103_023,2,bicycle_rack,34.3346,12,pitch,3.0,0.9167
scene-0103_023,3,Car,10.5531,181,pitch,3.0,0.8453
scene-0103_023,0,Car,23.7063,10,roll,0.0,1.0
scene-0103_023,1,Car,32.949,10,roll,0.0,1.0
scene-0103_023,2,bicycle_rack,34.3346,12,roll,0.0,1.0
scene-0103_023,3,Car,10.5531,181,roll,0.0,1.0
scene-0103_023,0,Car,23.7063,10,roll,0.5,1.0
scene-0103_023,1,Car,32.949,10,roll,0.5,1.0
scene-0103_023,2,bicycle_rack,34.3346,12,roll,0.5,0.9167
scene-0103_023,3,Car,10.5531,181,roll,0.5,1.0
scene-0103_023,0,Car,23.7063,10,roll,1.0,1.0
scene-0103_023,1,Car,32.949,10,roll,1.0,0.9
scene-0103_023,2,bicycle_rack,34.3346,12,roll,1.0,0.9167
scene-0103_023,3,Car,10.5531,181,roll,1.0,1.0
scene-0103_023,0,Car,23.7063,10,roll,2.0,1.0
scene-0103_023,1,Car,32.949,10,roll,2.0,0.9
scene-0103_023,2,bicycle_rack,34.3346,12,roll,2.0,0.1667
scene-0103_023,3,Car,10.5531,181,roll,2.0,0.8674
scene-0103_023,0,Car,23.7063,10,roll,3.0,0.7
scene-0103_023,1,Car,32.949,10,roll,3.0,0.0
scene-0103_023,2,bicycle_rack,34.3346,12,roll,3.0,0.0
scene-0103_023,3,Car,10.5531,181,roll,3.0,0.7293
scene-0103_023,0,Car,23.7063,10,lateral_t,0.0,1.0
scene-0103_023,1,Car,32.949,10,lateral_t,0.0,1.0
scene-0103_023,2,bicycle_rack,34.3346,12,lateral_t,0.0,1.0
scene-0103_023,3,Car,10.5531,181,lateral_t,0.0,1.0
scene-0103_023,0,Car,23.7063,10,lateral_t,0.02,1.0
scene-0103_023,1,Car,32.949,10,lateral_t,0.02,1.0
scene-0103_023,2,bicycle_rack,34.3346,12,lateral_t,0.02,1.0
scene-0103_023,3,Car,10.5531,181,lateral_t,0.02,1.0
scene-0103_023,0,Car,23.7063,10,lateral_t,0.05,1.0
scene-0103_023,1,Car,32.949,10,lateral_t,0.05,1.0
scene-0103_023,2,bicycle_rack,34.3346,12,lateral_t,0.05,1.0
scene-0103_023,3,Car,10.5531,181,lateral_t,0.05,1.0
scene-0103_023,0,Car,23.7063,10,lateral_t,0.1,1.0
scene-0103_023,1,Car,32.949,10,lateral_t,0.1,1.0
scene-0103_023,2,bicycle_rack,34.3346,12,lateral_t,0.1,1.0
scene-0103_023,3,Car,10.5531,181,lateral_t,0.1,1.0
scene-0103_024,0,Car,31.1101,10,yaw,0.0,1.0
scene-0103_024,1,Car,15.8829,10,yaw,0.0,1.0
scene-0103_024,2,bicycle_rack,32.526,19,yaw,0.0,1.0
scene-0103_024,3,Truck,47.5207,10,yaw,0.0,1.0
scene-0103_024,4,Car,8.9554,110,yaw,0.0,1.0
scene-0103_024,5,Car,21.5682,18,yaw,0.0,1.0
scene-0103_024,0,Car,31.1101,10,yaw,0.5,1.0
scene-0103_024,1,Car,15.8829,10,yaw,0.5,0.8
scene-0103_024,2,bicycle_rack,32.526,19,yaw,0.5,1.0
scene-0103_024,3,Truck,47.5207,10,yaw,0.5,1.0
scene-0103_024,4,Car,8.9554,110,yaw,0.5,0.9091
scene-0103_024,5,Car,21.5682,18,yaw,0.5,1.0
scene-0103_024,0,Car,31.1101,10,yaw,1.0,0.9
scene-0103_024,1,Car,15.8829,10,yaw,1.0,0.7
scene-0103_024,2,bicycle_rack,32.526,19,yaw,1.0,1.0
scene-0103_024,3,Truck,47.5207,10,yaw,1.0,1.0
scene-0103_024,4,Car,8.9554,110,yaw,1.0,0.8364
scene-0103_024,5,Car,21.5682,18,yaw,1.0,1.0
scene-0103_024,0,Car,31.1101,10,yaw,2.0,0.5
scene-0103_024,1,Car,15.8829,10,yaw,2.0,0.4
scene-0103_024,2,bicycle_rack,32.526,19,yaw,2.0,0.8421
scene-0103_024,3,Truck,47.5207,10,yaw,2.0,0.9
scene-0103_024,4,Car,8.9554,110,yaw,2.0,0.7
scene-0103_024,5,Car,21.5682,18,yaw,2.0,1.0
scene-0103_024,0,Car,31.1101,10,yaw,3.0,0.2
scene-0103_024,1,Car,15.8829,10,yaw,3.0,0.4
scene-0103_024,2,bicycle_rack,32.526,19,yaw,3.0,0.7368
scene-0103_024,3,Truck,47.5207,10,yaw,3.0,0.6
scene-0103_024,4,Car,8.9554,110,yaw,3.0,0.5636
scene-0103_024,5,Car,21.5682,18,yaw,3.0,0.8333
scene-0103_024,0,Car,31.1101,10,pitch,0.0,1.0
scene-0103_024,1,Car,15.8829,10,pitch,0.0,1.0
scene-0103_024,2,bicycle_rack,32.526,19,pitch,0.0,1.0
scene-0103_024,3,Truck,47.5207,10,pitch,0.0,1.0
scene-0103_024,4,Car,8.9554,110,pitch,0.0,1.0
scene-0103_024,5,Car,21.5682,18,pitch,0.0,1.0
scene-0103_024,0,Car,31.1101,10,pitch,0.5,1.0
scene-0103_024,1,Car,15.8829,10,pitch,0.5,1.0
scene-0103_024,2,bicycle_rack,32.526,19,pitch,0.5,1.0
scene-0103_024,3,Truck,47.5207,10,pitch,0.5,1.0
scene-0103_024,4,Car,8.9554,110,pitch,0.5,0.9909
scene-0103_024,5,Car,21.5682,18,pitch,0.5,1.0
scene-0103_024,0,Car,31.1101,10,pitch,1.0,1.0
scene-0103_024,1,Car,15.8829,10,pitch,1.0,1.0
scene-0103_024,2,bicycle_rack,32.526,19,pitch,1.0,0.8947
scene-0103_024,3,Truck,47.5207,10,pitch,1.0,1.0
scene-0103_024,4,Car,8.9554,110,pitch,1.0,0.9818
scene-0103_024,5,Car,21.5682,18,pitch,1.0,1.0
scene-0103_024,0,Car,31.1101,10,pitch,2.0,1.0
scene-0103_024,1,Car,15.8829,10,pitch,2.0,0.4
scene-0103_024,2,bicycle_rack,32.526,19,pitch,2.0,0.8947
scene-0103_024,3,Truck,47.5207,10,pitch,2.0,1.0
scene-0103_024,4,Car,8.9554,110,pitch,2.0,0.9545
scene-0103_024,5,Car,21.5682,18,pitch,2.0,1.0
scene-0103_024,0,Car,31.1101,10,pitch,3.0,1.0
scene-0103_024,1,Car,15.8829,10,pitch,3.0,0.2
scene-0103_024,2,bicycle_rack,32.526,19,pitch,3.0,0.8947
scene-0103_024,3,Truck,47.5207,10,pitch,3.0,1.0
scene-0103_024,4,Car,8.9554,110,pitch,3.0,0.9545
scene-0103_024,5,Car,21.5682,18,pitch,3.0,1.0
scene-0103_024,0,Car,31.1101,10,roll,0.0,1.0
scene-0103_024,1,Car,15.8829,10,roll,0.0,1.0
scene-0103_024,2,bicycle_rack,32.526,19,roll,0.0,1.0
scene-0103_024,3,Truck,47.5207,10,roll,0.0,1.0
scene-0103_024,4,Car,8.9554,110,roll,0.0,1.0
scene-0103_024,5,Car,21.5682,18,roll,0.0,1.0
scene-0103_024,0,Car,31.1101,10,roll,0.5,1.0
scene-0103_024,1,Car,15.8829,10,roll,0.5,1.0
scene-0103_024,2,bicycle_rack,32.526,19,roll,0.5,0.8947
scene-0103_024,3,Truck,47.5207,10,roll,0.5,1.0
scene-0103_024,4,Car,8.9554,110,roll,0.5,1.0
scene-0103_024,5,Car,21.5682,18,roll,0.5,1.0
scene-0103_024,0,Car,31.1101,10,roll,1.0,0.9
scene-0103_024,1,Car,15.8829,10,roll,1.0,1.0
scene-0103_024,2,bicycle_rack,32.526,19,roll,1.0,0.8947
scene-0103_024,3,Truck,47.5207,10,roll,1.0,0.5
scene-0103_024,4,Car,8.9554,110,roll,1.0,1.0
scene-0103_024,5,Car,21.5682,18,roll,1.0,1.0
scene-0103_024,0,Car,31.1101,10,roll,2.0,0.9
scene-0103_024,1,Car,15.8829,10,roll,2.0,0.2
scene-0103_024,2,bicycle_rack,32.526,19,roll,2.0,0.4737
scene-0103_024,3,Truck,47.5207,10,roll,2.0,0.5
scene-0103_024,4,Car,8.9554,110,roll,2.0,1.0
scene-0103_024,5,Car,21.5682,18,roll,2.0,1.0
scene-0103_024,0,Car,31.1101,10,roll,3.0,0.0
scene-0103_024,1,Car,15.8829,10,roll,3.0,0.0
scene-0103_024,2,bicycle_rack,32.526,19,roll,3.0,0.0
scene-0103_024,3,Truck,47.5207,10,roll,3.0,0.2
scene-0103_024,4,Car,8.9554,110,roll,3.0,0.9182
scene-0103_024,5,Car,21.5682,18,roll,3.0,1.0
scene-0103_024,0,Car,31.1101,10,lateral_t,0.0,1.0
scene-0103_024,1,Car,15.8829,10,lateral_t,0.0,1.0
scene-0103_024,2,bicycle_rack,32.526,19,lateral_t,0.0,1.0
scene-0103_024,3,Truck,47.5207,10,lateral_t,0.0,1.0
scene-0103_024,4,Car,8.9554,110,lateral_t,0.0,1.0
scene-0103_024,5,Car,21.5682,18,lateral_t,0.0,1.0
scene-0103_024,0,Car,31.1101,10,lateral_t,0.02,1.0
scene-0103_024,1,Car,15.8829,10,lateral_t,0.02,1.0
scene-0103_024,2,bicycle_rack,32.526,19,lateral_t,0.02,1.0
scene-0103_024,3,Truck,47.5207,10,lateral_t,0.02,1.0
scene-0103_024,4,Car,8.9554,110,lateral_t,0.02,1.0
scene-0103_024,5,Car,21.5682,18,lateral_t,0.02,1.0
scene-0103_024,0,Car,31.1101,10,lateral_t,0.05,1.0
scene-0103_024,1,Car,15.8829,10,lateral_t,0.05,1.0
scene-0103_024,2,bicycle_rack,32.526,19,lateral_t,0.05,1.0
scene-0103_024,3,Truck,47.5207,10,lateral_t,0.05,0.9
scene-0103_024,4,Car,8.9554,110,lateral_t,0.05,1.0
scene-0103_024,5,Car,21.5682,18,lateral_t,0.05,1.0
scene-0103_024,0,Car,31.1101,10,lateral_t,0.1,1.0
scene-0103_024,1,Car,15.8829,10,lateral_t,0.1,1.0
scene-0103_024,2,bicycle_rack,32.526,19,lateral_t,0.1,1.0
scene-0103_024,3,Truck,47.5207,10,lateral_t,0.1,0.9
scene-0103_024,4,Car,8.9554,110,lateral_t,0.1,1.0
scene-0103_024,5,Car,21.5682,18,lateral_t,0.1,1.0
scene-0103_025,0,Car,29.0612,15,yaw,0.0,1.0
scene-0103_025,1,Car,14.1899,13,yaw,0.0,1.0
scene-0103_025,2,bicycle_rack,30.5147,17,yaw,0.0,1.0
scene-0103_025,3,Truck,45.401,10,yaw,0.0,1.0
scene-0103_025,4,Car,19.6718,30,yaw,0.0,1.0
scene-0103_025,0,Car,29.0612,15,yaw,0.5,1.0
scene-0103_025,1,Car,14.1899,13,yaw,0.5,0.8462
scene-0103_025,2,bicycle_rack,30.5147,17,yaw,0.5,1.0
scene-0103_025,3,Truck,45.401,10,yaw,0.5,1.0
scene-0103_025,4,Car,19.6718,30,yaw,0.5,1.0
scene-0103_025,0,Car,29.0612,15,yaw,1.0,0.8667
scene-0103_025,1,Car,14.1899,13,yaw,1.0,0.4615
scene-0103_025,2,bicycle_rack,30.5147,17,yaw,1.0,0.9412
scene-0103_025,3,Truck,45.401,10,yaw,1.0,1.0
scene-0103_025,4,Car,19.6718,30,yaw,1.0,0.9667
scene-0103_025,0,Car,29.0612,15,yaw,2.0,0.5333
scene-0103_025,1,Car,14.1899,13,yaw,2.0,0.0
scene-0103_025,2,bicycle_rack,30.5147,17,yaw,2.0,0.8235
scene-0103_025,3,Truck,45.401,10,yaw,2.0,1.0
scene-0103_025,4,Car,19.6718,30,yaw,2.0,0.8
scene-0103_025,0,Car,29.0612,15,yaw,3.0,0.2667
scene-0103_025,1,Car,14.1899,13,yaw,3.0,0.0
scene-0103_025,2,bicycle_rack,30.5147,17,yaw,3.0,0.6471
scene-0103_025,3,Truck,45.401,10,yaw,3.0,0.8
scene-0103_025,4,Car,19.6718,30,yaw,3.0,0.7
scene-0103_025,0,Car,29.0612,15,pitch,0.0,1.0
scene-0103_025,1,Car,14.1899,13,pitch,0.0,1.0
scene-0103_025,2,bicycle_rack,30.5147,17,pitch,0.0,1.0
scene-0103_025,3,Truck,45.401,10,pitch,0.0,1.0
scene-0103_025,4,Car,19.6718,30,pitch,0.0,1.0
scene-0103_025,0,Car,29.0612,15,pitch,0.5,1.0
scene-0103_025,1,Car,14.1899,13,pitch,0.5,1.0
scene-0103_025,2,bicycle_rack,30.5147,17,pitch,0.5,1.0
scene-0103_025,3,Truck,45.401,10,pitch,0.5,1.0
scene-0103_025,4,Car,19.6718,30,pitch,0.5,1.0
scene-0103_025,0,Car,29.0612,15,pitch,1.0,1.0
scene-0103_025,1,Car,14.1899,13,pitch,1.0,1.0
scene-0103_025,2,bicycle_rack,30.5147,17,pitch,1.0,1.0
scene-0103_025,3,Truck,45.401,10,pitch,1.0,1.0
scene-0103_025,4,Car,19.6718,30,pitch,1.0,1.0
scene-0103_025,0,Car,29.0612,15,pitch,2.0,1.0
scene-0103_025,1,Car,14.1899,13,pitch,2.0,0.7692
scene-0103_025,2,bicycle_rack,30.5147,17,pitch,2.0,1.0
scene-0103_025,3,Truck,45.401,10,pitch,2.0,1.0
scene-0103_025,4,Car,19.6718,30,pitch,2.0,1.0
scene-0103_025,0,Car,29.0612,15,pitch,3.0,1.0
scene-0103_025,1,Car,14.1899,13,pitch,3.0,0.7692
scene-0103_025,2,bicycle_rack,30.5147,17,pitch,3.0,1.0
scene-0103_025,3,Truck,45.401,10,pitch,3.0,1.0
scene-0103_025,4,Car,19.6718,30,pitch,3.0,1.0
scene-0103_025,0,Car,29.0612,15,roll,0.0,1.0
scene-0103_025,1,Car,14.1899,13,roll,0.0,1.0
scene-0103_025,2,bicycle_rack,30.5147,17,roll,0.0,1.0
scene-0103_025,3,Truck,45.401,10,roll,0.0,1.0
scene-0103_025,4,Car,19.6718,30,roll,0.0,1.0
scene-0103_025,0,Car,29.0612,15,roll,0.5,1.0
scene-0103_025,1,Car,14.1899,13,roll,0.5,1.0
scene-0103_025,2,bicycle_rack,30.5147,17,roll,0.5,1.0
scene-0103_025,3,Truck,45.401,10,roll,0.5,1.0
scene-0103_025,4,Car,19.6718,30,roll,0.5,1.0
scene-0103_025,0,Car,29.0612,15,roll,1.0,0.7333
scene-0103_025,1,Car,14.1899,13,roll,1.0,0.7692
scene-0103_025,2,bicycle_rack,30.5147,17,roll,1.0,1.0
scene-0103_025,3,Truck,45.401,10,roll,1.0,0.6
scene-0103_025,4,Car,19.6718,30,roll,1.0,1.0
scene-0103_025,0,Car,29.0612,15,roll,2.0,0.7333
scene-0103_025,1,Car,14.1899,13,roll,2.0,0.7692
scene-0103_025,2,bicycle_rack,30.5147,17,roll,2.0,0.6471
scene-0103_025,3,Truck,45.401,10,roll,2.0,0.6
scene-0103_025,4,Car,19.6718,30,roll,2.0,1.0
scene-0103_025,0,Car,29.0612,15,roll,3.0,0.0
scene-0103_025,1,Car,14.1899,13,roll,3.0,0.5385
scene-0103_025,2,bicycle_rack,30.5147,17,roll,3.0,0.2941
scene-0103_025,3,Truck,45.401,10,roll,3.0,0.2
scene-0103_025,4,Car,19.6718,30,roll,3.0,1.0
scene-0103_025,0,Car,29.0612,15,lateral_t,0.0,1.0
scene-0103_025,1,Car,14.1899,13,lateral_t,0.0,1.0
scene-0103_025,2,bicycle_rack,30.5147,17,lateral_t,0.0,1.0
scene-0103_025,3,Truck,45.401,10,lateral_t,0.0,1.0
scene-0103_025,4,Car,19.6718,30,lateral_t,0.0,1.0
scene-0103_025,0,Car,29.0612,15,lateral_t,0.02,1.0
scene-0103_025,1,Car,14.1899,13,lateral_t,0.02,1.0
scene-0103_025,2,bicycle_rack,30.5147,17,lateral_t,0.02,1.0
scene-0103_025,3,Truck,45.401,10,lateral_t,0.02,1.0
scene-0103_025,4,Car,19.6718,30,lateral_t,0.02,1.0
scene-0103_025,0,Car,29.0612,15,lateral_t,0.05,1.0
scene-0103_025,1,Car,14.1899,13,lateral_t,0.05,1.0
scene-0103_025,2,bicycle_rack,30.5147,17,lateral_t,0.05,1.0
scene-0103_025,3,Truck,45.401,10,lateral_t,0.05,1.0
scene-0103_025,4,Car,19.6718,30,lateral_t,0.05,1.0
scene-0103_025,0,Car,29.0612,15,lateral_t,0.1,1.0
scene-0103_025,1,Car,14.1899,13,lateral_t,0.1,1.0
scene-0103_025,2,bicycle_rack,30.5147,17,lateral_t,0.1,1.0
scene-0103_025,3,Truck,45.401,10,lateral_t,0.1,1.0
scene-0103_025,4,Car,19.6718,30,lateral_t,0.1,1.0
scene-0103_026,0,Car,26.7402,20,yaw,0.0,1.0
scene-0103_026,1,bicycle_rack,28.2667,28,yaw,0.0,1.0
scene-0103_026,2,Truck,43.0266,15,yaw,0.0,1.0
scene-0103_026,3,Car,17.6247,32,yaw,0.0,1.0
scene-0103_026,0,Car,26.7402,20,yaw,0.5,1.0
scene-0103_026,1,bicycle_rack,28.2667,28,yaw,0.5,1.0
scene-0103_026,2,Truck,43.0266,15,yaw,0.5,1.0
scene-0103_026,3,Car,17.6247,32,yaw,0.5,0.9375
scene-0103_026,0,Car,26.7402,20,yaw,1.0,0.95
scene-0103_026,1,bicycle_rack,28.2667,28,yaw,1.0,0.9643
scene-0103_026,2,Truck,43.0266,15,yaw,1.0,1.0
scene-0103_026,3,Car,17.6247,32,yaw,1.0,0.9062
scene-0103_026,0,Car,26.7402,20,yaw,2.0,0.7
scene-0103_026,1,bicycle_rack,28.2667,28,yaw,2.0,0.8571
scene-0103_026,2,Truck,43.0266,15,yaw,2.0,0.9333
scene-0103_026,3,Car,17.6247,32,yaw,2.0,0.6875
scene-0103_026,0,Car,26.7402,20,yaw,3.0,0.4
scene-0103_026,1,bicycle_rack,28.2667,28,yaw,3.0,0.7857
scene-0103_026,2,Truck,43.0266,15,yaw,3.0,0.6
scene-0103_026,3,Car,17.6247,32,yaw,3.0,0.5312
scene-0103_026,0,Car,26.7402,20,pitch,0.0,1.0
scene-0103_026,1,bicycle_rack,28.2667,28,pitch,0.0,1.0
scene-0103_026,2,Truck,43.0266,15,pitch,0.0,1.0
scene-0103_026,3,Car,17.6247,32,pitch,0.0,1.0
scene-0103_026,0,Car,26.7402,20,pitch,0.5,1.0
scene-0103_026,1,bicycle_rack,28.2667,28,pitch,0.5,1.0
scene-0103_026,2,Truck,43.0266,15,pitch,0.5,1.0
scene-0103_026,3,Car,17.6247,32,pitch,0.5,1.0
scene-0103_026,0,Car,26.7402,20,pitch,1.0,1.0
scene-0103_026,1,bicycle_rack,28.2667,28,pitch,1.0,1.0
scene-0103_026,2,Truck,43.0266,15,pitch,1.0,1.0
scene-0103_026,3,Car,17.6247,32,pitch,1.0,1.0
scene-0103_026,0,Car,26.7402,20,pitch,2.0,0.5
scene-0103_026,1,bicycle_rack,28.2667,28,pitch,2.0,1.0
scene-0103_026,2,Truck,43.0266,15,pitch,2.0,1.0
scene-0103_026,3,Car,17.6247,32,pitch,2.0,0.9688
scene-0103_026,0,Car,26.7402,20,pitch,3.0,0.5
scene-0103_026,1,bicycle_rack,28.2667,28,pitch,3.0,1.0
scene-0103_026,2,Truck,43.0266,15,pitch,3.0,1.0
scene-0103_026,3,Car,17.6247,32,pitch,3.0,0.9375
scene-0103_026,0,Car,26.7402,20,roll,0.0,1.0
scene-0103_026,1,bicycle_rack,28.2667,28,roll,0.0,1.0
scene-0103_026,2,Truck,43.0266,15,roll,0.0,1.0
scene-0103_026,3,Car,17.6247,32,roll,0.0,1.0
scene-0103_026,0,Car,26.7402,20,roll,0.5,1.0
scene-0103_026,1,bicycle_rack,28.2667,28,roll,0.5,1.0
scene-0103_026,2,Truck,43.0266,15,roll,0.5,1.0
scene-0103_026,3,Car,17.6247,32,roll,0.5,1.0
scene-0103_026,0,Car,26.7402,20,roll,1.0,0.9
scene-0103_026,1,bicycle_rack,28.2667,28,roll,1.0,1.0
scene-0103_026,2,Truck,43.0266,15,roll,1.0,0.8667
scene-0103_026,3,Car,17.6247,32,roll,1.0,1.0
scene-0103_026,0,Car,26.7402,20,roll,2.0,0.9
scene-0103_026,1,bicycle_rack,28.2667,28,roll,2.0,0.9286
scene-0103_026,2,Truck,43.0266,15,roll,2.0,0.4
scene-0103_026,3,Car,17.6247,32,roll,2.0,0.9375
scene-0103_026,0,Car,26.7402,20,roll,3.0,0.5
scene-0103_026,1,bicycle_rack,28.2667,28,roll,3.0,0.4643
scene-0103_026,2,Truck,43.0266,15,roll,3.0,0.4
scene-0103_026,3,Car,17.6247,32,roll,3.0,0.9375
scene-0103_026,0,Car,26.7402,20,lateral_t,0.0,1.0
scene-0103_026,1,bicycle_rack,28.2667,28,lateral_t,0.0,1.0
scene-0103_026,2,Truck,43.0266,15,lateral_t,0.0,1.0
scene-0103_026,3,Car,17.6247,32,lateral_t,0.0,1.0
scene-0103_026,0,Car,26.7402,20,lateral_t,0.02,1.0
scene-0103_026,1,bicycle_rack,28.2667,28,lateral_t,0.02,1.0
scene-0103_026,2,Truck,43.0266,15,lateral_t,0.02,1.0
scene-0103_026,3,Car,17.6247,32,lateral_t,0.02,1.0
scene-0103_026,0,Car,26.7402,20,lateral_t,0.05,1.0
scene-0103_026,1,bicycle_rack,28.2667,28,lateral_t,0.05,1.0
scene-0103_026,2,Truck,43.0266,15,lateral_t,0.05,1.0
scene-0103_026,3,Car,17.6247,32,lateral_t,0.05,1.0
scene-0103_026,0,Car,26.7402,20,lateral_t,0.1,1.0
scene-0103_026,1,bicycle_rack,28.2667,28,lateral_t,0.1,1.0
scene-0103_026,2,Truck,43.0266,15,lateral_t,0.1,1.0
scene-0103_026,3,Car,17.6247,32,lateral_t,0.1,1.0
scene-0103_027,0,Car,24.2053,24,yaw,0.0,1.0
scene-0103_027,1,bicycle_rack,25.8018,50,yaw,0.0,1.0
scene-0103_027,2,Truck,40.5032,19,yaw,0.0,1.0
scene-0103_027,3,Car,15.4549,17,yaw,0.0,1.0
scene-0103_027,0,Car,24.2053,24,yaw,0.5,1.0
scene-0103_027,1,bicycle_rack,25.8018,50,yaw,0.5,1.0
scene-0103_027,2,Truck,40.5032,19,yaw,0.5,1.0
scene-0103_027,3,Car,15.4549,17,yaw,0.5,1.0
scene-0103_027,0,Car,24.2053,24,yaw,1.0,0.9167
scene-0103_027,1,bicycle_rack,25.8018,50,yaw,1.0,0.98
scene-0103_027,2,Truck,40.5032,19,yaw,1.0,1.0
scene-0103_027,3,Car,15.4549,17,yaw,1.0,1.0
scene-0103_027,0,Car,24.2053,24,yaw,2.0,0.7083
scene-0103_027,1,bicycle_rack,25.8018,50,yaw,2.0,0.92
scene-0103_027,2,Truck,40.5032,19,yaw,2.0,0.9474
scene-0103_027,3,Car,15.4549,17,yaw,2.0,0.8824
scene-0103_027,0,Car,24.2053,24,yaw,3.0,0.4583
scene-0103_027,1,bicycle_rack,25.8018,50,yaw,3.0,0.86
scene-0103_027,2,Truck,40.5032,19,yaw,3.0,0.6316
scene-0103_027,3,Car,15.4549,17,yaw,3.0,0.8235
scene-0103_027,0,Car,24.2053,24,pitch,0.0,1.0
scene-0103_027,1,bicycle_rack,25.8018,50,pitch,0.0,1.0
scene-0103_027,2,Truck,40.5032,19,pitch,0.0,1.0
scene-0103_027,3,Car,15.4549,17,pitch,0.0,1.0
scene-0103_027,0,Car,24.2053,24,pitch,0.5,1.0
scene-0103_027,1,bicycle_rack,25.8018,50,pitch,0.5,1.0
scene-0103_027,2,Truck,40.5032,19,pitch,0.5,1.0
scene-0103_027,3,Car,15.4549,17,pitch,0.5,1.0
scene-0103_027,0,Car,24.2053,24,pitch,1.0,1.0
scene-0103_027,1,bicycle_rack,25.8018,50,pitch,1.0,1.0
scene-0103_027,2,Truck,40.5032,19,pitch,1.0,1.0
scene-0103_027,3,Car,15.4549,17,pitch,1.0,1.0
scene-0103_027,0,Car,24.2053,24,pitch,2.0,1.0
scene-0103_027,1,bicycle_rack,25.8018,50,pitch,2.0,1.0
scene-0103_027,2,Truck,40.5032,19,pitch,2.0,1.0
scene-0103_027,3,Car,15.4549,17,pitch,2.0,1.0
scene-0103_027,0,Car,24.2053,24,pitch,3.0,0.8333
scene-0103_027,1,bicycle_rack,25.8018,50,pitch,3.0,1.0
scene-0103_027,2,Truck,40.5032,19,pitch,3.0,1.0
scene-0103_027,3,Car,15.4549,17,pitch,3.0,0.8824
scene-0103_027,0,Car,24.2053,24,roll,0.0,1.0
scene-0103_027,1,bicycle_rack,25.8018,50,roll,0.0,1.0
scene-0103_027,2,Truck,40.5032,19,roll,0.0,1.0
scene-0103_027,3,Car,15.4549,17,roll,0.0,1.0
scene-0103_027,0,Car,24.2053,24,roll,0.5,1.0
scene-0103_027,1,bicycle_rack,25.8018,50,roll,0.5,1.0
scene-0103_027,2,Truck,40.5032,19,roll,0.5,1.0
scene-0103_027,3,Car,15.4549,17,roll,0.5,1.0
scene-0103_027,0,Car,24.2053,24,roll,1.0,1.0
scene-0103_027,1,bicycle_rack,25.8018,50,roll,1.0,0.96
scene-0103_027,2,Truck,40.5032,19,roll,1.0,1.0
scene-0103_027,3,Car,15.4549,17,roll,1.0,1.0
scene-0103_027,0,Car,24.2053,24,roll,2.0,0.5417
scene-0103_027,1,bicycle_rack,25.8018,50,roll,2.0,0.96
scene-0103_027,2,Truck,40.5032,19,roll,2.0,0.5263
scene-0103_027,3,Car,15.4549,17,roll,2.0,0.8824
scene-0103_027,0,Car,24.2053,24,roll,3.0,0.5417
scene-0103_027,1,bicycle_rack,25.8018,50,roll,3.0,0.62
scene-0103_027,2,Truck,40.5032,19,roll,3.0,0.5263
scene-0103_027,3,Car,15.4549,17,roll,3.0,0.7647
scene-0103_027,0,Car,24.2053,24,lateral_t,0.0,1.0
scene-0103_027,1,bicycle_rack,25.8018,50,lateral_t,0.0,1.0
scene-0103_027,2,Truck,40.5032,19,lateral_t,0.0,1.0
scene-0103_027,3,Car,15.4549,17,lateral_t,0.0,1.0
scene-0103_027,0,Car,24.2053,24,lateral_t,0.02,1.0
scene-0103_027,1,bicycle_rack,25.8018,50,lateral_t,0.02,1.0
scene-0103_027,2,Truck,40.5032,19,lateral_t,0.02,1.0
scene-0103_027,3,Car,15.4549,17,lateral_t,0.02,1.0
scene-0103_027,0,Car,24.2053,24,lateral_t,0.05,1.0
scene-0103_027,1,bicycle_rack,25.8018,50,lateral_t,0.05,1.0
scene-0103_027,2,Truck,40.5032,19,lateral_t,0.05,1.0
scene-0103_027,3,Car,15.4549,17,lateral_t,0.05,1.0
scene-0103_027,0,Car,24.2053,24,lateral_t,0.1,1.0
scene-0103_027,1,bicycle_rack,25.8018,50,lateral_t,0.1,1.0
scene-0103_027,2,Truck,40.5032,19,lateral_t,0.1,1.0
scene-0103_027,3,Car,15.4549,17,lateral_t,0.1,1.0
scene-0103_028,0,Car,21.7485,27,yaw,0.0,1.0
scene-0103_028,1,bicycle_rack,23.4289,61,yaw,0.0,1.0
scene-0103_028,2,Truck,38.0482,23,yaw,0.0,1.0
scene-0103_028,3,Car,26.5884,14,yaw,0.0,1.0
scene-0103_028,0,Car,21.7485,27,yaw,0.5,0.963
scene-0103_028,1,bicycle_rack,23.4289,61,yaw,0.5,1.0
scene-0103_028,2,Truck,38.0482,23,yaw,0.5,1.0
scene-0103_028,3,Car,26.5884,14,yaw,0.5,1.0
scene-0103_028,0,Car,21.7485,27,yaw,1.0,0.9259
scene-0103_028,1,bicycle_rack,23.4289,61,yaw,1.0,0.9836
scene-0103_028,2,Truck,38.0482,23,yaw,1.0,0.9565
scene-0103_028,3,Car,26.5884,14,yaw,1.0,0.9286
scene-0103_028,0,Car,21.7485,27,yaw,2.0,0.7778
scene-0103_028,1,bicycle_rack,23.4289,61,yaw,2.0,0.9508
scene-0103_028,2,Truck,38.0482,23,yaw,2.0,0.8261
scene-0103_028,3,Car,26.5884,14,yaw,2.0,0.8571
scene-0103_028,0,Car,21.7485,27,yaw,3.0,0.5556
scene-0103_028,1,bicycle_rack,23.4289,61,yaw,3.0,0.9016
scene-0103_028,2,Truck,38.0482,23,yaw,3.0,0.6522
scene-0103_028,3,Car,26.5884,14,yaw,3.0,0.4286
scene-0103_028,0,Car,21.7485,27,pitch,0.0,1.0
scene-0103_028,1,bicycle_rack,23.4289,61,pitch,0.0,1.0
scene-0103_028,2,Truck,38.0482,23,pitch,0.0,1.0
scene-0103_028,3,Car,26.5884,14,pitch,0.0,1.0
scene-0103_028,0,Car,21.7485,27,pitch,0.5,1.0
scene-0103_028,1,bicycle_rack,23.4289,61,pitch,0.5,1.0
scene-0103_028,2,Truck,38.0482,23,pitch,0.5,1.0
scene-0103_028,3,Car,26.5884,14,pitch,0.5,1.0
scene-0103_028,0,Car,21.7485,27,pitch,1.0,1.0
scene-0103_028,1,bicycle_rack,23.4289,61,pitch,1.0,1.0
scene-0103_028,2,Truck,38.0482,23,pitch,1.0,1.0
scene-0103_028,3,Car,26.5884,14,pitch,1.0,1.0
scene-0103_028,0,Car,21.7485,27,pitch,2.0,1.0
scene-0103_028,1,bicycle_rack,23.4289,61,pitch,2.0,0.9672
scene-0103_028,2,Truck,38.0482,23,pitch,2.0,1.0
scene-0103_028,3,Car,26.5884,14,pitch,2.0,1.0
scene-0103_028,0,Car,21.7485,27,pitch,3.0,0.5926
scene-0103_028,1,bicycle_rack,23.4289,61,pitch,3.0,0.9672
scene-0103_028,2,Truck,38.0482,23,pitch,3.0,1.0
scene-0103_028,3,Car,26.5884,14,pitch,3.0,1.0
scene-0103_028,0,Car,21.7485,27,roll,0.0,1.0
scene-0103_028,1,bicycle_rack,23.4289,61,roll,0.0,1.0
scene-0103_028,2,Truck,38.0482,23,roll,0.0,1.0
scene-0103_028,3,Car,26.5884,14,roll,0.0,1.0
scene-0103_028,0,Car,21.7485,27,roll,0.5,1.0
scene-0103_028,1,bicycle_rack,23.4289,61,roll,0.5,0.9672
scene-0103_028,2,Truck,38.0482,23,roll,0.5,1.0
scene-0103_028,3,Car,26.5884,14,roll,0.5,1.0
scene-0103_028,0,Car,21.7485,27,roll,1.0,1.0
scene-0103_028,1,bicycle_rack,23.4289,61,roll,1.0,0.9672
scene-0103_028,2,Truck,38.0482,23,roll,1.0,1.0
scene-0103_028,3,Car,26.5884,14,roll,1.0,0.5714
scene-0103_028,0,Car,21.7485,27,roll,2.0,0.8889
scene-0103_028,1,bicycle_rack,23.4289,61,roll,2.0,0.8689
scene-0103_028,2,Truck,38.0482,23,roll,2.0,0.4783
scene-0103_028,3,Car,26.5884,14,roll,2.0,0.5
scene-0103_028,0,Car,21.7485,27,roll,3.0,0.4074
scene-0103_028,1,bicycle_rack,23.4289,61,roll,3.0,0.8689
scene-0103_028,2,Truck,38.0482,23,roll,3.0,0.1739
scene-0103_028,3,Car,26.5884,14,roll,3.0,0.3571
scene-0103_028,0,Car,21.7485,27,lateral_t,0.0,1.0
scene-0103_028,1,bicycle_rack,23.4289,61,lateral_t,0.0,1.0
scene-0103_028,2,Truck,38.0482,23,lateral_t,0.0,1.0
scene-0103_028,3,Car,26.5884,14,lateral_t,0.0,1.0
scene-0103_028,0,Car,21.7485,27,lateral_t,0.02,1.0
scene-0103_028,1,bicycle_rack,23.4289,61,lateral_t,0.02,1.0
scene-0103_028,2,Truck,38.0482,23,lateral_t,0.02,1.0
scene-0103_028,3,Car,26.5884,14,lateral_t,0.02,1.0
scene-0103_028,0,Car,21.7485,27,lateral_t,0.05,1.0
scene-0103_028,1,bicycle_rack,23.4289,61,lateral_t,0.05,1.0
scene-0103_028,2,Truck,38.0482,23,lateral_t,0.05,1.0
scene-0103_028,3,Car,26.5884,14,lateral_t,0.05,1.0
scene-0103_028,0,Car,21.7485,27,lateral_t,0.1,1.0
scene-0103_028,1,bicycle_rack,23.4289,61,lateral_t,0.1,1.0
scene-0103_028,2,Truck,38.0482,23,lateral_t,0.1,1.0
scene-0103_028,3,Car,26.5884,14,lateral_t,0.1,1.0
scene-0103_029,0,Car,18.5919,41,yaw,0.0,1.0
scene-0103_029,1,bicycle_rack,20.4239,80,yaw,0.0,1.0
scene-0103_029,2,Truck,34.8607,26,yaw,0.0,1.0
scene-0103_029,3,Car,23.3796,11,yaw,0.0,1.0
scene-0103_029,0,Car,18.5919,41,yaw,0.5,1.0
scene-0103_029,1,bicycle_rack,20.4239,80,yaw,0.5,0.9625
scene-0103_029,2,Truck,34.8607,26,yaw,0.5,1.0
scene-0103_029,3,Car,23.3796,11,yaw,0.5,1.0
scene-0103_029,0,Car,18.5919,41,yaw,1.0,0.9512
scene-0103_029,1,bicycle_rack,20.4239,80,yaw,1.0,0.9125
scene-0103_029,2,Truck,34.8607,26,yaw,1.0,1.0
scene-0103_029,3,Car,23.3796,11,yaw,1.0,0.9091
scene-0103_029,0,Car,18.5919,41,yaw,2.0,0.8049
scene-0103_029,1,bicycle_rack,20.4239,80,yaw,2.0,0.8125
scene-0103_029,2,Truck,34.8607,26,yaw,2.0,0.8846
scene-0103_029,3,Car,23.3796,11,yaw,2.0,0.9091
scene-0103_029,0,Car,18.5919,41,yaw,3.0,0.6341
scene-0103_029,1,bicycle_rack,20.4239,80,yaw,3.0,0.7125
scene-0103_029,2,Truck,34.8607,26,yaw,3.0,0.7692
scene-0103_029,3,Car,23.3796,11,yaw,3.0,0.4545
scene-0103_029,0,Car,18.5919,41,pitch,0.0,1.0
scene-0103_029,1,bicycle_rack,20.4239,80,pitch,0.0,1.0
scene-0103_029,2,Truck,34.8607,26,pitch,0.0,1.0
scene-0103_029,3,Car,23.3796,11,pitch,0.0,1.0
scene-0103_029,0,Car,18.5919,41,pitch,0.5,1.0
scene-0103_029,1,bicycle_rack,20.4239,80,pitch,0.5,1.0
scene-0103_029,2,Truck,34.8607,26,pitch,0.5,1.0
scene-0103_029,3,Car,23.3796,11,pitch,0.5,1.0
scene-0103_029,0,Car,18.5919,41,pitch,1.0,1.0
scene-0103_029,1,bicycle_rack,20.4239,80,pitch,1.0,0.9875
scene-0103_029,2,Truck,34.8607,26,pitch,1.0,1.0
scene-0103_029,3,Car,23.3796,11,pitch,1.0,1.0
scene-0103_029,0,Car,18.5919,41,pitch,2.0,0.9268
scene-0103_029,1,bicycle_rack,20.4239,80,pitch,2.0,0.9875
scene-0103_029,2,Truck,34.8607,26,pitch,2.0,1.0
scene-0103_029,3,Car,23.3796,11,pitch,2.0,1.0
scene-0103_029,0,Car,18.5919,41,pitch,3.0,0.878
scene-0103_029,1,bicycle_rack,20.4239,80,pitch,3.0,0.975
scene-0103_029,2,Truck,34.8607,26,pitch,3.0,1.0
scene-0103_029,3,Car,23.3796,11,pitch,3.0,1.0
scene-0103_029,0,Car,18.5919,41,roll,0.0,1.0
scene-0103_029,1,bicycle_rack,20.4239,80,roll,0.0,1.0
scene-0103_029,2,Truck,34.8607,26,roll,0.0,1.0
scene-0103_029,3,Car,23.3796,11,roll,0.0,1.0
scene-0103_029,0,Car,18.5919,41,roll,0.5,1.0
scene-0103_029,1,bicycle_rack,20.4239,80,roll,0.5,0.9875
scene-0103_029,2,Truck,34.8607,26,roll,0.5,1.0
scene-0103_029,3,Car,23.3796,11,roll,0.5,1.0
scene-0103_029,0,Car,18.5919,41,roll,1.0,0.9024
scene-0103_029,1,bicycle_rack,20.4239,80,roll,1.0,0.9875
scene-0103_029,2,Truck,34.8607,26,roll,1.0,1.0
scene-0103_029,3,Car,23.3796,11,roll,1.0,1.0
scene-0103_029,0,Car,18.5919,41,roll,2.0,0.9024
scene-0103_029,1,bicycle_rack,20.4239,80,roll,2.0,0.925
scene-0103_029,2,Truck,34.8607,26,roll,2.0,0.5
scene-0103_029,3,Car,23.3796,11,roll,2.0,0.8182
scene-0103_029,0,Car,18.5919,41,roll,3.0,0.5366
scene-0103_029,1,bicycle_rack,20.4239,80,roll,3.0,0.7625
scene-0103_029,2,Truck,34.8607,26,roll,3.0,0.5
scene-0103_029,3,Car,23.3796,11,roll,3.0,0.8182
scene-0103_029,0,Car,18.5919,41,lateral_t,0.0,1.0
scene-0103_029,1,bicycle_rack,20.4239,80,lateral_t,0.0,1.0
scene-0103_029,2,Truck,34.8607,26,lateral_t,0.0,1.0
scene-0103_029,3,Car,23.3796,11,lateral_t,0.0,1.0
scene-0103_029,0,Car,18.5919,41,lateral_t,0.02,1.0
scene-0103_029,1,bicycle_rack,20.4239,80,lateral_t,0.02,1.0
scene-0103_029,2,Truck,34.8607,26,lateral_t,0.02,1.0
scene-0103_029,3,Car,23.3796,11,lateral_t,0.02,1.0
scene-0103_029,0,Car,18.5919,41,lateral_t,0.05,1.0
scene-0103_029,1,bicycle_rack,20.4239,80,lateral_t,0.05,1.0
scene-0103_029,2,Truck,34.8607,26,lateral_t,0.05,1.0
scene-0103_029,3,Car,23.3796,11,lateral_t,0.05,1.0
scene-0103_029,0,Car,18.5919,41,lateral_t,0.1,1.0
scene-0103_029,1,bicycle_rack,20.4239,80,lateral_t,0.1,1.0
scene-0103_029,2,Truck,34.8607,26,lateral_t,0.1,1.0
scene-0103_029,3,Car,23.3796,11,lateral_t,0.1,1.0
scene-0103_030,0,Car,15.5647,66,yaw,0.0,1.0
scene-0103_030,1,bicycle_rack,17.6267,59,yaw,0.0,1.0
scene-0103_030,2,Car,25.9639,20,yaw,0.0,1.0
scene-0103_030,3,Truck,31.7853,43,yaw,0.0,1.0
scene-0103_030,4,Car,20.2811,30,yaw,0.0,1.0
scene-0103_030,0,Car,15.5647,66,yaw,0.5,1.0
scene-0103_030,1,bicycle_rack,17.6267,59,yaw,0.5,0.9153
scene-0103_030,2,Car,25.9639,20,yaw,0.5,0.95
scene-0103_030,3,Truck,31.7853,43,yaw,0.5,1.0
scene-0103_030,4,Car,20.2811,30,yaw,0.5,1.0
scene-0103_030,0,Car,15.5647,66,yaw,1.0,0.9697
scene-0103_030,1,bicycle_rack,17.6267,59,yaw,1.0,0.8814
scene-0103_030,2,Car,25.9639,20,yaw,1.0,0.85
scene-0103_030,3,Truck,31.7853,43,yaw,1.0,1.0
scene-0103_030,4,Car,20.2811,30,yaw,1.0,0.9333
scene-0103_030,0,Car,15.5647,66,yaw,2.0,0.8788
scene-0103_030,1,bicycle_rack,17.6267,59,yaw,2.0,0.7966
scene-0103_030,2,Car,25.9639,20,yaw,2.0,0.55
scene-0103_030,3,Truck,31.7853,43,yaw,2.0,0.9302
scene-0103_030,4,Car,20.2811,30,yaw,2.0,0.9333
scene-0103_030,0,Car,15.5647,66,yaw,3.0,0.7727
scene-0103_030,1,bicycle_rack,17.6267,59,yaw,3.0,0.7119
scene-0103_030,2,Car,25.9639,20,yaw,3.0,0.2
scene-0103_030,3,Truck,31.7853,43,yaw,3.0,0.8605
scene-0103_030,4,Car,20.2811,30,yaw,3.0,0.8667
scene-0103_030,0,Car,15.5647,66,pitch,0.0,1.0
scene-0103_030,1,bicycle_rack,17.6267,59,pitch,0.0,1.0
scene-0103_030,2,Car,25.9639,20,pitch,0.0,1.0
scene-0103_030,3,Truck,31.7853,43,pitch,0.0,1.0
scene-0103_030,4,Car,20.2811,30,pitch,0.0,1.0
scene-0103_030,0,Car,15.5647,66,pitch,0.5,1.0
scene-0103_030,1,bicycle_rack,17.6267,59,pitch,0.5,1.0
scene-0103_030,2,Car,25.9639,20,pitch,0.5,1.0
scene-0103_030,3,Truck,31.7853,43,pitch,0.5,1.0
scene-0103_030,4,Car,20.2811,30,pitch,0.5,1.0
scene-0103_030,0,Car,15.5647,66,pitch,1.0,1.0
scene-0103_030,1,bicycle_rack,17.6267,59,pitch,1.0,0.9831
scene-0103_030,2,Car,25.9639,20,pitch,1.0,1.0
scene-0103_030,3,Truck,31.7853,43,pitch,1.0,1.0
scene-0103_030,4,Car,20.2811,30,pitch,1.0,1.0
scene-0103_030,0,Car,15.5647,66,pitch,2.0,1.0
scene-0103_030,1,bicycle_rack,17.6267,59,pitch,2.0,0.9661
scene-0103_030,2,Car,25.9639,20,pitch,2.0,1.0
scene-0103_030,3,Truck,31.7853,43,pitch,2.0,1.0
scene-0103_030,4,Car,20.2811,30,pitch,2.0,1.0
scene-0103_030,0,Car,15.5647,66,pitch,3.0,1.0
scene-0103_030,1,bicycle_rack,17.6267,59,pitch,3.0,0.9661
scene-0103_030,2,Car,25.9639,20,pitch,3.0,1.0
scene-0103_030,3,Truck,31.7853,43,pitch,3.0,1.0
scene-0103_030,4,Car,20.2811,30,pitch,3.0,1.0
scene-0103_030,0,Car,15.5647,66,roll,0.0,1.0
scene-0103_030,1,bicycle_rack,17.6267,59,roll,0.0,1.0
scene-0103_030,2,Car,25.9639,20,roll,0.0,1.0
scene-0103_030,3,Truck,31.7853,43,roll,0.0,1.0
scene-0103_030,4,Car,20.2811,30,roll,0.0,1.0
scene-0103_030,0,Car,15.5647,66,roll,0.5,1.0
scene-0103_030,1,bicycle_rack,17.6267,59,roll,0.5,0.9831
scene-0103_030,2,Car,25.9639,20,roll,0.5,1.0
scene-0103_030,3,Truck,31.7853,43,roll,0.5,1.0
scene-0103_030,4,Car,20.2811,30,roll,0.5,0.9667
scene-0103_030,0,Car,15.5647,66,roll,1.0,1.0
scene-0103_030,1,bicycle_rack,17.6267,59,roll,1.0,0.9831
scene-0103_030,2,Car,25.9639,20,roll,1.0,0.6
scene-0103_030,3,Truck,31.7853,43,roll,1.0,0.8372
scene-0103_030,4,Car,20.2811,30,roll,1.0,0.5333
scene-0103_030,0,Car,15.5647,66,roll,2.0,0.9091
scene-0103_030,1,bicycle_rack,17.6267,59,roll,2.0,0.8644
scene-0103_030,2,Car,25.9639,20,roll,2.0,0.6
scene-0103_030,3,Truck,31.7853,43,roll,2.0,0.8372
scene-0103_030,4,Car,20.2811,30,roll,2.0,0.4667
scene-0103_030,0,Car,15.5647,66,roll,3.0,0.6061
scene-0103_030,1,bicycle_rack,17.6267,59,roll,3.0,0.8644
scene-0103_030,2,Car,25.9639,20,roll,3.0,0.25
scene-0103_030,3,Truck,31.7853,43,roll,3.0,0.4186
scene-0103_030,4,Car,20.2811,30,roll,3.0,0.4667
scene-0103_030,0,Car,15.5647,66,lateral_t,0.0,1.0
scene-0103_030,1,bicycle_rack,17.6267,59,lateral_t,0.0,1.0
scene-0103_030,2,Car,25.9639,20,lateral_t,0.0,1.0
scene-0103_030,3,Truck,31.7853,43,lateral_t,0.0,1.0
scene-0103_030,4,Car,20.2811,30,lateral_t,0.0,1.0
scene-0103_030,0,Car,15.5647,66,lateral_t,0.02,1.0
scene-0103_030,1,bicycle_rack,17.6267,59,lateral_t,0.02,1.0
scene-0103_030,2,Car,25.9639,20,lateral_t,0.02,1.0
scene-0103_030,3,Truck,31.7853,43,lateral_t,0.02,1.0
scene-0103_030,4,Car,20.2811,30,lateral_t,0.02,1.0
scene-0103_030,0,Car,15.5647,66,lateral_t,0.05,1.0
scene-0103_030,1,bicycle_rack,17.6267,59,lateral_t,0.05,1.0
scene-0103_030,2,Car,25.9639,20,lateral_t,0.05,1.0
scene-0103_030,3,Truck,31.7853,43,lateral_t,0.05,1.0
scene-0103_030,4,Car,20.2811,30,lateral_t,0.05,1.0
scene-0103_030,0,Car,15.5647,66,lateral_t,0.1,1.0
scene-0103_030,1,bicycle_rack,17.6267,59,lateral_t,0.1,1.0
scene-0103_030,2,Car,25.9639,20,lateral_t,0.1,1.0
scene-0103_030,3,Truck,31.7853,43,lateral_t,0.1,1.0
scene-0103_030,4,Car,20.2811,30,lateral_t,0.1,1.0
scene-0103_031,0,Car,12.4205,133,yaw,0.0,1.0
scene-0103_031,1,Car,28.6801,12,yaw,0.0,1.0
scene-0103_031,2,bicycle_rack,14.8077,31,yaw,0.0,1.0
scene-0103_031,3,Car,22.6439,19,yaw,0.0,1.0
scene-0103_031,4,Truck,28.511,49,yaw,0.0,1.0
scene-0103_031,5,Car,17.0436,47,yaw,0.0,1.0
scene-0103_031,0,Car,12.4205,133,yaw,0.5,1.0
scene-0103_031,1,Car,28.6801,12,yaw,0.5,1.0
scene-0103_031,2,bicycle_rack,14.8077,31,yaw,0.5,0.9355
scene-0103_031,3,Car,22.6439,19,yaw,0.5,1.0
scene-0103_031,4,Truck,28.511,49,yaw,0.5,1.0
scene-0103_031,5,Car,17.0436,47,yaw,0.5,1.0
scene-0103_031,0,Car,12.4205,133,yaw,1.0,0.985
scene-0103_031,1,Car,28.6801,12,yaw,1.0,1.0
scene-0103_031,2,bicycle_rack,14.8077,31,yaw,1.0,0.9032
scene-0103_031,3,Car,22.6439,19,yaw,1.0,0.8947
scene-0103_031,4,Truck,28.511,49,yaw,1.0,1.0
scene-0103_031,5,Car,17.0436,47,yaw,1.0,0.9787
scene-0103_031,0,Car,12.4205,133,yaw,2.0,0.9323
scene-0103_031,1,Car,28.6801,12,yaw,2.0,0.8333
scene-0103_031,2,bicycle_rack,14.8077,31,yaw,2.0,0.8065
scene-0103_031,3,Car,22.6439,19,yaw,2.0,0.5789
scene-0103_031,4,Truck,28.511,49,yaw,2.0,0.9592
scene-0103_031,5,Car,17.0436,47,yaw,2.0,0.8723
scene-0103_031,0,Car,12.4205,133,yaw,3.0,0.8496
scene-0103_031,1,Car,28.6801,12,yaw,3.0,0.3333
scene-0103_031,2,bicycle_rack,14.8077,31,yaw,3.0,0.6774
scene-0103_031,3,Car,22.6439,19,yaw,3.0,0.2105
scene-0103_031,4,Truck,28.511,49,yaw,3.0,0.8776
scene-0103_031,5,Car,17.0436,47,yaw,3.0,0.7447
scene-0103_031,0,Car,12.4205,133,pitch,0.0,1.0
scene-0103_031,1,Car,28.6801,12,pitch,0.0,1.0
scene-0103_031,2,bicycle_rack,14.8077,31,pitch,0.0,1.0
scene-0103_031,3,Car,22.6439,19,pitch,0.0,1.0
scene-0103_031,4,Truck,28.511,49,pitch,0.0,1.0
scene-0103_031,5,Car,17.0436,47,pitch,0.0,1.0
scene-0103_031,0,Car,12.4205,133,pitch,0.5,1.0
scene-0103_031,1,Car,28.6801,12,pitch,0.5,1.0
scene-0103_031,2,bicycle_rack,14.8077,31,pitch,0.5,1.0
scene-0103_031,3,Car,22.6439,19,pitch,0.5,1.0
scene-0103_031,4,Truck,28.511,49,pitch,0.5,1.0
scene-0103_031,5,Car,17.0436,47,pitch,0.5,1.0
scene-0103_031,0,Car,12.4205,133,pitch,1.0,1.0
scene-0103_031,1,Car,28.6801,12,pitch,1.0,1.0
scene-0103_031,2,bicycle_rack,14.8077,31,pitch,1.0,1.0
scene-0103_031,3,Car,22.6439,19,pitch,1.0,1.0
scene-0103_031,4,Truck,28.511,49,pitch,1.0,1.0
scene-0103_031,5,Car,17.0436,47,pitch,1.0,1.0
scene-0103_031,0,Car,12.4205,133,pitch,2.0,1.0
scene-0103_031,1,Car,28.6801,12,pitch,2.0,1.0
scene-0103_031,2,bicycle_rack,14.8077,31,pitch,2.0,1.0
scene-0103_031,3,Car,22.6439,19,pitch,2.0,1.0
scene-0103_031,4,Truck,28.511,49,pitch,2.0,1.0
scene-0103_031,5,Car,17.0436,47,pitch,2.0,1.0
scene-0103_031,0,Car,12.4205,133,pitch,3.0,0.8947
scene-0103_031,1,Car,28.6801,12,pitch,3.0,1.0
scene-0103_031,2,bicycle_rack,14.8077,31,pitch,3.0,0.9677
scene-0103_031,3,Car,22.6439,19,pitch,3.0,0.8421
scene-0103_031,4,Truck,28.511,49,pitch,3.0,1.0
scene-0103_031,5,Car,17.0436,47,pitch,3.0,1.0
scene-0103_031,0,Car,12.4205,133,roll,0.0,1.0
scene-0103_031,1,Car,28.6801,12,roll,0.0,1.0
scene-0103_031,2,bicycle_rack,14.8077,31,roll,0.0,1.0
scene-0103_031,3,Car,22.6439,19,roll,0.0,1.0
scene-0103_031,4,Truck,28.511,49,roll,0.0,1.0
scene-0103_031,5,Car,17.0436,47,roll,0.0,1.0
scene-0103_031,0,Car,12.4205,133,roll,0.5,0.9173
scene-0103_031,1,Car,28.6801,12,roll,0.5,1.0
scene-0103_031,2,bicycle_rack,14.8077,31,roll,0.5,1.0
scene-0103_031,3,Car,22.6439,19,roll,0.5,1.0
scene-0103_031,4,Truck,28.511,49,roll,0.5,1.0
scene-0103_031,5,Car,17.0436,47,roll,0.5,1.0
scene-0103_031,0,Car,12.4205,133,roll,1.0,0.8947
scene-0103_031,1,Car,28.6801,12,roll,1.0,0.4167
scene-0103_031,2,bicycle_rack,14.8077,31,roll,1.0,1.0
scene-0103_031,3,Car,22.6439,19,roll,1.0,1.0
scene-0103_031,4,Truck,28.511,49,roll,1.0,1.0
scene-0103_031,5,Car,17.0436,47,roll,1.0,1.0
scene-0103_031,0,Car,12.4205,133,roll,2.0,0.8346
scene-0103_031,1,Car,28.6801,12,roll,2.0,0.4167
scene-0103_031,2,bicycle_rack,14.8077,31,roll,2.0,0.9032
scene-0103_031,3,Car,22.6439,19,roll,2.0,0.6316
scene-0103_031,4,Truck,28.511,49,roll,2.0,0.8571
scene-0103_031,5,Car,17.0436,47,roll,2.0,0.9574
scene-0103_031,0,Car,12.4205,133,roll,3.0,0.812
scene-0103_031,1,Car,28.6801,12,roll,3.0,0.25
scene-0103_031,2,bicycle_rack,14.8077,31,roll,3.0,0.7742
scene-0103_031,3,Car,22.6439,19,roll,3.0,0.5789
scene-0103_031,4,Truck,28.511,49,roll,3.0,0.4286
scene-0103_031,5,Car,17.0436,47,roll,3.0,0.9574
scene-0103_031,0,Car,12.4205,133,lateral_t,0.0,1.0
scene-0103_031,1,Car,28.6801,12,lateral_t,0.0,1.0
scene-0103_031,2,bicycle_rack,14.8077,31,lateral_t,0.0,1.0
scene-0103_031,3,Car,22.6439,19,lateral_t,0.0,1.0
scene-0103_031,4,Truck,28.511,49,lateral_t,0.0,1.0
scene-0103_031,5,Car,17.0436,47,lateral_t,0.0,1.0
scene-0103_031,0,Car,12.4205,133,lateral_t,0.02,0.985
scene-0103_031,1,Car,28.6801,12,lateral_t,0.02,1.0
scene-0103_031,2,bicycle_rack,14.8077,31,lateral_t,0.02,1.0
scene-0103_031,3,Car,22.6439,19,lateral_t,0.02,1.0
scene-0103_031,4,Truck,28.511,49,lateral_t,0.02,1.0
scene-0103_031,5,Car,17.0436,47,lateral_t,0.02,1.0
scene-0103_031,0,Car,12.4205,133,lateral_t,0.05,0.9699
scene-0103_031,1,Car,28.6801,12,lateral_t,0.05,1.0
scene-0103_031,2,bicycle_rack,14.8077,31,lateral_t,0.05,1.0
scene-0103_031,3,Car,22.6439,19,lateral_t,0.05,1.0
scene-0103_031,4,Truck,28.511,49,lateral_t,0.05,1.0
scene-0103_031,5,Car,17.0436,47,lateral_t,0.05,1.0
scene-0103_031,0,Car,12.4205,133,lateral_t,0.1,0.9549
scene-0103_031,1,Car,28.6801,12,lateral_t,0.1,1.0
scene-0103_031,2,bicycle_rack,14.8077,31,lateral_t,0.1,1.0
scene-0103_031,3,Car,22.6439,19,lateral_t,0.1,1.0
scene-0103_031,4,Truck,28.511,49,lateral_t,0.1,1.0
scene-0103_031,5,Car,17.0436,47,lateral_t,0.1,1.0
scene-0103_032,0,Car,9.3847,30,yaw,0.0,1.0
scene-0103_032,1,Car,25.2307,22,yaw,0.0,1.0
scene-0103_032,2,bicycle_rack,12.1624,23,yaw,0.0,1.0
scene-0103_032,3,Car,33.1927,10,yaw,0.0,1.0
scene-0103_032,4,Bicycle,17.231,16,yaw,0.0,1.0
scene-0103_032,5,Car,19.2146,25,yaw,0.0,1.0
scene-0103_032,6,Truck,25.1367,70,yaw,0.0,1.0
scene-0103_032,7,Car,13.755,123,yaw,0.0,1.0
scene-0103_032,0,Car,9.3847,30,yaw,0.5,1.0
scene-0103_032,1,Car,25.2307,22,yaw,0.5,1.0
scene-0103_032,2,bicycle_rack,12.1624,23,yaw,0.5,0.913
scene-0103_032,3,Car,33.1927,10,yaw,0.5,1.0
scene-0103_032,4,Bicycle,17.231,16,yaw,0.5,1.0
scene-0103_032,5,Car,19.2146,25,yaw,0.5,0.96
scene-0103_032,6,Truck,25.1367,70,yaw,0.5,1.0
scene-0103_032,7,Car,13.755,123,yaw,0.5,1.0
scene-0103_032,0,Car,9.3847,30,yaw,1.0,0.9667
scene-0103_032,1,Car,25.2307,22,yaw,1.0,0.8636
scene-0103_032,2,bicycle_rack,12.1624,23,yaw,1.0,0.7826
scene-0103_032,3,Car,33.1927,10,yaw,1.0,1.0
scene-0103_032,4,Bicycle,17.231,16,yaw,1.0,1.0
scene-0103_032,5,Car,19.2146,25,yaw,1.0,0.92
scene-0103_032,6,Truck,25.1367,70,yaw,1.0,1.0
scene-0103_032,7,Car,13.755,123,yaw,1.0,0.9837
scene-0103_032,0,Car,9.3847,30,yaw,2.0,0.7
scene-0103_032,1,Car,25.2307,22,yaw,2.0,0.7273
scene-0103_032,2,bicycle_rack,12.1624,23,yaw,2.0,0.6522
scene-0103_032,3,Car,33.1927,10,yaw,2.0,1.0
scene-0103_032,4,Bicycle,17.231,16,yaw,2.0,0.8125
scene-0103_032,5,Car,19.2146,25,yaw,2.0,0.64
scene-0103_032,6,Truck,25.1367,70,yaw,2.0,0.9571
scene-0103_032,7,Car,13.755,123,yaw,2.0,0.9268
scene-0103_032,0,Car,9.3847,30,yaw,3.0,0.5333
scene-0103_032,1,Car,25.2307,22,yaw,3.0,0.4091
scene-0103_032,2,bicycle_rack,12.1624,23,yaw,3.0,0.5217
scene-0103_032,3,Car,33.1927,10,yaw,3.0,0.8
scene-0103_032,4,Bicycle,17.231,16,yaw,3.0,0.25
scene-0103_032,5,Car,19.2146,25,yaw,3.0,0.48
scene-0103_032,6,Truck,25.1367,70,yaw,3.0,0.8714
scene-0103_032,7,Car,13.755,123,yaw,3.0,0.8537
scene-0103_032,0,Car,9.3847,30,pitch,0.0,1.0
scene-0103_032,1,Car,25.2307,22,pitch,0.0,1.0
scene-0103_032,2,bicycle_rack,12.1624,23,pitch,0.0,1.0
scene-0103_032,3,Car,33.1927,10,pitch,0.0,1.0
scene-0103_032,4,Bicycle,17.231,16,pitch,0.0,1.0
scene-0103_032,5,Car,19.2146,25,pitch,0.0,1.0
scene-0103_032,6,Truck,25.1367,70,pitch,0.0,1.0
scene-0103_032,7,Car,13.755,123,pitch,0.0,1.0
scene-0103_032,0,Car,9.3847,30,pitch,0.5,1.0
scene-0103_032,1,Car,25.2307,22,pitch,0.5,1.0
scene-0103_032,2,bicycle_rack,12.1624,23,pitch,0.5,1.0
scene-0103_032,3,Car,33.1927,10,pitch,0.5,1.0
scene-0103_032,4,Bicycle,17.231,16,pitch,0.5,1.0
scene-0103_032,5,Car,19.2146,25,pitch,0.5,1.0
scene-0103_032,6,Truck,25.1367,70,pitch,0.5,1.0
scene-0103_032,7,Car,13.755,123,pitch,0.5,1.0
scene-0103_032,0,Car,9.3847,30,pitch,1.0,1.0
scene-0103_032,1,Car,25.2307,22,pitch,1.0,1.0
scene-0103_032,2,bicycle_rack,12.1624,23,pitch,1.0,1.0
scene-0103_032,3,Car,33.1927,10,pitch,1.0,1.0
scene-0103_032,4,Bicycle,17.231,16,pitch,1.0,1.0
scene-0103_032,5,Car,19.2146,25,pitch,1.0,1.0
scene-0103_032,6,Truck,25.1367,70,pitch,1.0,1.0
scene-0103_032,7,Car,13.755,123,pitch,1.0,1.0
scene-0103_032,0,Car,9.3847,30,pitch,2.0,1.0
scene-0103_032,1,Car,25.2307,22,pitch,2.0,1.0
scene-0103_032,2,bicycle_rack,12.1624,23,pitch,2.0,0.9565
scene-0103_032,3,Car,33.1927,10,pitch,2.0,1.0
scene-0103_032,4,Bicycle,17.231,16,pitch,2.0,1.0
scene-0103_032,5,Car,19.2146,25,pitch,2.0,1.0
scene-0103_032,6,Truck,25.1367,70,pitch,2.0,1.0
scene-0103_032,7,Car,13.755,123,pitch,2.0,0.9024
scene-0103_032,0,Car,9.3847,30,pitch,3.0,1.0
scene-0103_032,1,Car,25.2307,22,pitch,3.0,1.0
scene-0103_032,2,bicycle_rack,12.1624,23,pitch,3.0,0.8261
scene-0103_032,3,Car,33.1927,10,pitch,3.0,1.0
scene-0103_032,4,Bicycle,17.231,16,pitch,3.0,1.0
scene-0103_032,5,Car,19.2146,25,pitch,3.0,1.0
scene-0103_032,6,Truck,25.1367,70,pitch,3.0,0.9429
scene-0103_032,7,Car,13.755,123,pitch,3.0,0.9024
scene-0103_032,0,Car,9.3847,30,roll,0.0,1.0
scene-0103_032,1,Car,25.2307,22,roll,0.0,1.0
scene-0103_032,2,bicycle_rack,12.1624,23,roll,0.0,1.0
scene-0103_032,3,Car,33.1927,10,roll,0.0,1.0
scene-0103_032,4,Bicycle,17.231,16,roll,0.0,1.0
scene-0103_032,5,Car,19.2146,25,roll,0.0,1.0
scene-0103_032,6,Truck,25.1367,70,roll,0.0,1.0
scene-0103_032,7,Car,13.755,123,roll,0.0,1.0
scene-0103_032,0,Car,9.3847,30,roll,0.5,1.0
scene-0103_032,1,Car,25.2307,22,roll,0.5,1.0
scene-0103_032,2,bicycle_rack,12.1624,23,roll,0.5,1.0
scene-0103_032,3,Car,33.1927,10,roll,0.5,1.0
scene-0103_032,4,Bicycle,17.231,16,roll,0.5,1.0
scene-0103_032,5,Car,19.2146,25,roll,0.5,0.96
scene-0103_032,6,Truck,25.1367,70,roll,0.5,1.0
scene-0103_032,7,Car,13.755,123,roll,0.5,1.0
scene-0103_032,0,Car,9.3847,30,roll,1.0,1.0
scene-0103_032,1,Car,25.2307,22,roll,1.0,0.5909
scene-0103_032,2,bicycle_rack,12.1624,23,roll,1.0,1.0
scene-0103_032,3,Car,33.1927,10,roll,1.0,1.0
scene-0103_032,4,Bicycle,17.231,16,roll,1.0,1.0
scene-0103_032,5,Car,19.2146,25,roll,1.0,0.96
scene-0103_032,6,Truck,25.1367,70,roll,1.0,1.0
scene-0103_032,7,Car,13.755,123,roll,1.0,1.0
scene-0103_032,0,Car,9.3847,30,roll,2.0,1.0
scene-0103_032,1,Car,25.2307,22,roll,2.0,0.5909
scene-0103_032,2,bicycle_rack,12.1624,23,roll,2.0,0.8696
scene-0103_032,3,Car,33.1927,10,roll,2.0,0.2
scene-0103_032,4,Bicycle,17.231,16,roll,2.0,0.75
scene-0103_032,5,Car,19.2146,25,roll,2.0,0.84
scene-0103_032,6,Truck,25.1367,70,roll,2.0,0.8714
scene-0103_032,7,Car,13.755,123,roll,2.0,0.9187
scene-0103_032,0,Car,9.3847,30,roll,3.0,1.0
scene-0103_032,1,Car,25.2307,22,roll,3.0,0.3182
scene-0103_032,2,bicycle_rack,12.1624,23,roll,3.0,0.6087
scene-0103_032,3,Car,33.1927,10,roll,3.0,0.2
scene-0103_032,4,Bicycle,17.231,16,roll,3.0,0.75
scene-0103_032,5,Car,19.2146,25,roll,3.0,0.8
scene-0103_032,6,Truck,25.1367,70,roll,3.0,0.5429
scene-0103_032,7,Car,13.755,123,roll,3.0,0.9106
scene-0103_032,0,Car,9.3847,30,lateral_t,0.0,1.0
scene-0103_032,1,Car,25.2307,22,lateral_t,0.0,1.0
scene-0103_032,2,bicycle_rack,12.1624,23,lateral_t,0.0,1.0
scene-0103_032,3,Car,33.1927,10,lateral_t,0.0,1.0
scene-0103_032,4,Bicycle,17.231,16,lateral_t,0.0,1.0
scene-0103_032,5,Car,19.2146,25,lateral_t,0.0,1.0
scene-0103_032,6,Truck,25.1367,70,lateral_t,0.0,1.0
scene-0103_032,7,Car,13.755,123,lateral_t,0.0,1.0
scene-0103_032,0,Car,9.3847,30,lateral_t,0.02,1.0
scene-0103_032,1,Car,25.2307,22,lateral_t,0.02,1.0
scene-0103_032,2,bicycle_rack,12.1624,23,lateral_t,0.02,1.0
scene-0103_032,3,Car,33.1927,10,lateral_t,0.02,1.0
scene-0103_032,4,Bicycle,17.231,16,lateral_t,0.02,1.0
scene-0103_032,5,Car,19.2146,25,lateral_t,0.02,1.0
scene-0103_032,6,Truck,25.1367,70,lateral_t,0.02,1.0
scene-0103_032,7,Car,13.755,123,lateral_t,0.02,1.0
scene-0103_032,0,Car,9.3847,30,lateral_t,0.05,0.9333
scene-0103_032,1,Car,25.2307,22,lateral_t,0.05,1.0
scene-0103_032,2,bicycle_rack,12.1624,23,lateral_t,0.05,1.0
scene-0103_032,3,Car,33.1927,10,lateral_t,0.05,1.0
scene-0103_032,4,Bicycle,17.231,16,lateral_t,0.05,1.0
scene-0103_032,5,Car,19.2146,25,lateral_t,0.05,1.0
scene-0103_032,6,Truck,25.1367,70,lateral_t,0.05,1.0
scene-0103_032,7,Car,13.755,123,lateral_t,0.05,1.0
scene-0103_032,0,Car,9.3847,30,lateral_t,0.1,0.9
scene-0103_032,1,Car,25.2307,22,lateral_t,0.1,1.0
scene-0103_032,2,bicycle_rack,12.1624,23,lateral_t,0.1,1.0
scene-0103_032,3,Car,33.1927,10,lateral_t,0.1,1.0
scene-0103_032,4,Bicycle,17.231,16,lateral_t,0.1,1.0
scene-0103_032,5,Car,19.2146,25,lateral_t,0.1,1.0
scene-0103_032,6,Truck,25.1367,70,lateral_t,0.1,1.0
scene-0103_032,7,Car,13.755,123,lateral_t,0.1,1.0
scene-0103_033,0,Car,21.5971,30,yaw,0.0,1.0
scene-0103_033,1,Car,29.6041,20,yaw,0.0,1.0
scene-0103_033,2,Bicycle,11.4634,31,yaw,0.0,1.0
scene-0103_033,3,Car,15.6328,64,yaw,0.0,1.0
scene-0103_033,4,Truck,21.6473,122,yaw,0.0,1.0
scene-0103_033,5,Car,10.4195,95,yaw,0.0,1.0
scene-0103_033,0,Car,21.5971,30,yaw,0.5,1.0
scene-0103_033,1,Car,29.6041,20,yaw,0.5,1.0
scene-0103_033,2,Bicycle,11.4634,31,yaw,0.5,0.8387
scene-0103_033,3,Car,15.6328,64,yaw,0.5,1.0
scene-0103_033,4,Truck,21.6473,122,yaw,0.5,1.0
scene-0103_033,5,Car,10.4195,95,yaw,0.5,1.0
scene-0103_033,0,Car,21.5971,30,yaw,1.0,0.9667
scene-0103_033,1,Car,29.6041,20,yaw,1.0,1.0
scene-0103_033,2,Bicycle,11.4634,31,yaw,1.0,0.6774
scene-0103_033,3,Car,15.6328,64,yaw,1.0,0.9688
scene-0103_033,4,Truck,21.6473,122,yaw,1.0,1.0
scene-0103_033,5,Car,10.4195,95,yaw,1.0,0.9895
scene-0103_033,0,Car,21.5971,30,yaw,2.0,0.8333
scene-0103_033,1,Car,29.6041,20,yaw,2.0,1.0
scene-0103_033,2,Bicycle,11.4634,31,yaw,2.0,0.2581
scene-0103_033,3,Car,15.6328,64,yaw,2.0,0.8906
scene-0103_033,4,Truck,21.6473,122,yaw,2.0,1.0
scene-0103_033,5,Car,10.4195,95,yaw,2.0,0.9368
scene-0103_033,0,Car,21.5971,30,yaw,3.0,0.5
scene-0103_033,1,Car,29.6041,20,yaw,3.0,0.85
scene-0103_033,2,Bicycle,11.4634,31,yaw,3.0,0.0
scene-0103_033,3,Car,15.6328,64,yaw,3.0,0.7969
scene-0103_033,4,Truck,21.6473,122,yaw,3.0,0.9508
scene-0103_033,5,Car,10.4195,95,yaw,3.0,0.8632
scene-0103_033,0,Car,21.5971,30,pitch,0.0,1.0
scene-0103_033,1,Car,29.6041,20,pitch,0.0,1.0
scene-0103_033,2,Bicycle,11.4634,31,pitch,0.0,1.0
scene-0103_033,3,Car,15.6328,64,pitch,0.0,1.0
scene-0103_033,4,Truck,21.6473,122,pitch,0.0,1.0
scene-0103_033,5,Car,10.4195,95,pitch,0.0,1.0
scene-0103_033,0,Car,21.5971,30,pitch,0.5,1.0
scene-0103_033,1,Car,29.6041,20,pitch,0.5,1.0
scene-0103_033,2,Bicycle,11.4634,31,pitch,0.5,1.0
scene-0103_033,3,Car,15.6328,64,pitch,0.5,1.0
scene-0103_033,4,Truck,21.6473,122,pitch,0.5,1.0
scene-0103_033,5,Car,10.4195,95,pitch,0.5,1.0
scene-0103_033,0,Car,21.5971,30,pitch,1.0,1.0
scene-0103_033,1,Car,29.6041,20,pitch,1.0,1.0
scene-0103_033,2,Bicycle,11.4634,31,pitch,1.0,0.9677
scene-0103_033,3,Car,15.6328,64,pitch,1.0,0.9688
scene-0103_033,4,Truck,21.6473,122,pitch,1.0,1.0
scene-0103_033,5,Car,10.4195,95,pitch,1.0,1.0
scene-0103_033,0,Car,21.5971,30,pitch,2.0,1.0
scene-0103_033,1,Car,29.6041,20,pitch,2.0,1.0
scene-0103_033,2,Bicycle,11.4634,31,pitch,2.0,0.9677
scene-0103_033,3,Car,15.6328,64,pitch,2.0,0.875
scene-0103_033,4,Truck,21.6473,122,pitch,2.0,1.0
scene-0103_033,5,Car,10.4195,95,pitch,2.0,1.0
scene-0103_033,0,Car,21.5971,30,pitch,3.0,0.9333
scene-0103_033,1,Car,29.6041,20,pitch,3.0,1.0
scene-0103_033,2,Bicycle,11.4634,31,pitch,3.0,0.871
scene-0103_033,3,Car,15.6328,64,pitch,3.0,0.875
scene-0103_033,4,Truck,21.6473,122,pitch,3.0,0.9508
scene-0103_033,5,Car,10.4195,95,pitch,3.0,1.0
scene-0103_033,0,Car,21.5971,30,roll,0.0,1.0
scene-0103_033,1,Car,29.6041,20,roll,0.0,1.0
scene-0103_033,2,Bicycle,11.4634,31,roll,0.0,1.0
scene-0103_033,3,Car,15.6328,64,roll,0.0,1.0
scene-0103_033,4,Truck,21.6473,122,roll,0.0,1.0
scene-0103_033,5,Car,10.4195,95,roll,0.0,1.0
scene-0103_033,0,Car,21.5971,30,roll,0.5,1.0
scene-0103_033,1,Car,29.6041,20,roll,0.5,1.0
scene-0103_033,2,Bicycle,11.4634,31,roll,0.5,1.0
scene-0103_033,3,Car,15.6328,64,roll,0.5,1.0
scene-0103_033,4,Truck,21.6473,122,roll,0.5,1.0
scene-0103_033,5,Car,10.4195,95,roll,0.5,1.0
scene-0103_033,0,Car,21.5971,30,roll,1.0,0.7667
scene-0103_033,1,Car,29.6041,20,roll,1.0,1.0
scene-0103_033,2,Bicycle,11.4634,31,roll,1.0,1.0
scene-0103_033,3,Car,15.6328,64,roll,1.0,0.9375
scene-0103_033,4,Truck,21.6473,122,roll,1.0,1.0
scene-0103_033,5,Car,10.4195,95,roll,1.0,1.0
scene-0103_033,0,Car,21.5971,30,roll,2.0,0.7667
scene-0103_033,1,Car,29.6041,20,roll,2.0,0.5
scene-0103_033,2,Bicycle,11.4634,31,roll,2.0,0.9032
scene-0103_033,3,Car,15.6328,64,roll,2.0,0.875
scene-0103_033,4,Truck,21.6473,122,roll,2.0,0.8443
scene-0103_033,5,Car,10.4195,95,roll,2.0,1.0
scene-0103_033,0,Car,21.5971,30,roll,3.0,0.4333
scene-0103_033,1,Car,29.6041,20,roll,3.0,0.5
scene-0103_033,2,Bicycle,11.4634,31,roll,3.0,0.9032
scene-0103_033,3,Car,15.6328,64,roll,3.0,0.8438
scene-0103_033,4,Truck,21.6473,122,roll,3.0,0.6311
scene-0103_033,5,Car,10.4195,95,roll,3.0,0.9895
scene-0103_033,0,Car,21.5971,30,lateral_t,0.0,1.0
scene-0103_033,1,Car,29.6041,20,lateral_t,0.0,1.0
scene-0103_033,2,Bicycle,11.4634,31,lateral_t,0.0,1.0
scene-0103_033,3,Car,15.6328,64,lateral_t,0.0,1.0
scene-0103_033,4,Truck,21.6473,122,lateral_t,0.0,1.0
scene-0103_033,5,Car,10.4195,95,lateral_t,0.0,1.0
scene-0103_033,0,Car,21.5971,30,lateral_t,0.02,1.0
scene-0103_033,1,Car,29.6041,20,lateral_t,0.02,1.0
scene-0103_033,2,Bicycle,11.4634,31,lateral_t,0.02,1.0
scene-0103_033,3,Car,15.6328,64,lateral_t,0.02,1.0
scene-0103_033,4,Truck,21.6473,122,lateral_t,0.02,1.0
scene-0103_033,5,Car,10.4195,95,lateral_t,0.02,0.9789
scene-0103_033,0,Car,21.5971,30,lateral_t,0.05,1.0
scene-0103_033,1,Car,29.6041,20,lateral_t,0.05,1.0
scene-0103_033,2,Bicycle,11.4634,31,lateral_t,0.05,1.0
scene-0103_033,3,Car,15.6328,64,lateral_t,0.05,1.0
scene-0103_033,4,Truck,21.6473,122,lateral_t,0.05,1.0
scene-0103_033,5,Car,10.4195,95,lateral_t,0.05,0.9684
scene-0103_033,0,Car,21.5971,30,lateral_t,0.1,1.0
scene-0103_033,1,Car,29.6041,20,lateral_t,0.1,1.0
scene-0103_033,2,Bicycle,11.4634,31,lateral_t,0.1,1.0
scene-0103_033,3,Car,15.6328,64,lateral_t,0.1,1.0
scene-0103_033,4,Truck,21.6473,122,lateral_t,0.1,1.0
scene-0103_033,5,Car,10.4195,95,lateral_t,0.1,0.9474
scene-0103_034,0,Car,17.8635,61,yaw,0.0,1.0
scene-0103_034,1,Car,25.9338,22,yaw,0.0,1.0
scene-0103_034,2,Car,12.0225,144,yaw,0.0,1.0
scene-0103_034,3,Truck,18.2123,168,yaw,0.0,1.0
scene-0103_034,4,Car,23.3383,17,yaw,0.0,1.0
scene-0103_034,0,Car,17.8635,61,yaw,0.5,1.0
scene-0103_034,1,Car,25.9338,22,yaw,0.5,1.0
scene-0103_034,2,Car,12.0225,144,yaw,0.5,0.9931
scene-0103_034,3,Truck,18.2123,168,yaw,0.5,0.9524
scene-0103_034,4,Car,23.3383,17,yaw,0.5,0.9412
scene-0103_034,0,Car,17.8635,61,yaw,1.0,0.9672
scene-0103_034,1,Car,25.9338,22,yaw,1.0,1.0
scene-0103_034,2,Car,12.0225,144,yaw,1.0,0.9792
scene-0103_034,3,Truck,18.2123,168,yaw,1.0,0.9286
scene-0103_034,4,Car,23.3383,17,yaw,1.0,0.8824
scene-0103_034,0,Car,17.8635,61,yaw,2.0,0.8525
scene-0103_034,1,Car,25.9338,22,yaw,2.0,1.0
scene-0103_034,2,Car,12.0225,144,yaw,2.0,0.9306
scene-0103_034,3,Truck,18.2123,168,yaw,2.0,0.8452
scene-0103_034,4,Car,23.3383,17,yaw,2.0,0.7647
scene-0103_034,0,Car,17.8635,61,yaw,3.0,0.7213
scene-0103_034,1,Car,25.9338,22,yaw,3.0,0.8636
scene-0103_034,2,Car,12.0225,144,yaw,3.0,0.8611
scene-0103_034,3,Truck,18.2123,168,yaw,3.0,0.7798
scene-0103_034,4,Car,23.3383,17,yaw,3.0,0.2353
scene-0103_034,0,Car,17.8635,61,pitch,0.0,1.0
scene-0103_034,1,Car,25.9338,22,pitch,0.0,1.0
scene-0103_034,2,Car,12.0225,144,pitch,0.0,1.0
scene-0103_034,3,Truck,18.2123,168,pitch,0.0,1.0
scene-0103_034,4,Car,23.3383,17,pitch,0.0,1.0
scene-0103_034,0,Car,17.8635,61,pitch,0.5,1.0
scene-0103_034,1,Car,25.9338,22,pitch,0.5,1.0
scene-0103_034,2,Car,12.0225,144,pitch,0.5,1.0
scene-0103_034,3,Truck,18.2123,168,pitch,0.5,1.0
scene-0103_034,4,Car,23.3383,17,pitch,0.5,1.0
scene-0103_034,0,Car,17.8635,61,pitch,1.0,1.0
scene-0103_034,1,Car,25.9338,22,pitch,1.0,1.0
scene-0103_034,2,Car,12.0225,144,pitch,1.0,1.0
scene-0103_034,3,Truck,18.2123,168,pitch,1.0,1.0
scene-0103_034,4,Car,23.3383,17,pitch,1.0,1.0
scene-0103_034,0,Car,17.8635,61,pitch,2.0,1.0
scene-0103_034,1,Car,25.9338,22,pitch,2.0,1.0
scene-0103_034,2,Car,12.0225,144,pitch,2.0,0.9236
scene-0103_034,3,Truck,18.2123,168,pitch,2.0,0.994
scene-0103_034,4,Car,23.3383,17,pitch,2.0,1.0
scene-0103_034,0,Car,17.8635,61,pitch,3.0,0.8689
scene-0103_034,1,Car,25.9338,22,pitch,3.0,1.0
scene-0103_034,2,Car,12.0225,144,pitch,3.0,0.9097
scene-0103_034,3,Truck,18.2123,168,pitch,3.0,0.994
scene-0103_034,4,Car,23.3383,17,pitch,3.0,1.0
scene-0103_034,0,Car,17.8635,61,roll,0.0,1.0
scene-0103_034,1,Car,25.9338,22,roll,0.0,1.0
scene-0103_034,2,Car,12.0225,144,roll,0.0,1.0
scene-0103_034,3,Truck,18.2123,168,roll,0.0,1.0
scene-0103_034,4,Car,23.3383,17,roll,0.0,1.0
scene-0103_034,0,Car,17.8635,61,roll,0.5,1.0
scene-0103_034,1,Car,25.9338,22,roll,0.5,1.0
scene-0103_034,2,Car,12.0225,144,roll,0.5,1.0
scene-0103_034,3,Truck,18.2123,168,roll,0.5,1.0
scene-0103_034,4,Car,23.3383,17,roll,0.5,1.0
scene-0103_034,0,Car,17.8635,61,roll,1.0,0.7377
scene-0103_034,1,Car,25.9338,22,roll,1.0,1.0
scene-0103_034,2,Car,12.0225,144,roll,1.0,1.0
scene-0103_034,3,Truck,18.2123,168,roll,1.0,1.0
scene-0103_034,4,Car,23.3383,17,roll,1.0,0.6471
scene-0103_034,0,Car,17.8635,61,roll,2.0,0.7213
scene-0103_034,1,Car,25.9338,22,roll,2.0,0.7727
scene-0103_034,2,Car,12.0225,144,roll,2.0,0.9583
scene-0103_034,3,Truck,18.2123,168,roll,2.0,0.9226
scene-0103_034,4,Car,23.3383,17,roll,2.0,0.4118
scene-0103_034,0,Car,17.8635,61,roll,3.0,0.6721
scene-0103_034,1,Car,25.9338,22,roll,3.0,0.7727
scene-0103_034,2,Car,12.0225,144,roll,3.0,0.9583
scene-0103_034,3,Truck,18.2123,168,roll,3.0,0.8571
scene-0103_034,4,Car,23.3383,17,roll,3.0,0.4118
scene-0103_034,0,Car,17.8635,61,lateral_t,0.0,1.0
scene-0103_034,1,Car,25.9338,22,lateral_t,0.0,1.0
scene-0103_034,2,Car,12.0225,144,lateral_t,0.0,1.0
scene-0103_034,3,Truck,18.2123,168,lateral_t,0.0,1.0
scene-0103_034,4,Car,23.3383,17,lateral_t,0.0,1.0
scene-0103_034,0,Car,17.8635,61,lateral_t,0.02,1.0
scene-0103_034,1,Car,25.9338,22,lateral_t,0.02,1.0
scene-0103_034,2,Car,12.0225,144,lateral_t,0.02,1.0
scene-0103_034,3,Truck,18.2123,168,lateral_t,0.02,1.0
scene-0103_034,4,Car,23.3383,17,lateral_t,0.02,1.0
scene-0103_034,0,Car,17.8635,61,lateral_t,0.05,1.0
scene-0103_034,1,Car,25.9338,22,lateral_t,0.05,1.0
scene-0103_034,2,Car,12.0225,144,lateral_t,0.05,1.0
scene-0103_034,3,Truck,18.2123,168,lateral_t,0.05,1.0
scene-0103_034,4,Car,23.3383,17,lateral_t,0.05,1.0
scene-0103_034,0,Car,17.8635,61,lateral_t,0.1,1.0
scene-0103_034,1,Car,25.9338,22,lateral_t,0.1,1.0
scene-0103_034,2,Car,12.0225,144,lateral_t,0.1,0.9861
scene-0103_034,3,Truck,18.2123,168,lateral_t,0.1,0.994
scene-0103_034,4,Car,23.3383,17,lateral_t,0.1,1.0
scene-0103_035,0,Car,33.84,17,yaw,0.0,1.0
scene-0103_035,1,Car,29.948,13,yaw,0.0,1.0
scene-0103_035,2,Car,13.4024,149,yaw,0.0,1.0
scene-0103_035,3,Car,21.5408,49,yaw,0.0,1.0
scene-0103_035,4,Car,8.013,24,yaw,0.0,1.0
scene-0103_035,5,Truck,14.2855,103,yaw,0.0,1.0
scene-0103_035,6,Car,18.7475,26,yaw,0.0,1.0
scene-0103_035,0,Car,33.84,17,yaw,0.5,0.9412
scene-0103_035,1,Car,29.948,13,yaw,0.5,1.0
scene-0103_035,2,Car,13.4024,149,yaw,0.5,1.0
scene-0103_035,3,Car,21.5408,49,yaw,0.5,1.0
scene-0103_035,4,Car,8.013,24,yaw,0.5,1.0
scene-0103_035,5,Truck,14.2855,103,yaw,0.5,0.8932
scene-0103_035,6,Car,18.7475,26,yaw,0.5,0.9615
scene-0103_035,0,Car,33.84,17,yaw,1.0,0.8235
scene-0103_035,1,Car,29.948,13,yaw,1.0,1.0
scene-0103_035,2,Car,13.4024,149,yaw,1.0,1.0
scene-0103_035,3,Car,21.5408,49,yaw,1.0,1.0
scene-0103_035,4,Car,8.013,24,yaw,1.0,1.0
scene-0103_035,5,Truck,14.2855,103,yaw,1.0,0.7767
scene-0103_035,6,Car,18.7475,26,yaw,1.0,0.8846
scene-0103_035,0,Car,33.84,17,yaw,2.0,0.4706
scene-0103_035,1,Car,29.948,13,yaw,2.0,0.6923
scene-0103_035,2,Car,13.4024,149,yaw,2.0,0.9463
scene-0103_035,3,Car,21.5408,49,yaw,2.0,1.0
scene-0103_035,4,Car,8.013,24,yaw,2.0,0.7083
scene-0103_035,5,Truck,14.2855,103,yaw,2.0,0.5728
scene-0103_035,6,Car,18.7475,26,yaw,2.0,0.8462
scene-0103_035,0,Car,33.84,17,yaw,3.0,0.2353
scene-0103_035,1,Car,29.948,13,yaw,3.0,0.3846
scene-0103_035,2,Car,13.4024,149,yaw,3.0,0.8591
scene-0103_035,3,Car,21.5408,49,yaw,3.0,0.8571
scene-0103_035,4,Car,8.013,24,yaw,3.0,0.1667
scene-0103_035,5,Truck,14.2855,103,yaw,3.0,0.3981
scene-0103_035,6,Car,18.7475,26,yaw,3.0,0.6923
scene-0103_035,0,Car,33.84,17,pitch,0.0,1.0
scene-0103_035,1,Car,29.948,13,pitch,0.0,1.0
scene-0103_035,2,Car,13.4024,149,pitch,0.0,1.0
scene-0103_035,3,Car,21.5408,49,pitch,0.0,1.0
scene-0103_035,4,Car,8.013,24,pitch,0.0,1.0
scene-0103_035,5,Truck,14.2855,103,pitch,0.0,1.0
scene-0103_035,6,Car,18.7475,26,pitch,0.0,1.0
scene-0103_035,0,Car,33.84,17,pitch,0.5,1.0
scene-0103_035,1,Car,29.948,13,pitch,0.5,1.0
scene-0103_035,2,Car,13.4024,149,pitch,0.5,1.0
scene-0103_035,3,Car,21.5408,49,pitch,0.5,1.0
scene-0103_035,4,Car,8.013,24,pitch,0.5,1.0
scene-0103_035,5,Truck,14.2855,103,pitch,0.5,1.0
scene-0103_035,6,Car,18.7475,26,pitch,0.5,1.0
scene-0103_035,0,Car,33.84,17,pitch,1.0,1.0
scene-0103_035,1,Car,29.948,13,pitch,1.0,1.0
scene-0103_035,2,Car,13.4024,149,pitch,1.0,1.0
scene-0103_035,3,Car,21.5408,49,pitch,1.0,1.0
scene-0103_035,4,Car,8.013,24,pitch,1.0,1.0
scene-0103_035,5,Truck,14.2855,103,pitch,1.0,1.0
scene-0103_035,6,Car,18.7475,26,pitch,1.0,1.0
scene-0103_035,0,Car,33.84,17,pitch,2.0,1.0
scene-0103_035,1,Car,29.948,13,pitch,2.0,1.0
scene-0103_035,2,Car,13.4024,149,pitch,2.0,0.8993
scene-0103_035,3,Car,21.5408,49,pitch,2.0,1.0
scene-0103_035,4,Car,8.013,24,pitch,2.0,1.0
scene-0103_035,5,Truck,14.2855,103,pitch,2.0,0.9903
scene-0103_035,6,Car,18.7475,26,pitch,2.0,1.0
scene-0103_035,0,Car,33.84,17,pitch,3.0,1.0
scene-0103_035,1,Car,29.948,13,pitch,3.0,1.0
scene-0103_035,2,Car,13.4024,149,pitch,3.0,0.8993
scene-0103_035,3,Car,21.5408,49,pitch,3.0,1.0
scene-0103_035,4,Car,8.013,24,pitch,3.0,1.0
scene-0103_035,5,Truck,14.2855,103,pitch,3.0,0.9806
scene-0103_035,6,Car,18.7475,26,pitch,3.0,1.0
scene-0103_035,0,Car,33.84,17,roll,0.0,1.0
scene-0103_035,1,Car,29.948,13,roll,0.0,1.0
scene-0103_035,2,Car,13.4024,149,roll,0.0,1.0
scene-0103_035,3,Car,21.5408,49,roll,0.0,1.0
scene-0103_035,4,Car,8.013,24,roll,0.0,1.0
scene-0103_035,5,Truck,14.2855,103,roll,0.0,1.0
scene-0103_035,6,Car,18.7475,26,roll,0.0,1.0
scene-0103_035,0,Car,33.84,17,roll,0.5,1.0
scene-0103_035,1,Car,29.948,13,roll,0.5,1.0
scene-0103_035,2,Car,13.4024,149,roll,0.5,1.0
scene-0103_035,3,Car,21.5408,49,roll,0.5,1.0
scene-0103_035,4,Car,8.013,24,roll,0.5,1.0
scene-0103_035,5,Truck,14.2855,103,roll,0.5,1.0
scene-0103_035,6,Car,18.7475,26,roll,0.5,1.0
scene-0103_035,0,Car,33.84,17,roll,1.0,1.0
scene-0103_035,1,Car,29.948,13,roll,1.0,0.6154
scene-0103_035,2,Car,13.4024,149,roll,1.0,0.8725
scene-0103_035,3,Car,21.5408,49,roll,1.0,1.0
scene-0103_035,4,Car,8.013,24,roll,1.0,1.0
scene-0103_035,5,Truck,14.2855,103,roll,1.0,1.0
scene-0103_035,6,Car,18.7475,26,roll,1.0,0.6923
scene-0103_035,0,Car,33.84,17,roll,2.0,0.6471
scene-0103_035,1,Car,29.948,13,roll,2.0,0.6154
scene-0103_035,2,Car,13.4024,149,roll,2.0,0.8456
scene-0103_035,3,Car,21.5408,49,roll,2.0,0.9184
scene-0103_035,4,Car,8.013,24,roll,2.0,1.0
scene-0103_035,5,Truck,14.2855,103,roll,2.0,1.0
scene-0103_035,6,Car,18.7475,26,roll,2.0,0.6154
scene-0103_035,0,Car,33.84,17,roll,3.0,0.2353
scene-0103_035,1,Car,29.948,13,roll,3.0,0.0
scene-0103_035,2,Car,13.4024,149,roll,3.0,0.7919
scene-0103_035,3,Car,21.5408,49,roll,3.0,0.9184
scene-0103_035,4,Car,8.013,24,roll,3.0,1.0
scene-0103_035,5,Truck,14.2855,103,roll,3.0,0.9806
scene-0103_035,6,Car,18.7475,26,roll,3.0,0.6154
scene-0103_035,0,Car,33.84,17,lateral_t,0.0,1.0
scene-0103_035,1,Car,29.948,13,lateral_t,0.0,1.0
scene-0103_035,2,Car,13.4024,149,lateral_t,0.0,1.0
scene-0103_035,3,Car,21.5408,49,lateral_t,0.0,1.0
scene-0103_035,4,Car,8.013,24,lateral_t,0.0,1.0
scene-0103_035,5,Truck,14.2855,103,lateral_t,0.0,1.0
scene-0103_035,6,Car,18.7475,26,lateral_t,0.0,1.0
scene-0103_035,0,Car,33.84,17,lateral_t,0.02,1.0
scene-0103_035,1,Car,29.948,13,lateral_t,0.02,1.0
scene-0103_035,2,Car,13.4024,149,lateral_t,0.02,1.0
scene-0103_035,3,Car,21.5408,49,lateral_t,0.02,1.0
scene-0103_035,4,Car,8.013,24,lateral_t,0.02,0.875
scene-0103_035,5,Truck,14.2855,103,lateral_t,0.02,1.0
scene-0103_035,6,Car,18.7475,26,lateral_t,0.02,1.0
scene-0103_035,0,Car,33.84,17,lateral_t,0.05,1.0
scene-0103_035,1,Car,29.948,13,lateral_t,0.05,1.0
scene-0103_035,2,Car,13.4024,149,lateral_t,0.05,1.0
scene-0103_035,3,Car,21.5408,49,lateral_t,0.05,1.0
scene-0103_035,4,Car,8.013,24,lateral_t,0.05,0.8333
scene-0103_035,5,Truck,14.2855,103,lateral_t,0.05,1.0
scene-0103_035,6,Car,18.7475,26,lateral_t,0.05,1.0
scene-0103_035,0,Car,33.84,17,lateral_t,0.1,1.0
scene-0103_035,1,Car,29.948,13,lateral_t,0.1,1.0
scene-0103_035,2,Car,13.4024,149,lateral_t,0.1,1.0
scene-0103_035,3,Car,21.5408,49,lateral_t,0.1,1.0
scene-0103_035,4,Car,8.013,24,lateral_t,0.1,0.6667
scene-0103_035,5,Truck,14.2855,103,lateral_t,0.1,1.0
scene-0103_035,6,Car,18.7475,26,lateral_t,0.1,1.0
scene-0103_036,0,Car,30.7458,25,yaw,0.0,1.0
scene-0103_036,1,Car,26.7624,16,yaw,0.0,1.0
scene-0103_036,2,Car,19.5499,17,yaw,0.0,1.0
scene-0103_036,3,Car,10.4842,107,yaw,0.0,1.0
scene-0103_036,4,Car,18.6328,74,yaw,0.0,1.0
scene-0103_036,5,Car,15.6524,38,yaw,0.0,1.0
scene-0103_036,0,Car,30.7458,25,yaw,0.5,1.0
scene-0103_036,1,Car,26.7624,16,yaw,0.5,0.9375
scene-0103_036,2,Car,19.5499,17,yaw,0.5,1.0
scene-0103_036,3,Car,10.4842,107,yaw,0.5,1.0
scene-0103_036,4,Car,18.6328,74,yaw,0.5,0.9595
scene-0103_036,5,Car,15.6524,38,yaw,0.5,1.0
scene-0103_036,0,Car,30.7458,25,yaw,1.0,0.92
scene-0103_036,1,Car,26.7624,16,yaw,1.0,0.9375
scene-0103_036,2,Car,19.5499,17,yaw,1.0,0.7647
scene-0103_036,3,Car,10.4842,107,yaw,1.0,1.0
scene-0103_036,4,Car,18.6328,74,yaw,1.0,0.9324
scene-0103_036,5,Car,15.6524,38,yaw,1.0,0.9474
scene-0103_036,0,Car,30.7458,25,yaw,2.0,0.64
scene-0103_036,1,Car,26.7624,16,yaw,2.0,0.6875
scene-0103_036,2,Car,19.5499,17,yaw,2.0,0.6471
scene-0103_036,3,Car,10.4842,107,yaw,2.0,0.9439
scene-0103_036,4,Car,18.6328,74,yaw,2.0,0.9189
scene-0103_036,5,Car,15.6524,38,yaw,2.0,0.8421
scene-0103_036,0,Car,30.7458,25,yaw,3.0,0.32
scene-0103_036,1,Car,26.7624,16,yaw,3.0,0.5
scene-0103_036,2,Car,19.5499,17,yaw,3.0,0.5294
scene-0103_036,3,Car,10.4842,107,yaw,3.0,0.8972
scene-0103_036,4,Car,18.6328,74,yaw,3.0,0.8108
scene-0103_036,5,Car,15.6524,38,yaw,3.0,0.7105
scene-0103_036,0,Car,30.7458,25,pitch,0.0,1.0
scene-0103_036,1,Car,26.7624,16,pitch,0.0,1.0
scene-0103_036,2,Car,19.5499,17,pitch,0.0,1.0
scene-0103_036,3,Car,10.4842,107,pitch,0.0,1.0
scene-0103_036,4,Car,18.6328,74,pitch,0.0,1.0
scene-0103_036,5,Car,15.6524,38,pitch,0.0,1.0
scene-0103_036,0,Car,30.7458,25,pitch,0.5,1.0
scene-0103_036,1,Car,26.7624,16,pitch,0.5,1.0
scene-0103_036,2,Car,19.5499,17,pitch,0.5,1.0
scene-0103_036,3,Car,10.4842,107,pitch,0.5,1.0
scene-0103_036,4,Car,18.6328,74,pitch,0.5,0.9865
scene-0103_036,5,Car,15.6524,38,pitch,0.5,1.0
scene-0103_036,0,Car,30.7458,25,pitch,1.0,1.0
scene-0103_036,1,Car,26.7624,16,pitch,1.0,1.0
scene-0103_036,2,Car,19.5499,17,pitch,1.0,1.0
scene-0103_036,3,Car,10.4842,107,pitch,1.0,1.0
scene-0103_036,4,Car,18.6328,74,pitch,1.0,0.9865
scene-0103_036,5,Car,15.6524,38,pitch,1.0,1.0
scene-0103_036,0,Car,30.7458,25,pitch,2.0,1.0
scene-0103_036,1,Car,26.7624,16,pitch,2.0,0.5625
scene-0103_036,2,Car,19.5499,17,pitch,2.0,1.0
scene-0103_036,3,Car,10.4842,107,pitch,2.0,1.0
scene-0103_036,4,Car,18.6328,74,pitch,2.0,0.9865
scene-0103_036,5,Car,15.6524,38,pitch,2.0,1.0
scene-0103_036,0,Car,30.7458,25,pitch,3.0,1.0
scene-0103_036,1,Car,26.7624,16,pitch,3.0,0.5625
scene-0103_036,2,Car,19.5499,17,pitch,3.0,1.0
scene-0103_036,3,Car,10.4842,107,pitch,3.0,0.9907
scene-0103_036,4,Car,18.6328,74,pitch,3.0,0.9865
scene-0103_036,5,Car,15.6524,38,pitch,3.0,1.0
scene-0103_036,0,Car,30.7458,25,roll,0.0,1.0
scene-0103_036,1,Car,26.7624,16,roll,0.0,1.0
scene-0103_036,2,Car,19.5499,17,roll,0.0,1.0
scene-0103_036,3,Car,10.4842,107,roll,0.0,1.0
scene-0103_036,4,Car,18.6328,74,roll,0.0,1.0
scene-0103_036,5,Car,15.6524,38,roll,0.0,1.0
scene-0103_036,0,Car,30.7458,25,roll,0.5,1.0
scene-0103_036,1,Car,26.7624,16,roll,0.5,1.0
scene-0103_036,2,Car,19.5499,17,roll,0.5,1.0
scene-0103_036,3,Car,10.4842,107,roll,0.5,1.0
scene-0103_036,4,Car,18.6328,74,roll,0.5,1.0
scene-0103_036,5,Car,15.6524,38,roll,0.5,1.0
scene-0103_036,0,Car,30.7458,25,roll,1.0,1.0
scene-0103_036,1,Car,26.7624,16,roll,1.0,0.875
scene-0103_036,2,Car,19.5499,17,roll,1.0,1.0
scene-0103_036,3,Car,10.4842,107,roll,1.0,1.0
scene-0103_036,4,Car,18.6328,74,roll,1.0,1.0
scene-0103_036,5,Car,15.6524,38,roll,1.0,1.0
scene-0103_036,0,Car,30.7458,25,roll,2.0,0.72
scene-0103_036,1,Car,26.7624,16,roll,2.0,0.875
scene-0103_036,2,Car,19.5499,17,roll,2.0,0.8824
scene-0103_036,3,Car,10.4842,107,roll,2.0,0.9439
scene-0103_036,4,Car,18.6328,74,roll,2.0,0.9324
scene-0103_036,5,Car,15.6524,38,roll,2.0,0.8947
scene-0103_036,0,Car,30.7458,25,roll,3.0,0.48
scene-0103_036,1,Car,26.7624,16,roll,3.0,0.4375
scene-0103_036,2,Car,19.5499,17,roll,3.0,0.6471
scene-0103_036,3,Car,10.4842,107,roll,3.0,0.9065
scene-0103_036,4,Car,18.6328,74,roll,3.0,0.9324
scene-0103_036,5,Car,15.6524,38,roll,3.0,0.8947
scene-0103_036,0,Car,30.7458,25,lateral_t,0.0,1.0
scene-0103_036,1,Car,26.7624,16,lateral_t,0.0,1.0
scene-0103_036,2,Car,19.5499,17,lateral_t,0.0,1.0
scene-0103_036,3,Car,10.4842,107,lateral_t,0.0,1.0
scene-0103_036,4,Car,18.6328,74,lateral_t,0.0,1.0
scene-0103_036,5,Car,15.6524,38,lateral_t,0.0,1.0
scene-0103_036,0,Car,30.7458,25,lateral_t,0.02,1.0
scene-0103_036,1,Car,26.7624,16,lateral_t,0.02,1.0
scene-0103_036,2,Car,19.5499,17,lateral_t,0.02,1.0
scene-0103_036,3,Car,10.4842,107,lateral_t,0.02,0.9907
scene-0103_036,4,Car,18.6328,74,lateral_t,0.02,1.0
scene-0103_036,5,Car,15.6524,38,lateral_t,0.02,1.0
scene-0103_036,0,Car,30.7458,25,lateral_t,0.05,1.0
scene-0103_036,1,Car,26.7624,16,lateral_t,0.05,1.0
scene-0103_036,2,Car,19.5499,17,lateral_t,0.05,1.0
scene-0103_036,3,Car,10.4842,107,lateral_t,0.05,0.9813
scene-0103_036,4,Car,18.6328,74,lateral_t,0.05,1.0
scene-0103_036,5,Car,15.6524,38,lateral_t,0.05,1.0
scene-0103_036,0,Car,30.7458,25,lateral_t,0.1,1.0
scene-0103_036,1,Car,26.7624,16,lateral_t,0.1,1.0
scene-0103_036,2,Car,19.5499,17,lateral_t,0.1,1.0
scene-0103_036,3,Car,10.4842,107,lateral_t,0.1,0.9346
scene-0103_036,4,Car,18.6328,74,lateral_t,0.1,1.0
scene-0103_036,5,Car,15.6524,38,lateral_t,0.1,1.0
scene-0103_037,0,Car,26.8914,29,yaw,0.0,1.0
scene-0103_037,1,Car,22.7818,21,yaw,0.0,1.0
scene-0103_037,2,Car,12.364,105,yaw,0.0,1.0
scene-0103_037,3,Car,15.1437,49,yaw,0.0,1.0
scene-0103_037,4,Car,11.8875,126,yaw,0.0,1.0
scene-0103_037,0,Car,26.8914,29,yaw,0.5,0.9655
scene-0103_037,1,Car,22.7818,21,yaw,0.5,0.9524
scene-0103_037,2,Car,12.364,105,yaw,0.5,1.0
scene-0103_037,3,Car,15.1437,49,yaw,0.5,0.898
scene-0103_037,4,Car,11.8875,126,yaw,0.5,1.0
scene-0103_037,0,Car,26.8914,29,yaw,1.0,0.8966
scene-0103_037,1,Car,22.7818,21,yaw,1.0,0.8571
scene-0103_037,2,Car,12.364,105,yaw,1.0,1.0
scene-0103_037,3,Car,15.1437,49,yaw,1.0,0.7959
scene-0103_037,4,Car,11.8875,126,yaw,1.0,0.9841
scene-0103_037,0,Car,26.8914,29,yaw,2.0,0.7241
scene-0103_037,1,Car,22.7818,21,yaw,2.0,0.7619
scene-0103_037,2,Car,12.364,105,yaw,2.0,0.9333
scene-0103_037,3,Car,15.1437,49,yaw,2.0,0.6735
scene-0103_037,4,Car,11.8875,126,yaw,2.0,0.9286
scene-0103_037,0,Car,26.8914,29,yaw,3.0,0.4138
scene-0103_037,1,Car,22.7818,21,yaw,3.0,0.6667
scene-0103_037,2,Car,12.364,105,yaw,3.0,0.8571
scene-0103_037,3,Car,15.1437,49,yaw,3.0,0.5102
scene-0103_037,4,Car,11.8875,126,yaw,3.0,0.8968
scene-0103_037,0,Car,26.8914,29,pitch,0.0,1.0
scene-0103_037,1,Car,22.7818,21,pitch,0.0,1.0
scene-0103_037,2,Car,12.364,105,pitch,0.0,1.0
scene-0103_037,3,Car,15.1437,49,pitch,0.0,1.0
scene-0103_037,4,Car,11.8875,126,pitch,0.0,1.0
scene-0103_037,0,Car,26.8914,29,pitch,0.5,1.0
scene-0103_037,1,Car,22.7818,21,pitch,0.5,1.0
scene-0103_037,2,Car,12.364,105,pitch,0.5,1.0
scene-0103_037,3,Car,15.1437,49,pitch,0.5,1.0
scene-0103_037,4,Car,11.8875,126,pitch,0.5,1.0
scene-0103_037,0,Car,26.8914,29,pitch,1.0,1.0
scene-0103_037,1,Car,22.7818,21,pitch,1.0,1.0
scene-0103_037,2,Car,12.364,105,pitch,1.0,1.0
scene-0103_037,3,Car,15.1437,49,pitch,1.0,1.0
scene-0103_037,4,Car,11.8875,126,pitch,1.0,1.0
scene-0103_037,0,Car,26.8914,29,pitch,2.0,1.0
scene-0103_037,1,Car,22.7818,21,pitch,2.0,1.0
scene-0103_037,2,Car,12.364,105,pitch,2.0,1.0
scene-0103_037,3,Car,15.1437,49,pitch,2.0,0.9796
scene-0103_037,4,Car,11.8875,126,pitch,2.0,0.8889
scene-0103_037,0,Car,26.8914,29,pitch,3.0,0.6552
scene-0103_037,1,Car,22.7818,21,pitch,3.0,1.0
scene-0103_037,2,Car,12.364,105,pitch,3.0,0.8857
scene-0103_037,3,Car,15.1437,49,pitch,3.0,0.9388
scene-0103_037,4,Car,11.8875,126,pitch,3.0,0.8889
scene-0103_037,0,Car,26.8914,29,roll,0.0,1.0
scene-0103_037,1,Car,22.7818,21,roll,0.0,1.0
scene-0103_037,2,Car,12.364,105,roll,0.0,1.0
scene-0103_037,3,Car,15.1437,49,roll,0.0,1.0
scene-0103_037,4,Car,11.8875,126,roll,0.0,1.0
scene-0103_037,0,Car,26.8914,29,roll,0.5,1.0
scene-0103_037,1,Car,22.7818,21,roll,0.5,1.0
scene-0103_037,2,Car,12.364,105,roll,0.5,1.0
scene-0103_037,3,Car,15.1437,49,roll,0.5,1.0
scene-0103_037,4,Car,11.8875,126,roll,0.5,1.0
scene-0103_037,0,Car,26.8914,29,roll,1.0,0.6552
scene-0103_037,1,Car,22.7818,21,roll,1.0,1.0
scene-0103_037,2,Car,12.364,105,roll,1.0,0.8762
scene-0103_037,3,Car,15.1437,49,roll,1.0,1.0
scene-0103_037,4,Car,11.8875,126,roll,1.0,0.873
scene-0103_037,0,Car,26.8914,29,roll,2.0,0.6552
scene-0103_037,1,Car,22.7818,21,roll,2.0,0.7619
scene-0103_037,2,Car,12.364,105,roll,2.0,0.8571
scene-0103_037,3,Car,15.1437,49,roll,2.0,0.9592
scene-0103_037,4,Car,11.8875,126,roll,2.0,0.8651
scene-0103_037,0,Car,26.8914,29,roll,3.0,0.4138
scene-0103_037,1,Car,22.7818,21,roll,3.0,0.1905
scene-0103_037,2,Car,12.364,105,roll,3.0,0.7905
scene-0103_037,3,Car,15.1437,49,roll,3.0,0.9592
scene-0103_037,4,Car,11.8875,126,roll,3.0,0.8016
scene-0103_037,0,Car,26.8914,29,lateral_t,0.0,1.0
scene-0103_037,1,Car,22.7818,21,lateral_t,0.0,1.0
scene-0103_037,2,Car,12.364,105,lateral_t,0.0,1.0
scene-0103_037,3,Car,15.1437,49,lateral_t,0.0,1.0
scene-0103_037,4,Car,11.8875,126,lateral_t,0.0,1.0
scene-0103_037,0,Car,26.8914,29,lateral_t,0.02,1.0
scene-0103_037,1,Car,22.7818,21,lateral_t,0.02,1.0
scene-0103_037,2,Car,12.364,105,lateral_t,0.02,1.0
scene-0103_037,3,Car,15.1437,49,lateral_t,0.02,1.0
scene-0103_037,4,Car,11.8875,126,lateral_t,0.02,0.9762
scene-0103_037,0,Car,26.8914,29,lateral_t,0.05,1.0
scene-0103_037,1,Car,22.7818,21,lateral_t,0.05,1.0
scene-0103_037,2,Car,12.364,105,lateral_t,0.05,1.0
scene-0103_037,3,Car,15.1437,49,lateral_t,0.05,1.0
scene-0103_037,4,Car,11.8875,126,lateral_t,0.05,0.9683
scene-0103_037,0,Car,26.8914,29,lateral_t,0.1,1.0
scene-0103_037,1,Car,22.7818,21,lateral_t,0.1,1.0
scene-0103_037,2,Car,12.364,105,lateral_t,0.1,1.0
scene-0103_037,3,Car,15.1437,49,lateral_t,0.1,1.0
scene-0103_037,4,Car,11.8875,126,lateral_t,0.1,0.9286
scene-0103_038,0,Bicycle,16.0772,11,yaw,0.0,1.0
scene-0103_038,1,Car,23.0956,46,yaw,0.0,1.0
scene-0103_038,2,Car,18.8089,56,yaw,0.0,1.0
scene-0103_038,3,Car,5.6515,224,yaw,0.0,1.0
scene-0103_038,4,Car,27.3645,11,yaw,0.0,1.0
scene-0103_038,5,Car,24.553,14,yaw,0.0,1.0
scene-0103_038,6,Car,8.3843,26,yaw,0.0,1.0
scene-0103_038,0,Bicycle,16.0772,11,yaw,0.5,1.0
scene-0103_038,1,Car,23.0956,46,yaw,0.5,1.0
scene-0103_038,2,Car,18.8089,56,yaw,0.5,1.0
scene-0103_038,3,Car,5.6515,224,yaw,0.5,0.9598
scene-0103_038,4,Car,27.3645,11,yaw,0.5,1.0
scene-0103_038,5,Car,24.553,14,yaw,0.5,1.0
scene-0103_038,6,Car,8.3843,26,yaw,0.5,1.0
scene-0103_038,0,Bicycle,16.0772,11,yaw,1.0,0.9091
scene-0103_038,1,Car,23.0956,46,yaw,1.0,0.9783
scene-0103_038,2,Car,18.8089,56,yaw,1.0,0.9643
scene-0103_038,3,Car,5.6515,224,yaw,1.0,0.8795
scene-0103_038,4,Car,27.3645,11,yaw,1.0,1.0
scene-0103_038,5,Car,24.553,14,yaw,1.0,1.0
scene-0103_038,6,Car,8.3843,26,yaw,1.0,1.0
scene-0103_038,0,Bicycle,16.0772,11,yaw,2.0,0.4545
scene-0103_038,1,Car,23.0956,46,yaw,2.0,0.913
scene-0103_038,2,Car,18.8089,56,yaw,2.0,0.9286
scene-0103_038,3,Car,5.6515,224,yaw,2.0,0.7768
scene-0103_038,4,Car,27.3645,11,yaw,2.0,1.0
scene-0103_038,5,Car,24.553,14,yaw,2.0,0.6429
scene-0103_038,6,Car,8.3843,26,yaw,2.0,0.6923
scene-0103_038,0,Bicycle,16.0772,11,yaw,3.0,0.0909
scene-0103_038,1,Car,23.0956,46,yaw,3.0,0.8043
scene-0103_038,2,Car,18.8089,56,yaw,3.0,0.8571
scene-0103_038,3,Car,5.6515,224,yaw,3.0,0.6652
scene-0103_038,4,Car,27.3645,11,yaw,3.0,0.8182
scene-0103_038,5,Car,24.553,14,yaw,3.0,0.4286
scene-0103_038,6,Car,8.3843,26,yaw,3.0,0.3462
scene-0103_038,0,Bicycle,16.0772,11,pitch,0.0,1.0
scene-0103_038,1,Car,23.0956,46,pitch,0.0,1.0
scene-0103_038,2,Car,18.8089,56,pitch,0.0,1.0
scene-0103_038,3,Car,5.6515,224,pitch,0.0,1.0
scene-0103_038,4,Car,27.3645,11,pitch,0.0,1.0
scene-0103_038,5,Car,24.553,14,pitch,0.0,1.0
scene-0103_038,6,Car,8.3843,26,pitch,0.0,1.0
scene-0103_038,0,Bicycle,16.0772,11,pitch,0.5,1.0
scene-0103_038,1,Car,23.0956,46,pitch,0.5,1.0
scene-0103_038,2,Car,18.8089,56,pitch,0.5,1.0
scene-0103_038,3,Car,5.6515,224,pitch,0.5,0.9955
scene-0103_038,4,Car,27.3645,11,pitch,0.5,1.0
scene-0103_038,5,Car,24.553,14,pitch,0.5,1.0
scene-0103_038,6,Car,8.3843,26,pitch,0.5,1.0
scene-0103_038,0,Bicycle,16.0772,11,pitch,1.0,1.0
scene-0103_038,1,Car,23.0956,46,pitch,1.0,1.0
scene-0103_038,2,Car,18.8089,56,pitch,1.0,1.0
scene-0103_038,3,Car,5.6515,224,pitch,1.0,0.9955
scene-0103_038,4,Car,27.3645,11,pitch,1.0,1.0
scene-0103_038,5,Car,24.553,14,pitch,1.0,1.0
scene-0103_038,6,Car,8.3843,26,pitch,1.0,1.0
scene-0103_038,0,Bicycle,16.0772,11,pitch,2.0,1.0
scene-0103_038,1,Car,23.0956,46,pitch,2.0,0.8261
scene-0103_038,2,Car,18.8089,56,pitch,2.0,1.0
scene-0103_038,3,Car,5.6515,224,pitch,2.0,0.9509
scene-0103_038,4,Car,27.3645,11,pitch,2.0,1.0
scene-0103_038,5,Car,24.553,14,pitch,2.0,1.0
scene-0103_038,6,Car,8.3843,26,pitch,2.0,1.0
scene-0103_038,0,Bicycle,16.0772,11,pitch,3.0,0.5455
scene-0103_038,1,Car,23.0956,46,pitch,3.0,0.7826
scene-0103_038,2,Car,18.8089,56,pitch,3.0,0.7857
scene-0103_038,3,Car,5.6515,224,pitch,3.0,0.8929
scene-0103_038,4,Car,27.3645,11,pitch,3.0,1.0
scene-0103_038,5,Car,24.553,14,pitch,3.0,0.7143
scene-0103_038,6,Car,8.3843,26,pitch,3.0,1.0
scene-0103_038,0,Bicycle,16.0772,11,roll,0.0,1.0
scene-0103_038,1,Car,23.0956,46,roll,0.0,1.0
scene-0103_038,2,Car,18.8089,56,roll,0.0,1.0
scene-0103_038,3,Car,5.6515,224,roll,0.0,1.0
scene-0103_038,4,Car,27.3645,11,roll,0.0,1.0
scene-0103_038,5,Car,24.553,14,roll,0.0,1.0
scene-0103_038,6,Car,8.3843,26,roll,0.0,1.0
scene-0103_038,0,Bicycle,16.0772,11,roll,0.5,1.0
scene-0103_038,1,Car,23.0956,46,roll,0.5,1.0
scene-0103_038,2,Car,18.8089,56,roll,0.5,1.0
scene-0103_038,3,Car,5.6515,224,roll,0.5,1.0
scene-0103_038,4,Car,27.3645,11,roll,0.5,1.0
scene-0103_038,5,Car,24.553,14,roll,0.5,1.0
scene-0103_038,6,Car,8.3843,26,roll,0.5,1.0
scene-0103_038,0,Bicycle,16.0772,11,roll,1.0,0.8182
scene-0103_038,1,Car,23.0956,46,roll,1.0,0.7826
scene-0103_038,2,Car,18.8089,56,roll,1.0,1.0
scene-0103_038,3,Car,5.6515,224,roll,1.0,1.0
scene-0103_038,4,Car,27.3645,11,roll,1.0,1.0
scene-0103_038,5,Car,24.553,14,roll,1.0,1.0
scene-0103_038,6,Car,8.3843,26,roll,1.0,1.0
scene-0103_038,0,Bicycle,16.0772,11,roll,2.0,0.8182
scene-0103_038,1,Car,23.0956,46,roll,2.0,0.7826
scene-0103_038,2,Car,18.8089,56,roll,2.0,0.7321
scene-0103_038,3,Car,5.6515,224,roll,2.0,0.8973
scene-0103_038,4,Car,27.3645,11,roll,2.0,0.8182
scene-0103_038,5,Car,24.553,14,roll,2.0,0.7857
scene-0103_038,6,Car,8.3843,26,roll,2.0,1.0
scene-0103_038,0,Bicycle,16.0772,11,roll,3.0,0.4545
scene-0103_038,1,Car,23.0956,46,roll,3.0,0.5
scene-0103_038,2,Car,18.8089,56,roll,3.0,0.6607
scene-0103_038,3,Car,5.6515,224,roll,3.0,0.875
scene-0103_038,4,Car,27.3645,11,roll,3.0,0.8182
scene-0103_038,5,Car,24.553,14,roll,3.0,0.7857
scene-0103_038,6,Car,8.3843,26,roll,3.0,1.0
scene-0103_038,0,Bicycle,16.0772,11,lateral_t,0.0,1.0
scene-0103_038,1,Car,23.0956,46,lateral_t,0.0,1.0
scene-0103_038,2,Car,18.8089,56,lateral_t,0.0,1.0
scene-0103_038,3,Car,5.6515,224,lateral_t,0.0,1.0
scene-0103_038,4,Car,27.3645,11,lateral_t,0.0,1.0
scene-0103_038,5,Car,24.553,14,lateral_t,0.0,1.0
scene-0103_038,6,Car,8.3843,26,lateral_t,0.0,1.0
scene-0103_038,0,Bicycle,16.0772,11,lateral_t,0.02,1.0
scene-0103_038,1,Car,23.0956,46,lateral_t,0.02,1.0
scene-0103_038,2,Car,18.8089,56,lateral_t,0.02,1.0
scene-0103_038,3,Car,5.6515,224,lateral_t,0.02,1.0
scene-0103_038,4,Car,27.3645,11,lateral_t,0.02,1.0
scene-0103_038,5,Car,24.553,14,lateral_t,0.02,1.0
scene-0103_038,6,Car,8.3843,26,lateral_t,0.02,0.9615
scene-0103_038,0,Bicycle,16.0772,11,lateral_t,0.05,1.0
scene-0103_038,1,Car,23.0956,46,lateral_t,0.05,1.0
scene-0103_038,2,Car,18.8089,56,lateral_t,0.05,1.0
scene-0103_038,3,Car,5.6515,224,lateral_t,0.05,1.0
scene-0103_038,4,Car,27.3645,11,lateral_t,0.05,1.0
scene-0103_038,5,Car,24.553,14,lateral_t,0.05,1.0
scene-0103_038,6,Car,8.3843,26,lateral_t,0.05,0.9231
scene-0103_038,0,Bicycle,16.0772,11,lateral_t,0.1,1.0
scene-0103_038,1,Car,23.0956,46,lateral_t,0.1,1.0
scene-0103_038,2,Car,18.8089,56,lateral_t,0.1,1.0
scene-0103_038,3,Car,5.6515,224,lateral_t,0.1,1.0
scene-0103_038,4,Car,27.3645,11,lateral_t,0.1,1.0
scene-0103_038,5,Car,24.553,14,lateral_t,0.1,1.0
scene-0103_038,6,Car,8.3843,26,lateral_t,0.1,0.7692
scene-0103_039,0,Car,26.6036,10,yaw,0.0,1.0
scene-0103_039,1,Car,19.3704,80,yaw,0.0,1.0
scene-0103_039,2,Car,14.87,113,yaw,0.0,1.0
scene-0103_039,3,Car,23.481,22,yaw,0.0,1.0
scene-0103_039,4,Car,20.5097,40,yaw,0.0,1.0
scene-0103_039,0,Car,26.6036,10,yaw,0.5,0.9
scene-0103_039,1,Car,19.3704,80,yaw,0.5,1.0
scene-0103_039,2,Car,14.87,113,yaw,0.5,0.9912
scene-0103_039,3,Car,23.481,22,yaw,0.5,1.0
scene-0103_039,4,Car,20.5097,40,yaw,0.5,1.0
scene-0103_039,0,Car,26.6036,10,yaw,1.0,0.9
scene-0103_039,1,Car,19.3704,80,yaw,1.0,0.975
scene-0103_039,2,Car,14.87,113,yaw,1.0,0.9558
scene-0103_039,3,Car,23.481,22,yaw,1.0,1.0
scene-0103_039,4,Car,20.5097,40,yaw,1.0,1.0
scene-0103_039,0,Car,26.6036,10,yaw,2.0,0.3
scene-0103_039,1,Car,19.3704,80,yaw,2.0,0.9375
scene-0103_039,2,Car,14.87,113,yaw,2.0,0.9027
scene-0103_039,3,Car,23.481,22,yaw,2.0,1.0
scene-0103_039,4,Car,20.5097,40,yaw,2.0,0.875
scene-0103_039,0,Car,26.6036,10,yaw,3.0,0.0
scene-0103_039,1,Car,19.3704,80,yaw,3.0,0.825
scene-0103_039,2,Car,14.87,113,yaw,3.0,0.8319
scene-0103_039,3,Car,23.481,22,yaw,3.0,0.9545
scene-0103_039,4,Car,20.5097,40,yaw,3.0,0.675
scene-0103_039,0,Car,26.6036,10,pitch,0.0,1.0
scene-0103_039,1,Car,19.3704,80,pitch,0.0,1.0
scene-0103_039,2,Car,14.87,113,pitch,0.0,1.0
scene-0103_039,3,Car,23.481,22,pitch,0.0,1.0
scene-0103_039,4,Car,20.5097,40,pitch,0.0,1.0
scene-0103_039,0,Car,26.6036,10,pitch,0.5,1.0
scene-0103_039,1,Car,19.3704,80,pitch,0.5,1.0
scene-0103_039,2,Car,14.87,113,pitch,0.5,1.0
scene-0103_039,3,Car,23.481,22,pitch,0.5,1.0
scene-0103_039,4,Car,20.5097,40,pitch,0.5,1.0
scene-0103_039,0,Car,26.6036,10,pitch,1.0,1.0
scene-0103_039,1,Car,19.3704,80,pitch,1.0,1.0
scene-0103_039,2,Car,14.87,113,pitch,1.0,1.0
scene-0103_039,3,Car,23.481,22,pitch,1.0,1.0
scene-0103_039,4,Car,20.5097,40,pitch,1.0,1.0
scene-0103_039,0,Car,26.6036,10,pitch,2.0,1.0
scene-0103_039,1,Car,19.3704,80,pitch,2.0,1.0
scene-0103_039,2,Car,14.87,113,pitch,2.0,0.9912
scene-0103_039,3,Car,23.481,22,pitch,2.0,1.0
scene-0103_039,4,Car,20.5097,40,pitch,2.0,1.0
scene-0103_039,0,Car,26.6036,10,pitch,3.0,1.0
scene-0103_039,1,Car,19.3704,80,pitch,3.0,0.95
scene-0103_039,2,Car,14.87,113,pitch,3.0,0.8673
scene-0103_039,3,Car,23.481,22,pitch,3.0,1.0
scene-0103_039,4,Car,20.5097,40,pitch,3.0,1.0
scene-0103_039,0,Car,26.6036,10,roll,0.0,1.0
scene-0103_039,1,Car,19.3704,80,roll,0.0,1.0
scene-0103_039,2,Car,14.87,113,roll,0.0,1.0
scene-0103_039,3,Car,23.481,22,roll,0.0,1.0
scene-0103_039,4,Car,20.5097,40,roll,0.0,1.0
scene-0103_039,0,Car,26.6036,10,roll,0.5,1.0
scene-0103_039,1,Car,19.3704,80,roll,0.5,1.0
scene-0103_039,2,Car,14.87,113,roll,0.5,1.0
scene-0103_039,3,Car,23.481,22,roll,0.5,1.0
scene-0103_039,4,Car,20.5097,40,roll,0.5,1.0
scene-0103_039,0,Car,26.6036,10,roll,1.0,0.9
scene-0103_039,1,Car,19.3704,80,roll,1.0,1.0
scene-0103_039,2,Car,14.87,113,roll,1.0,0.9558
scene-0103_039,3,Car,23.481,22,roll,1.0,1.0
scene-0103_039,4,Car,20.5097,40,roll,1.0,0.95
scene-0103_039,0,Car,26.6036,10,roll,2.0,0.9
scene-0103_039,1,Car,19.3704,80,roll,2.0,0.8625
scene-0103_039,2,Car,14.87,113,roll,2.0,0.9381
scene-0103_039,3,Car,23.481,22,roll,2.0,0.8182
scene-0103_039,4,Car,20.5097,40,roll,2.0,0.725
scene-0103_039,0,Car,26.6036,10,roll,3.0,0.5
scene-0103_039,1,Car,19.3704,80,roll,3.0,0.8625
scene-0103_039,2,Car,14.87,113,roll,3.0,0.6903
scene-0103_039,3,Car,23.481,22,roll,3.0,0.7727
scene-0103_039,4,Car,20.5097,40,roll,3.0,0.425
scene-0103_039,0,Car,26.6036,10,lateral_t,0.0,1.0
scene-0103_039,1,Car,19.3704,80,lateral_t,0.0,1.0
scene-0103_039,2,Car,14.87,113,lateral_t,0.0,1.0
scene-0103_039,3,Car,23.481,22,lateral_t,0.0,1.0
scene-0103_039,4,Car,20.5097,40,lateral_t,0.0,1.0
scene-0103_039,0,Car,26.6036,10,lateral_t,0.02,1.0
scene-0103_039,1,Car,19.3704,80,lateral_t,0.02,1.0
scene-0103_039,2,Car,14.87,113,lateral_t,0.02,1.0
scene-0103_039,3,Car,23.481,22,lateral_t,0.02,1.0
scene-0103_039,4,Car,20.5097,40,lateral_t,0.02,1.0
scene-0103_039,0,Car,26.6036,10,lateral_t,0.05,1.0
scene-0103_039,1,Car,19.3704,80,lateral_t,0.05,1.0
scene-0103_039,2,Car,14.87,113,lateral_t,0.05,1.0
scene-0103_039,3,Car,23.481,22,lateral_t,0.05,1.0
scene-0103_039,4,Car,20.5097,40,lateral_t,0.05,1.0
scene-0103_039,0,Car,26.6036,10,lateral_t,0.1,1.0
scene-0103_039,1,Car,19.3704,80,lateral_t,0.1,1.0
scene-0103_039,2,Car,14.87,113,lateral_t,0.1,1.0
scene-0103_039,3,Car,23.481,22,lateral_t,0.1,1.0
scene-0103_039,4,Car,20.5097,40,lateral_t,0.1,1.0
scene-1094_000,0,Car,24.9216,33,yaw,0.0,1.0
scene-1094_000,1,Car,7.3726,463,yaw,0.0,1.0
scene-1094_000,2,Car,30.6222,61,yaw,0.0,1.0
scene-1094_000,3,Pedestrian,13.9824,16,yaw,0.0,1.0
scene-1094_000,0,Car,24.9216,33,yaw,0.5,0.9697
scene-1094_000,1,Car,7.3726,463,yaw,0.5,0.9957
scene-1094_000,2,Car,30.6222,61,yaw,0.5,1.0
scene-1094_000,3,Pedestrian,13.9824,16,yaw,0.5,1.0
scene-1094_000,0,Car,24.9216,33,yaw,1.0,0.8485
scene-1094_000,1,Car,7.3726,463,yaw,1.0,0.9784
scene-1094_000,2,Car,30.6222,61,yaw,1.0,1.0
scene-1094_000,3,Pedestrian,13.9824,16,yaw,1.0,1.0
scene-1094_000,0,Car,24.9216,33,yaw,2.0,0.6061
scene-1094_000,1,Car,7.3726,463,yaw,2.0,0.9158
scene-1094_000,2,Car,30.6222,61,yaw,2.0,0.9672
scene-1094_000,3,Pedestrian,13.9824,16,yaw,2.0,0.875
scene-1094_000,0,Car,24.9216,33,yaw,3.0,0.5152
scene-1094_000,1,Car,7.3726,463,yaw,3.0,0.8812
scene-1094_000,2,Car,30.6222,61,yaw,3.0,0.918
scene-1094_000,3,Pedestrian,13.9824,16,yaw,3.0,0.1875
scene-1094_000,0,Car,24.9216,33,pitch,0.0,1.0
scene-1094_000,1,Car,7.3726,463,pitch,0.0,1.0
scene-1094_000,2,Car,30.6222,61,pitch,0.0,1.0
scene-1094_000,3,Pedestrian,13.9824,16,pitch,0.0,1.0
scene-1094_000,0,Car,24.9216,33,pitch,0.5,1.0
scene-1094_000,1,Car,7.3726,463,pitch,0.5,1.0
scene-1094_000,2,Car,30.6222,61,pitch,0.5,1.0
scene-1094_000,3,Pedestrian,13.9824,16,pitch,0.5,1.0
scene-1094_000,0,Car,24.9216,33,pitch,1.0,1.0
scene-1094_000,1,Car,7.3726,463,pitch,1.0,0.9978
scene-1094_000,2,Car,30.6222,61,pitch,1.0,1.0
scene-1094_000,3,Pedestrian,13.9824,16,pitch,1.0,1.0
scene-1094_000,0,Car,24.9216,33,pitch,2.0,1.0
scene-1094_000,1,Car,7.3726,463,pitch,2.0,0.9957
scene-1094_000,2,Car,30.6222,61,pitch,2.0,1.0
scene-1094_000,3,Pedestrian,13.9824,16,pitch,2.0,1.0
scene-1094_000,0,Car,24.9216,33,pitch,3.0,0.7879
scene-1094_000,1,Car,7.3726,463,pitch,3.0,0.9914
scene-1094_000,2,Car,30.6222,61,pitch,3.0,0.9344
scene-1094_000,3,Pedestrian,13.9824,16,pitch,3.0,1.0
scene-1094_000,0,Car,24.9216,33,roll,0.0,1.0
scene-1094_000,1,Car,7.3726,463,roll,0.0,1.0
scene-1094_000,2,Car,30.6222,61,roll,0.0,1.0
scene-1094_000,3,Pedestrian,13.9824,16,roll,0.0,1.0
scene-1094_000,0,Car,24.9216,33,roll,0.5,1.0
scene-1094_000,1,Car,7.3726,463,roll,0.5,1.0
scene-1094_000,2,Car,30.6222,61,roll,0.5,1.0
scene-1094_000,3,Pedestrian,13.9824,16,roll,0.5,1.0
scene-1094_000,0,Car,24.9216,33,roll,1.0,1.0
scene-1094_000,1,Car,7.3726,463,roll,1.0,0.9374
scene-1094_000,2,Car,30.6222,61,roll,1.0,1.0
scene-1094_000,3,Pedestrian,13.9824,16,roll,1.0,1.0
scene-1094_000,0,Car,24.9216,33,roll,2.0,0.7879
scene-1094_000,1,Car,7.3726,463,roll,2.0,0.9222
scene-1094_000,2,Car,30.6222,61,roll,2.0,0.6393
scene-1094_000,3,Pedestrian,13.9824,16,roll,2.0,0.875
scene-1094_000,0,Car,24.9216,33,roll,3.0,0.303
scene-1094_000,1,Car,7.3726,463,roll,3.0,0.905
scene-1094_000,2,Car,30.6222,61,roll,3.0,0.3279
scene-1094_000,3,Pedestrian,13.9824,16,roll,3.0,0.6875
scene-1094_000,0,Car,24.9216,33,lateral_t,0.0,1.0
scene-1094_000,1,Car,7.3726,463,lateral_t,0.0,1.0
scene-1094_000,2,Car,30.6222,61,lateral_t,0.0,1.0
scene-1094_000,3,Pedestrian,13.9824,16,lateral_t,0.0,1.0
scene-1094_000,0,Car,24.9216,33,lateral_t,0.02,1.0
scene-1094_000,1,Car,7.3726,463,lateral_t,0.02,1.0
scene-1094_000,2,Car,30.6222,61,lateral_t,0.02,1.0
scene-1094_000,3,Pedestrian,13.9824,16,lateral_t,0.02,1.0
scene-1094_000,0,Car,24.9216,33,lateral_t,0.05,1.0
scene-1094_000,1,Car,7.3726,463,lateral_t,0.05,1.0
scene-1094_000,2,Car,30.6222,61,lateral_t,0.05,1.0
scene-1094_000,3,Pedestrian,13.9824,16,lateral_t,0.05,1.0
scene-1094_000,0,Car,24.9216,33,lateral_t,0.1,1.0
scene-1094_000,1,Car,7.3726,463,lateral_t,0.1,1.0
scene-1094_000,2,Car,30.6222,61,lateral_t,0.1,1.0
scene-1094_000,3,Pedestrian,13.9824,16,lateral_t,0.1,1.0
scene-1094_001,0,personal_mobility,10.192,39,yaw,0.0,1.0
scene-1094_001,1,Car,24.8479,26,yaw,0.0,1.0
scene-1094_001,2,Car,7.722,420,yaw,0.0,1.0
scene-1094_001,3,Car,30.5493,63,yaw,0.0,1.0
scene-1094_001,4,Pedestrian,14.2144,12,yaw,0.0,1.0
scene-1094_001,0,personal_mobility,10.192,39,yaw,0.5,0.9744
scene-1094_001,1,Car,24.8479,26,yaw,0.5,1.0
scene-1094_001,2,Car,7.722,420,yaw,0.5,0.9976
scene-1094_001,3,Car,30.5493,63,yaw,0.5,1.0
scene-1094_001,4,Pedestrian,14.2144,12,yaw,0.5,1.0
scene-1094_001,0,personal_mobility,10.192,39,yaw,1.0,0.8974
scene-1094_001,1,Car,24.8479,26,yaw,1.0,1.0
scene-1094_001,2,Car,7.722,420,yaw,1.0,0.9929
scene-1094_001,3,Car,30.5493,63,yaw,1.0,1.0
scene-1094_001,4,Pedestrian,14.2144,12,yaw,1.0,1.0
scene-1094_001,0,personal_mobility,10.192,39,yaw,2.0,0.6154
scene-1094_001,1,Car,24.8479,26,yaw,2.0,1.0
scene-1094_001,2,Car,7.722,420,yaw,2.0,0.9452
scene-1094_001,3,Car,30.5493,63,yaw,2.0,0.9524
scene-1094_001,4,Pedestrian,14.2144,12,yaw,2.0,0.75
scene-1094_001,0,personal_mobility,10.192,39,yaw,3.0,0.2308
scene-1094_001,1,Car,24.8479,26,yaw,3.0,0.8077
scene-1094_001,2,Car,7.722,420,yaw,3.0,0.881
scene-1094_001,3,Car,30.5493,63,yaw,3.0,0.8889
scene-1094_001,4,Pedestrian,14.2144,12,yaw,3.0,0.1667
scene-1094_001,0,personal_mobility,10.192,39,pitch,0.0,1.0
scene-1094_001,1,Car,24.8479,26,pitch,0.0,1.0
scene-1094_001,2,Car,7.722,420,pitch,0.0,1.0
scene-1094_001,3,Car,30.5493,63,pitch,0.0,1.0
scene-1094_001,4,Pedestrian,14.2144,12,pitch,0.0,1.0
scene-1094_001,0,personal_mobility,10.192,39,pitch,0.5,1.0
scene-1094_001,1,Car,24.8479,26,pitch,0.5,1.0
scene-1094_001,2,Car,7.722,420,pitch,0.5,1.0
scene-1094_001,3,Car,30.5493,63,pitch,0.5,1.0
scene-1094_001,4,Pedestrian,14.2144,12,pitch,0.5,1.0
scene-1094_001,0,personal_mobility,10.192,39,pitch,1.0,0.9487
scene-1094_001,1,Car,24.8479,26,pitch,1.0,1.0
scene-1094_001,2,Car,7.722,420,pitch,1.0,1.0
scene-1094_001,3,Car,30.5493,63,pitch,1.0,1.0
scene-1094_001,4,Pedestrian,14.2144,12,pitch,1.0,1.0
scene-1094_001,0,personal_mobility,10.192,39,pitch,2.0,0.9231
scene-1094_001,1,Car,24.8479,26,pitch,2.0,1.0
scene-1094_001,2,Car,7.722,420,pitch,2.0,1.0
scene-1094_001,3,Car,30.5493,63,pitch,2.0,1.0
scene-1094_001,4,Pedestrian,14.2144,12,pitch,2.0,1.0
scene-1094_001,0,personal_mobility,10.192,39,pitch,3.0,0.9231
scene-1094_001,1,Car,24.8479,26,pitch,3.0,0.8077
scene-1094_001,2,Car,7.722,420,pitch,3.0,0.9976
scene-1094_001,3,Car,30.5493,63,pitch,3.0,0.9206
scene-1094_001,4,Pedestrian,14.2144,12,pitch,3.0,1.0
scene-1094_001,0,personal_mobility,10.192,39,roll,0.0,1.0
scene-1094_001,1,Car,24.8479,26,roll,0.0,1.0
scene-1094_001,2,Car,7.722,420,roll,0.0,1.0
scene-1094_001,3,Car,30.5493,63,roll,0.0,1.0
scene-1094_001,4,Pedestrian,14.2144,12,roll,0.0,1.0
scene-1094_001,0,personal_mobility,10.192,39,roll,0.5,0.9487
scene-1094_001,1,Car,24.8479,26,roll,0.5,1.0
scene-1094_001,2,Car,7.722,420,roll,0.5,0.9286
scene-1094_001,3,Car,30.5493,63,roll,0.5,1.0
scene-1094_001,4,Pedestrian,14.2144,12,roll,0.5,1.0
scene-1094_001,0,personal_mobility,10.192,39,roll,1.0,0.9487
scene-1094_001,1,Car,24.8479,26,roll,1.0,1.0
scene-1094_001,2,Car,7.722,420,roll,1.0,0.9262
scene-1094_001,3,Car,30.5493,63,roll,1.0,1.0
scene-1094_001,4,Pedestrian,14.2144,12,roll,1.0,1.0
scene-1094_001,0,personal_mobility,10.192,39,roll,2.0,0.8205
scene-1094_001,1,Car,24.8479,26,roll,2.0,0.8077
scene-1094_001,2,Car,7.722,420,roll,2.0,0.8833
scene-1094_001,3,Car,30.5493,63,roll,2.0,0.6508
scene-1094_001,4,Pedestrian,14.2144,12,roll,2.0,0.8333
scene-1094_001,0,personal_mobility,10.192,39,roll,3.0,0.8205
scene-1094_001,1,Car,24.8479,26,roll,3.0,0.3077
scene-1094_001,2,Car,7.722,420,roll,3.0,0.85
scene-1094_001,3,Car,30.5493,63,roll,3.0,0.3492
scene-1094_001,4,Pedestrian,14.2144,12,roll,3.0,0.5833
scene-1094_001,0,personal_mobility,10.192,39,lateral_t,0.0,1.0
scene-1094_001,1,Car,24.8479,26,lateral_t,0.0,1.0
scene-1094_001,2,Car,7.722,420,lateral_t,0.0,1.0
scene-1094_001,3,Car,30.5493,63,lateral_t,0.0,1.0
scene-1094_001,4,Pedestrian,14.2144,12,lateral_t,0.0,1.0
scene-1094_001,0,personal_mobility,10.192,39,lateral_t,0.02,1.0
scene-1094_001,1,Car,24.8479,26,lateral_t,0.02,1.0
scene-1094_001,2,Car,7.722,420,lateral_t,0.02,1.0
scene-1094_001,3,Car,30.5493,63,lateral_t,0.02,1.0
scene-1094_001,4,Pedestrian,14.2144,12,lateral_t,0.02,1.0
scene-1094_001,0,personal_mobility,10.192,39,lateral_t,0.05,1.0
scene-1094_001,1,Car,24.8479,26,lateral_t,0.05,1.0
scene-1094_001,2,Car,7.722,420,lateral_t,0.05,1.0
scene-1094_001,3,Car,30.5493,63,lateral_t,0.05,1.0
scene-1094_001,4,Pedestrian,14.2144,12,lateral_t,0.05,1.0
scene-1094_001,0,personal_mobility,10.192,39,lateral_t,0.1,1.0
scene-1094_001,1,Car,24.8479,26,lateral_t,0.1,1.0
scene-1094_001,2,Car,7.722,420,lateral_t,0.1,1.0
scene-1094_001,3,Car,30.5493,63,lateral_t,0.1,1.0
scene-1094_001,4,Pedestrian,14.2144,12,lateral_t,0.1,1.0
scene-1094_002,0,personal_mobility,9.8052,42,yaw,0.0,1.0
scene-1094_002,1,Car,24.7736,20,yaw,0.0,1.0
scene-1094_002,2,Car,8.0703,381,yaw,0.0,1.0
scene-1094_002,3,Pedestrian,13.3061,13,yaw,0.0,1.0
scene-1094_002,4,Car,30.4747,64,yaw,0.0,1.0
scene-1094_002,5,Pedestrian,14.4057,18,yaw,0.0,1.0
scene-1094_002,0,personal_mobility,9.8052,42,yaw,0.5,1.0
scene-1094_002,1,Car,24.7736,20,yaw,0.5,1.0
scene-1094_002,2,Car,8.0703,381,yaw,0.5,0.9974
scene-1094_002,3,Pedestrian,13.3061,13,yaw,0.5,1.0
scene-1094_002,4,Car,30.4747,64,yaw,0.5,1.0
scene-1094_002,5,Pedestrian,14.4057,18,yaw,0.5,1.0
scene-1094_002,0,personal_mobility,9.8052,42,yaw,1.0,1.0
scene-1094_002,1,Car,24.7736,20,yaw,1.0,0.95
scene-1094_002,2,Car,8.0703,381,yaw,1.0,0.9948
scene-1094_002,3,Pedestrian,13.3061,13,yaw,1.0,0.8462
scene-1094_002,4,Car,30.4747,64,yaw,1.0,0.9844
scene-1094_002,5,Pedestrian,14.4057,18,yaw,1.0,0.8889
scene-1094_002,0,personal_mobility,9.8052,42,yaw,2.0,0.9286
scene-1094_002,1,Car,24.7736,20,yaw,2.0,0.95
scene-1094_002,2,Car,8.0703,381,yaw,2.0,0.9528
scene-1094_002,3,Pedestrian,13.3061,13,yaw,2.0,0.3077
scene-1094_002,4,Car,30.4747,64,yaw,2.0,0.9375
scene-1094_002,5,Pedestrian,14.4057,18,yaw,2.0,0.5556
scene-1094_002,0,personal_mobility,9.8052,42,yaw,3.0,0.8095
scene-1094_002,1,Car,24.7736,20,yaw,3.0,0.95
scene-1094_002,2,Car,8.0703,381,yaw,3.0,0.8819
scene-1094_002,3,Pedestrian,13.3061,13,yaw,3.0,0.0
scene-1094_002,4,Car,30.4747,64,yaw,3.0,0.8906
scene-1094_002,5,Pedestrian,14.4057,18,yaw,3.0,0.2222
scene-1094_002,0,personal_mobility,9.8052,42,pitch,0.0,1.0
scene-1094_002,1,Car,24.7736,20,pitch,0.0,1.0
scene-1094_002,2,Car,8.0703,381,pitch,0.0,1.0
scene-1094_002,3,Pedestrian,13.3061,13,pitch,0.0,1.0
scene-1094_002,4,Car,30.4747,64,pitch,0.0,1.0
scene-1094_002,5,Pedestrian,14.4057,18,pitch,0.0,1.0
scene-1094_002,0,personal_mobility,9.8052,42,pitch,0.5,1.0
scene-1094_002,1,Car,24.7736,20,pitch,0.5,1.0
scene-1094_002,2,Car,8.0703,381,pitch,0.5,0.9974
scene-1094_002,3,Pedestrian,13.3061,13,pitch,0.5,1.0
scene-1094_002,4,Car,30.4747,64,pitch,0.5,1.0
scene-1094_002,5,Pedestrian,14.4057,18,pitch,0.5,1.0
scene-1094_002,0,personal_mobility,9.8052,42,pitch,1.0,1.0
scene-1094_002,1,Car,24.7736,20,pitch,1.0,1.0
scene-1094_002,2,Car,8.0703,381,pitch,1.0,0.9974
scene-1094_002,3,Pedestrian,13.3061,13,pitch,1.0,1.0
scene-1094_002,4,Car,30.4747,64,pitch,1.0,1.0
scene-1094_002,5,Pedestrian,14.4057,18,pitch,1.0,1.0
scene-1094_002,0,personal_mobility,9.8052,42,pitch,2.0,1.0
scene-1094_002,1,Car,24.7736,20,pitch,2.0,1.0
scene-1094_002,2,Car,8.0703,381,pitch,2.0,0.9948
scene-1094_002,3,Pedestrian,13.3061,13,pitch,2.0,1.0
scene-1094_002,4,Car,30.4747,64,pitch,2.0,1.0
scene-1094_002,5,Pedestrian,14.4057,18,pitch,2.0,1.0
scene-1094_002,0,personal_mobility,9.8052,42,pitch,3.0,0.9286
scene-1094_002,1,Car,24.7736,20,pitch,3.0,0.9
scene-1094_002,2,Car,8.0703,381,pitch,3.0,0.9921
scene-1094_002,3,Pedestrian,13.3061,13,pitch,3.0,0.7692
scene-1094_002,4,Car,30.4747,64,pitch,3.0,0.7656
scene-1094_002,5,Pedestrian,14.4057,18,pitch,3.0,1.0
scene-1094_002,0,personal_mobility,9.8052,42,roll,0.0,1.0
scene-1094_002,1,Car,24.7736,20,roll,0.0,1.0
scene-1094_002,2,Car,8.0703,381,roll,0.0,1.0
scene-1094_002,3,Pedestrian,13.3061,13,roll,0.0,1.0
scene-1094_002,4,Car,30.4747,64,roll,0.0,1.0
scene-1094_002,5,Pedestrian,14.4057,18,roll,0.0,1.0
scene-1094_002,0,personal_mobility,9.8052,42,roll,0.5,1.0
scene-1094_002,1,Car,24.7736,20,roll,0.5,1.0
scene-1094_002,2,Car,8.0703,381,roll,0.5,0.9948
scene-1094_002,3,Pedestrian,13.3061,13,roll,0.5,1.0
scene-1094_002,4,Car,30.4747,64,roll,0.5,1.0
scene-1094_002,5,Pedestrian,14.4057,18,roll,0.5,1.0
scene-1094_002,0,personal_mobility,9.8052,42,roll,1.0,1.0
scene-1094_002,1,Car,24.7736,20,roll,1.0,1.0
scene-1094_002,2,Car,8.0703,381,roll,1.0,0.9948
scene-1094_002,3,Pedestrian,13.3061,13,roll,1.0,1.0
scene-1094_002,4,Car,30.4747,64,roll,1.0,1.0
scene-1094_002,5,Pedestrian,14.4057,18,roll,1.0,1.0
scene-1094_002,0,personal_mobility,9.8052,42,roll,2.0,0.9286
scene-1094_002,1,Car,24.7736,20,roll,2.0,0.9
scene-1094_002,2,Car,8.0703,381,roll,2.0,0.9396
scene-1094_002,3,Pedestrian,13.3061,13,roll,2.0,0.7692
scene-1094_002,4,Car,30.4747,64,roll,2.0,0.6406
scene-1094_002,5,Pedestrian,14.4057,18,roll,2.0,0.5
scene-1094_002,0,personal_mobility,9.8052,42,roll,3.0,0.7857
scene-1094_002,1,Car,24.7736,20,roll,3.0,0.4
scene-1094_002,2,Car,8.0703,381,roll,3.0,0.8845
scene-1094_002,3,Pedestrian,13.3061,13,roll,3.0,0.4615
scene-1094_002,4,Car,30.4747,64,roll,3.0,0.2969
scene-1094_002,5,Pedestrian,14.4057,18,roll,3.0,0.3889
scene-1094_002,0,personal_mobility,9.8052,42,lateral_t,0.0,1.0
scene-1094_002,1,Car,24.7736,20,lateral_t,0.0,1.0
scene-1094_002,2,Car,8.0703,381,lateral_t,0.0,1.0
scene-1094_002,3,Pedestrian,13.3061,13,lateral_t,0.0,1.0
scene-1094_002,4,Car,30.4747,64,lateral_t,0.0,1.0
scene-1094_002,5,Pedestrian,14.4057,18,lateral_t,0.0,1.0
scene-1094_002,0,personal_mobility,9.8052,42,lateral_t,0.02,1.0
scene-1094_002,1,Car,24.7736,20,lateral_t,0.02,1.0
scene-1094_002,2,Car,8.0703,381,lateral_t,0.02,1.0
scene-1094_002,3,Pedestrian,13.3061,13,lateral_t,0.02,1.0
scene-1094_002,4,Car,30.4747,64,lateral_t,0.02,1.0
scene-1094_002,5,Pedestrian,14.4057,18,lateral_t,0.02,1.0
scene-1094_002,0,personal_mobility,9.8052,42,lateral_t,0.05,1.0
scene-1094_002,1,Car,24.7736,20,lateral_t,0.05,1.0
scene-1094_002,2,Car,8.0703,381,lateral_t,0.05,1.0
scene-1094_002,3,Pedestrian,13.3061,13,lateral_t,0.05,1.0
scene-1094_002,4,Car,30.4747,64,lateral_t,0.05,1.0
scene-1094_002,5,Pedestrian,14.4057,18,lateral_t,0.05,1.0
scene-1094_002,0,personal_mobility,9.8052,42,lateral_t,0.1,0.9762
scene-1094_002,1,Car,24.7736,20,lateral_t,0.1,1.0
scene-1094_002,2,Car,8.0703,381,lateral_t,0.1,1.0
scene-1094_002,3,Pedestrian,13.3061,13,lateral_t,0.1,1.0
scene-1094_002,4,Car,30.4747,64,lateral_t,0.1,1.0
scene-1094_002,5,Pedestrian,14.4057,18,lateral_t,0.1,1.0
scene-1094_003,0,personal_mobility,9.4178,34,yaw,0.0,1.0
scene-1094_003,1,Car,24.5932,28,yaw,0.0,1.0
scene-1094_003,2,Car,8.2963,373,yaw,0.0,1.0
scene-1094_003,3,Car,6.8322,10,yaw,0.0,1.0
scene-1094_003,4,Car,30.29,67,yaw,0.0,1.0
scene-1094_003,5,Pedestrian,14.5281,12,yaw,0.0,1.0
scene-1094_003,0,personal_mobility,9.4178,34,yaw,0.5,1.0
scene-1094_003,1,Car,24.5932,28,yaw,0.5,0.9643
scene-1094_003,2,Car,8.2963,373,yaw,0.5,0.9973
scene-1094_003,3,Car,6.8322,10,yaw,0.5,1.0
scene-1094_003,4,Car,30.29,67,yaw,0.5,1.0
scene-1094_003,5,Pedestrian,14.5281,12,yaw,0.5,1.0
scene-1094_003,0,personal_mobility,9.4178,34,yaw,1.0,1.0
scene-1094_003,1,Car,24.5932,28,yaw,1.0,0.75
scene-1094_003,2,Car,8.2963,373,yaw,1.0,0.9946
scene-1094_003,3,Car,6.8322,10,yaw,1.0,0.9
scene-1094_003,4,Car,30.29,67,yaw,1.0,0.9701
scene-1094_003,5,Pedestrian,14.5281,12,yaw,1.0,1.0
scene-1094_003,0,personal_mobility,9.4178,34,yaw,2.0,0.8824
scene-1094_003,1,Car,24.5932,28,yaw,2.0,0.5
scene-1094_003,2,Car,8.2963,373,yaw,2.0,0.9571
scene-1094_003,3,Car,6.8322,10,yaw,2.0,0.2
scene-1094_003,4,Car,30.29,67,yaw,2.0,0.9254
scene-1094_003,5,Pedestrian,14.5281,12,yaw,2.0,0.5833
scene-1094_003,0,personal_mobility,9.4178,34,yaw,3.0,0.7353
scene-1094_003,1,Car,24.5932,28,yaw,3.0,0.5
scene-1094_003,2,Car,8.2963,373,yaw,3.0,0.8981
scene-1094_003,3,Car,6.8322,10,yaw,3.0,0.0
scene-1094_003,4,Car,30.29,67,yaw,3.0,0.8806
scene-1094_003,5,Pedestrian,14.5281,12,yaw,3.0,0.25
scene-1094_003,0,personal_mobility,9.4178,34,pitch,0.0,1.0
scene-1094_003,1,Car,24.5932,28,pitch,0.0,1.0
scene-1094_003,2,Car,8.2963,373,pitch,0.0,1.0
scene-1094_003,3,Car,6.8322,10,pitch,0.0,1.0
scene-1094_003,4,Car,30.29,67,pitch,0.0,1.0
scene-1094_003,5,Pedestrian,14.5281,12,pitch,0.0,1.0
scene-1094_003,0,personal_mobility,9.4178,34,pitch,0.5,1.0
scene-1094_003,1,Car,24.5932,28,pitch,0.5,1.0
scene-1094_003,2,Car,8.2963,373,pitch,0.5,1.0
scene-1094_003,3,Car,6.8322,10,pitch,0.5,1.0
scene-1094_003,4,Car,30.29,67,pitch,0.5,1.0
scene-1094_003,5,Pedestrian,14.5281,12,pitch,0.5,1.0
scene-1094_003,0,personal_mobility,9.4178,34,pitch,1.0,1.0
scene-1094_003,1,Car,24.5932,28,pitch,1.0,1.0
scene-1094_003,2,Car,8.2963,373,pitch,1.0,0.9973
scene-1094_003,3,Car,6.8322,10,pitch,1.0,1.0
scene-1094_003,4,Car,30.29,67,pitch,1.0,1.0
scene-1094_003,5,Pedestrian,14.5281,12,pitch,1.0,1.0
scene-1094_003,0,personal_mobility,9.4178,34,pitch,2.0,1.0
scene-1094_003,1,Car,24.5932,28,pitch,2.0,0.9286
scene-1094_003,2,Car,8.2963,373,pitch,2.0,0.9973
scene-1094_003,3,Car,6.8322,10,pitch,2.0,1.0
scene-1094_003,4,Car,30.29,67,pitch,2.0,1.0
scene-1094_003,5,Pedestrian,14.5281,12,pitch,2.0,1.0
scene-1094_003,0,personal_mobility,9.4178,34,pitch,3.0,0.9706
scene-1094_003,1,Car,24.5932,28,pitch,3.0,0.8214
scene-1094_003,2,Car,8.2963,373,pitch,3.0,0.9946
scene-1094_003,3,Car,6.8322,10,pitch,3.0,1.0
scene-1094_003,4,Car,30.29,67,pitch,3.0,0.7463
scene-1094_003,5,Pedestrian,14.5281,12,pitch,3.0,1.0
scene-1094_003,0,personal_mobility,9.4178,34,roll,0.0,1.0
scene-1094_003,1,Car,24.5932,28,roll,0.0,1.0
scene-1094_003,2,Car,8.2963,373,roll,0.0,1.0
scene-1094_003,3,Car,6.8322,10,roll,0.0,1.0
scene-1094_003,4,Car,30.29,67,roll,0.0,1.0
scene-1094_003,5,Pedestrian,14.5281,12,roll,0.0,1.0
scene-1094_003,0,personal_mobility,9.4178,34,roll,0.5,1.0
scene-1094_003,1,Car,24.5932,28,roll,0.5,1.0
scene-1094_003,2,Car,8.2963,373,roll,0.5,0.9973
scene-1094_003,3,Car,6.8322,10,roll,0.5,1.0
scene-1094_003,4,Car,30.29,67,roll,0.5,1.0
scene-1094_003,5,Pedestrian,14.5281,12,roll,0.5,1.0
scene-1094_003,0,personal_mobility,9.4178,34,roll,1.0,1.0
scene-1094_003,1,Car,24.5932,28,roll,1.0,1.0
scene-1094_003,2,Car,8.2963,373,roll,1.0,0.992
scene-1094_003,3,Car,6.8322,10,roll,1.0,1.0
scene-1094_003,4,Car,30.29,67,roll,1.0,1.0
scene-1094_003,5,Pedestrian,14.5281,12,roll,1.0,1.0
scene-1094_003,0,personal_mobility,9.4178,34,roll,2.0,0.9706
scene-1094_003,1,Car,24.5932,28,roll,2.0,0.8214
scene-1094_003,2,Car,8.2963,373,roll,2.0,0.9223
scene-1094_003,3,Car,6.8322,10,roll,2.0,1.0
scene-1094_003,4,Car,30.29,67,roll,2.0,0.6418
scene-1094_003,5,Pedestrian,14.5281,12,roll,2.0,0.4167
scene-1094_003,0,personal_mobility,9.4178,34,roll,3.0,0.9412
scene-1094_003,1,Car,24.5932,28,roll,3.0,0.3214
scene-1094_003,2,Car,8.2963,373,roll,3.0,0.8794
scene-1094_003,3,Car,6.8322,10,roll,3.0,1.0
scene-1094_003,4,Car,30.29,67,roll,3.0,0.3134
scene-1094_003,5,Pedestrian,14.5281,12,roll,3.0,0.4167
scene-1094_003,0,personal_mobility,9.4178,34,lateral_t,0.0,1.0
scene-1094_003,1,Car,24.5932,28,lateral_t,0.0,1.0
scene-1094_003,2,Car,8.2963,373,lateral_t,0.0,1.0
scene-1094_003,3,Car,6.8322,10,lateral_t,0.0,1.0
scene-1094_003,4,Car,30.29,67,lateral_t,0.0,1.0
scene-1094_003,5,Pedestrian,14.5281,12,lateral_t,0.0,1.0
scene-1094_003,0,personal_mobility,9.4178,34,lateral_t,0.02,1.0
scene-1094_003,1,Car,24.5932,28,lateral_t,0.02,1.0
scene-1094_003,2,Car,8.2963,373,lateral_t,0.02,1.0
scene-1094_003,3,Car,6.8322,10,lateral_t,0.02,0.8
scene-1094_003,4,Car,30.29,67,lateral_t,0.02,1.0
scene-1094_003,5,Pedestrian,14.5281,12,lateral_t,0.02,1.0
scene-1094_003,0,personal_mobility,9.4178,34,lateral_t,0.05,1.0
scene-1094_003,1,Car,24.5932,28,lateral_t,0.05,1.0
scene-1094_003,2,Car,8.2963,373,lateral_t,0.05,1.0
scene-1094_003,3,Car,6.8322,10,lateral_t,0.05,0.7
scene-1094_003,4,Car,30.29,67,lateral_t,0.05,1.0
scene-1094_003,5,Pedestrian,14.5281,12,lateral_t,0.05,1.0
scene-1094_003,0,personal_mobility,9.4178,34,lateral_t,0.1,1.0
scene-1094_003,1,Car,24.5932,28,lateral_t,0.1,1.0
scene-1094_003,2,Car,8.2963,373,lateral_t,0.1,1.0
scene-1094_003,3,Car,6.8322,10,lateral_t,0.1,0.4
scene-1094_003,4,Car,30.29,67,lateral_t,0.1,1.0
scene-1094_003,5,Pedestrian,14.5281,12,lateral_t,0.1,1.0
scene-1094_004,0,personal_mobility,8.9577,37,yaw,0.0,1.0
scene-1094_004,1,Car,24.1921,27,yaw,0.0,1.0
scene-1094_004,2,Car,8.484,367,yaw,0.0,1.0
scene-1094_004,3,Car,8.461,11,yaw,0.0,1.0
scene-1094_004,4,Car,29.8738,68,yaw,0.0,1.0
scene-1094_004,0,personal_mobility,8.9577,37,yaw,0.5,0.973
scene-1094_004,1,Car,24.1921,27,yaw,0.5,0.963
scene-1094_004,2,Car,8.484,367,yaw,0.5,1.0
scene-1094_004,3,Car,8.461,11,yaw,0.5,0.8182
scene-1094_004,4,Car,29.8738,68,yaw,0.5,1.0
scene-1094_004,0,personal_mobility,8.9577,37,yaw,1.0,0.973
scene-1094_004,1,Car,24.1921,27,yaw,1.0,0.8148
scene-1094_004,2,Car,8.484,367,yaw,1.0,0.9864
scene-1094_004,3,Car,8.461,11,yaw,1.0,0.4545
scene-1094_004,4,Car,29.8738,68,yaw,1.0,0.9706
scene-1094_004,0,personal_mobility,8.9577,37,yaw,2.0,0.973
scene-1094_004,1,Car,24.1921,27,yaw,2.0,0.7778
scene-1094_004,2,Car,8.484,367,yaw,2.0,0.9455
scene-1094_004,3,Car,8.461,11,yaw,2.0,0.0
scene-1094_004,4,Car,29.8738,68,yaw,2.0,0.9265
scene-1094_004,0,personal_mobility,8.9577,37,yaw,3.0,0.973
scene-1094_004,1,Car,24.1921,27,yaw,3.0,0.7778
scene-1094_004,2,Car,8.484,367,yaw,3.0,0.8774
scene-1094_004,3,Car,8.461,11,yaw,3.0,0.0
scene-1094_004,4,Car,29.8738,68,yaw,3.0,0.8824
scene-1094_004,0,personal_mobility,8.9577,37,pitch,0.0,1.0
scene-1094_004,1,Car,24.1921,27,pitch,0.0,1.0
scene-1094_004,2,Car,8.484,367,pitch,0.0,1.0
scene-1094_004,3,Car,8.461,11,pitch,0.0,1.0
scene-1094_004,4,Car,29.8738,68,pitch,0.0,1.0
scene-1094_004,0,personal_mobility,8.9577,37,pitch,0.5,1.0
scene-1094_004,1,Car,24.1921,27,pitch,0.5,1.0
scene-1094_004,2,Car,8.484,367,pitch,0.5,1.0
scene-1094_004,3,Car,8.461,11,pitch,0.5,1.0
scene-1094_004,4,Car,29.8738,68,pitch,0.5,1.0
scene-1094_004,0,personal_mobility,8.9577,37,pitch,1.0,1.0
scene-1094_004,1,Car,24.1921,27,pitch,1.0,1.0
scene-1094_004,2,Car,8.484,367,pitch,1.0,0.9946
scene-1094_004,3,Car,8.461,11,pitch,1.0,1.0
scene-1094_004,4,Car,29.8738,68,pitch,1.0,1.0
scene-1094_004,0,personal_mobility,8.9577,37,pitch,2.0,0.9459
scene-1094_004,1,Car,24.1921,27,pitch,2.0,0.8889
scene-1094_004,2,Car,8.484,367,pitch,2.0,0.9891
scene-1094_004,3,Car,8.461,11,pitch,2.0,0.8182
scene-1094_004,4,Car,29.8738,68,pitch,2.0,1.0
scene-1094_004,0,personal_mobility,8.9577,37,pitch,3.0,0.9459
scene-1094_004,1,Car,24.1921,27,pitch,3.0,0.8519
scene-1094_004,2,Car,8.484,367,pitch,3.0,0.9891
scene-1094_004,3,Car,8.461,11,pitch,3.0,0.8182
scene-1094_004,4,Car,29.8738,68,pitch,3.0,0.7647
scene-1094_004,0,personal_mobility,8.9577,37,roll,0.0,1.0
scene-1094_004,1,Car,24.1921,27,roll,0.0,1.0
scene-1094_004,2,Car,8.484,367,roll,0.0,1.0
scene-1094_004,3,Car,8.461,11,roll,0.0,1.0
scene-1094_004,4,Car,29.8738,68,roll,0.0,1.0
scene-1094_004,0,personal_mobility,8.9577,37,roll,0.5,1.0
scene-1094_004,1,Car,24.1921,27,roll,0.5,1.0
scene-1094_004,2,Car,8.484,367,roll,0.5,0.9891
scene-1094_004,3,Car,8.461,11,roll,0.5,1.0
scene-1094_004,4,Car,29.8738,68,roll,0.5,1.0
scene-1094_004,0,personal_mobility,8.9577,37,roll,1.0,0.973
scene-1094_004,1,Car,24.1921,27,roll,1.0,0.963
scene-1094_004,2,Car,8.484,367,roll,1.0,0.9891
scene-1094_004,3,Car,8.461,11,roll,1.0,1.0
scene-1094_004,4,Car,29.8738,68,roll,1.0,1.0
scene-1094_004,0,personal_mobility,8.9577,37,roll,2.0,0.973
scene-1094_004,1,Car,24.1921,27,roll,2.0,0.8519
scene-1094_004,2,Car,8.484,367,roll,2.0,0.9074
scene-1094_004,3,Car,8.461,11,roll,2.0,0.9091
scene-1094_004,4,Car,29.8738,68,roll,2.0,0.6618
scene-1094_004,0,personal_mobility,8.9577,37,roll,3.0,0.8919
scene-1094_004,1,Car,24.1921,27,roll,3.0,0.3333
scene-1094_004,2,Car,8.484,367,roll,3.0,0.8638
scene-1094_004,3,Car,8.461,11,roll,3.0,0.9091
scene-1094_004,4,Car,29.8738,68,roll,3.0,0.3382
scene-1094_004,0,personal_mobility,8.9577,37,lateral_t,0.0,1.0
scene-1094_004,1,Car,24.1921,27,lateral_t,0.0,1.0
scene-1094_004,2,Car,8.484,367,lateral_t,0.0,1.0
scene-1094_004,3,Car,8.461,11,lateral_t,0.0,1.0
scene-1094_004,4,Car,29.8738,68,lateral_t,0.0,1.0
scene-1094_004,0,personal_mobility,8.9577,37,lateral_t,0.02,1.0
scene-1094_004,1,Car,24.1921,27,lateral_t,0.02,1.0
scene-1094_004,2,Car,8.484,367,lateral_t,0.02,1.0
scene-1094_004,3,Car,8.461,11,lateral_t,0.02,0.8182
scene-1094_004,4,Car,29.8738,68,lateral_t,0.02,1.0
scene-1094_004,0,personal_mobility,8.9577,37,lateral_t,0.05,1.0
scene-1094_004,1,Car,24.1921,27,lateral_t,0.05,1.0
scene-1094_004,2,Car,8.484,367,lateral_t,0.05,1.0
scene-1094_004,3,Car,8.461,11,lateral_t,0.05,0.8182
scene-1094_004,4,Car,29.8738,68,lateral_t,0.05,1.0
scene-1094_004,0,personal_mobility,8.9577,37,lateral_t,0.1,1.0
scene-1094_004,1,Car,24.1921,27,lateral_t,0.1,1.0
scene-1094_004,2,Car,8.484,367,lateral_t,0.1,1.0
scene-1094_004,3,Car,8.461,11,lateral_t,0.1,0.5455
scene-1094_004,4,Car,29.8738,68,lateral_t,0.1,1.0
scene-1094_005,0,personal_mobility,8.4443,50,yaw,0.0,1.0
scene-1094_005,1,Car,23.5217,30,yaw,0.0,1.0
scene-1094_005,2,Car,8.4818,379,yaw,0.0,1.0
scene-1094_005,3,Car,26.8801,15,yaw,0.0,1.0
scene-1094_005,4,Car,29.1723,74,yaw,0.0,1.0
scene-1094_005,0,personal_mobility,8.4443,50,yaw,0.5,0.9
scene-1094_005,1,Car,23.5217,30,yaw,0.5,1.0
scene-1094_005,2,Car,8.4818,379,yaw,0.5,0.9947
scene-1094_005,3,Car,26.8801,15,yaw,0.5,1.0
scene-1094_005,4,Car,29.1723,74,yaw,0.5,1.0
scene-1094_005,0,personal_mobility,8.4443,50,yaw,1.0,0.76
scene-1094_005,1,Car,23.5217,30,yaw,1.0,1.0
scene-1094_005,2,Car,8.4818,379,yaw,1.0,0.9763
scene-1094_005,3,Car,26.8801,15,yaw,1.0,1.0
scene-1094_005,4,Car,29.1723,74,yaw,1.0,0.9865
scene-1094_005,0,personal_mobility,8.4443,50,yaw,2.0,0.4
scene-1094_005,1,Car,23.5217,30,yaw,2.0,1.0
scene-1094_005,2,Car,8.4818,379,yaw,2.0,0.9288
scene-1094_005,3,Car,26.8801,15,yaw,2.0,1.0
scene-1094_005,4,Car,29.1723,74,yaw,2.0,0.9459
scene-1094_005,0,personal_mobility,8.4443,50,yaw,3.0,0.18
scene-1094_005,1,Car,23.5217,30,yaw,3.0,1.0
scene-1094_005,2,Car,8.4818,379,yaw,3.0,0.876
scene-1094_005,3,Car,26.8801,15,yaw,3.0,1.0
scene-1094_005,4,Car,29.1723,74,yaw,3.0,0.8784
scene-1094_005,0,personal_mobility,8.4443,50,pitch,0.0,1.0
scene-1094_005,1,Car,23.5217,30,pitch,0.0,1.0
scene-1094_005,2,Car,8.4818,379,pitch,0.0,1.0
scene-1094_005,3,Car,26.8801,15,pitch,0.0,1.0
scene-1094_005,4,Car,29.1723,74,pitch,0.0,1.0
scene-1094_005,0,personal_mobility,8.4443,50,pitch,0.5,0.98
scene-1094_005,1,Car,23.5217,30,pitch,0.5,1.0
scene-1094_005,2,Car,8.4818,379,pitch,0.5,1.0
scene-1094_005,3,Car,26.8801,15,pitch,0.5,1.0
scene-1094_005,4,Car,29.1723,74,pitch,0.5,1.0
scene-1094_005,0,personal_mobility,8.4443,50,pitch,1.0,0.98
scene-1094_005,1,Car,23.5217,30,pitch,1.0,1.0
scene-1094_005,2,Car,8.4818,379,pitch,1.0,1.0
scene-1094_005,3,Car,26.8801,15,pitch,1.0,1.0
scene-1094_005,4,Car,29.1723,74,pitch,1.0,1.0
scene-1094_005,0,personal_mobility,8.4443,50,pitch,2.0,0.88
scene-1094_005,1,Car,23.5217,30,pitch,2.0,0.7333
scene-1094_005,2,Car,8.4818,379,pitch,2.0,1.0
scene-1094_005,3,Car,26.8801,15,pitch,2.0,1.0
scene-1094_005,4,Car,29.1723,74,pitch,2.0,0.973
scene-1094_005,0,personal_mobility,8.4443,50,pitch,3.0,0.88
scene-1094_005,1,Car,23.5217,30,pitch,3.0,0.7333
scene-1094_005,2,Car,8.4818,379,pitch,3.0,0.9947
scene-1094_005,3,Car,26.8801,15,pitch,3.0,1.0
scene-1094_005,4,Car,29.1723,74,pitch,3.0,0.7297
scene-1094_005,0,personal_mobility,8.4443,50,roll,0.0,1.0
scene-1094_005,1,Car,23.5217,30,roll,0.0,1.0
scene-1094_005,2,Car,8.4818,379,roll,0.0,1.0
scene-1094_005,3,Car,26.8801,15,roll,0.0,1.0
scene-1094_005,4,Car,29.1723,74,roll,0.0,1.0
scene-1094_005,0,personal_mobility,8.4443,50,roll,0.5,1.0
scene-1094_005,1,Car,23.5217,30,roll,0.5,1.0
scene-1094_005,2,Car,8.4818,379,roll,0.5,1.0
scene-1094_005,3,Car,26.8801,15,roll,0.5,1.0
scene-1094_005,4,Car,29.1723,74,roll,0.5,1.0
scene-1094_005,0,personal_mobility,8.4443,50,roll,1.0,0.94
scene-1094_005,1,Car,23.5217,30,roll,1.0,0.7333
scene-1094_005,2,Car,8.4818,379,roll,1.0,0.9288
scene-1094_005,3,Car,26.8801,15,roll,1.0,1.0
scene-1094_005,4,Car,29.1723,74,roll,1.0,0.7297
scene-1094_005,0,personal_mobility,8.4443,50,roll,2.0,0.94
scene-1094_005,1,Car,23.5217,30,roll,2.0,0.7333
scene-1094_005,2,Car,8.4818,379,roll,2.0,0.9156
scene-1094_005,3,Car,26.8801,15,roll,2.0,1.0
scene-1094_005,4,Car,29.1723,74,roll,2.0,0.7297
scene-1094_005,0,personal_mobility,8.4443,50,roll,3.0,0.88
scene-1094_005,1,Car,23.5217,30,roll,3.0,0.5667
scene-1094_005,2,Car,8.4818,379,roll,3.0,0.8813
scene-1094_005,3,Car,26.8801,15,roll,3.0,0.4
scene-1094_005,4,Car,29.1723,74,roll,3.0,0.4189
scene-1094_005,0,personal_mobility,8.4443,50,lateral_t,0.0,1.0
scene-1094_005,1,Car,23.5217,30,lateral_t,0.0,1.0
scene-1094_005,2,Car,8.4818,379,lateral_t,0.0,1.0
scene-1094_005,3,Car,26.8801,15,lateral_t,0.0,1.0
scene-1094_005,4,Car,29.1723,74,lateral_t,0.0,1.0
scene-1094_005,0,personal_mobility,8.4443,50,lateral_t,0.02,1.0
scene-1094_005,1,Car,23.5217,30,lateral_t,0.02,1.0
scene-1094_005,2,Car,8.4818,379,lateral_t,0.02,1.0
scene-1094_005,3,Car,26.8801,15,lateral_t,0.02,1.0
scene-1094_005,4,Car,29.1723,74,lateral_t,0.02,1.0
scene-1094_005,0,personal_mobility,8.4443,50,lateral_t,0.05,1.0
scene-1094_005,1,Car,23.5217,30,lateral_t,0.05,1.0
scene-1094_005,2,Car,8.4818,379,lateral_t,0.05,1.0
scene-1094_005,3,Car,26.8801,15,lateral_t,0.05,1.0
scene-1094_005,4,Car,29.1723,74,lateral_t,0.05,1.0
scene-1094_005,0,personal_mobility,8.4443,50,lateral_t,0.1,1.0
scene-1094_005,1,Car,23.5217,30,lateral_t,0.1,1.0
scene-1094_005,2,Car,8.4818,379,lateral_t,0.1,1.0
scene-1094_005,3,Car,26.8801,15,lateral_t,0.1,1.0
scene-1094_005,4,Car,29.1723,74,lateral_t,0.1,1.0
scene-1094_006,0,Car,22.6409,50,yaw,0.0,1.0
scene-1094_006,1,Car,8.3037,415,yaw,0.0,1.0
scene-1094_006,2,Car,25.9768,10,yaw,0.0,1.0
scene-1094_006,3,Car,28.2464,64,yaw,0.0,1.0
scene-1094_006,4,Bicycle,28.003,11,yaw,0.0,1.0
scene-1094_006,0,Car,22.6409,50,yaw,0.5,1.0
scene-1094_006,1,Car,8.3037,415,yaw,0.5,0.9952
scene-1094_006,2,Car,25.9768,10,yaw,0.5,1.0
scene-1094_006,3,Car,28.2464,64,yaw,0.5,1.0
scene-1094_006,4,Bicycle,28.003,11,yaw,0.5,0.9091
scene-1094_006,0,Car,22.6409,50,yaw,1.0,0.98
scene-1094_006,1,Car,8.3037,415,yaw,1.0,0.9807
scene-1094_006,2,Car,25.9768,10,yaw,1.0,1.0
scene-1094_006,3,Car,28.2464,64,yaw,1.0,0.9844
scene-1094_006,4,Bicycle,28.003,11,yaw,1.0,0.8182
scene-1094_006,0,Car,22.6409,50,yaw,2.0,0.86
scene-1094_006,1,Car,8.3037,415,yaw,2.0,0.9422
scene-1094_006,2,Car,25.9768,10,yaw,2.0,1.0
scene-1094_006,3,Car,28.2464,64,yaw,2.0,0.9531
scene-1094_006,4,Bicycle,28.003,11,yaw,2.0,0.6364
scene-1094_006,0,Car,22.6409,50,yaw,3.0,0.7
scene-1094_006,1,Car,8.3037,415,yaw,3.0,0.8916
scene-1094_006,2,Car,25.9768,10,yaw,3.0,1.0
scene-1094_006,3,Car,28.2464,64,yaw,3.0,0.9062
scene-1094_006,4,Bicycle,28.003,11,yaw,3.0,0.2727
scene-1094_006,0,Car,22.6409,50,pitch,0.0,1.0
scene-1094_006,1,Car,8.3037,415,pitch,0.0,1.0
scene-1094_006,2,Car,25.9768,10,pitch,0.0,1.0
scene-1094_006,3,Car,28.2464,64,pitch,0.0,1.0
scene-1094_006,4,Bicycle,28.003,11,pitch,0.0,1.0
scene-1094_006,0,Car,22.6409,50,pitch,0.5,1.0
scene-1094_006,1,Car,8.3037,415,pitch,0.5,1.0
scene-1094_006,2,Car,25.9768,10,pitch,0.5,1.0
scene-1094_006,3,Car,28.2464,64,pitch,0.5,1.0
scene-1094_006,4,Bicycle,28.003,11,pitch,0.5,1.0
scene-1094_006,0,Car,22.6409,50,pitch,1.0,1.0
scene-1094_006,1,Car,8.3037,415,pitch,1.0,1.0
scene-1094_006,2,Car,25.9768,10,pitch,1.0,1.0
scene-1094_006,3,Car,28.2464,64,pitch,1.0,1.0
scene-1094_006,4,Bicycle,28.003,11,pitch,1.0,1.0
scene-1094_006,0,Car,22.6409,50,pitch,2.0,1.0
scene-1094_006,1,Car,8.3037,415,pitch,2.0,1.0
scene-1094_006,2,Car,25.9768,10,pitch,2.0,1.0
scene-1094_006,3,Car,28.2464,64,pitch,2.0,1.0
scene-1094_006,4,Bicycle,28.003,11,pitch,2.0,0.1818
scene-1094_006,0,Car,22.6409,50,pitch,3.0,0.78
scene-1094_006,1,Car,8.3037,415,pitch,3.0,0.9976
scene-1094_006,2,Car,25.9768,10,pitch,3.0,1.0
scene-1094_006,3,Car,28.2464,64,pitch,3.0,0.9531
scene-1094_006,4,Bicycle,28.003,11,pitch,3.0,0.1818
scene-1094_006,0,Car,22.6409,50,roll,0.0,1.0
scene-1094_006,1,Car,8.3037,415,roll,0.0,1.0
scene-1094_006,2,Car,25.9768,10,roll,0.0,1.0
scene-1094_006,3,Car,28.2464,64,roll,0.0,1.0
scene-1094_006,4,Bicycle,28.003,11,roll,0.0,1.0
scene-1094_006,0,Car,22.6409,50,roll,0.5,1.0
scene-1094_006,1,Car,8.3037,415,roll,0.5,1.0
scene-1094_006,2,Car,25.9768,10,roll,0.5,1.0
scene-1094_006,3,Car,28.2464,64,roll,0.5,1.0
scene-1094_006,4,Bicycle,28.003,11,roll,0.5,1.0
scene-1094_006,0,Car,22.6409,50,roll,1.0,1.0
scene-1094_006,1,Car,8.3037,415,roll,1.0,1.0
scene-1094_006,2,Car,25.9768,10,roll,1.0,1.0
scene-1094_006,3,Car,28.2464,64,roll,1.0,1.0
scene-1094_006,4,Bicycle,28.003,11,roll,1.0,0.8182
scene-1094_006,0,Car,22.6409,50,roll,2.0,0.78
scene-1094_006,1,Car,8.3037,415,roll,2.0,0.9205
scene-1094_006,2,Car,25.9768,10,roll,2.0,1.0
scene-1094_006,3,Car,28.2464,64,roll,2.0,0.6406
scene-1094_006,4,Bicycle,28.003,11,roll,2.0,0.8182
scene-1094_006,0,Car,22.6409,50,roll,3.0,0.38
scene-1094_006,1,Car,8.3037,415,roll,3.0,0.8892
scene-1094_006,2,Car,25.9768,10,roll,3.0,0.0
scene-1094_006,3,Car,28.2464,64,roll,3.0,0.3125
scene-1094_006,4,Bicycle,28.003,11,roll,3.0,0.0
scene-1094_006,0,Car,22.6409,50,lateral_t,0.0,1.0
scene-1094_006,1,Car,8.3037,415,lateral_t,0.0,1.0
scene-1094_006,2,Car,25.9768,10,lateral_t,0.0,1.0
scene-1094_006,3,Car,28.2464,64,lateral_t,0.0,1.0
scene-1094_006,4,Bicycle,28.003,11,lateral_t,0.0,1.0
scene-1094_006,0,Car,22.6409,50,lateral_t,0.02,1.0
scene-1094_006,1,Car,8.3037,415,lateral_t,0.02,1.0
scene-1094_006,2,Car,25.9768,10,lateral_t,0.02,1.0
scene-1094_006,3,Car,28.2464,64,lateral_t,0.02,1.0
scene-1094_006,4,Bicycle,28.003,11,lateral_t,0.02,1.0
scene-1094_006,0,Car,22.6409,50,lateral_t,0.05,1.0
scene-1094_006,1,Car,8.3037,415,lateral_t,0.05,1.0
scene-1094_006,2,Car,25.9768,10,lateral_t,0.05,1.0
scene-1094_006,3,Car,28.2464,64,lateral_t,0.05,1.0
scene-1094_006,4,Bicycle,28.003,11,lateral_t,0.05,1.0
scene-1094_006,0,Car,22.6409,50,lateral_t,0.1,1.0
scene-1094_006,1,Car,8.3037,415,lateral_t,0.1,1.0
scene-1094_006,2,Car,25.9768,10,lateral_t,0.1,1.0
scene-1094_006,3,Car,28.2464,64,lateral_t,0.1,1.0
scene-1094_006,4,Bicycle,28.003,11,lateral_t,0.1,1.0
scene-1094_007,0,Car,21.5282,48,yaw,0.0,1.0
scene-1094_007,1,Car,8.0483,462,yaw,0.0,1.0
scene-1094_007,2,Car,27.0684,62,yaw,0.0,1.0
scene-1094_007,0,Car,21.5282,48,yaw,0.5,0.9167
scene-1094_007,1,Car,8.0483,462,yaw,0.5,0.9957
scene-1094_007,2,Car,27.0684,62,yaw,0.5,1.0
scene-1094_007,0,Car,21.5282,48,yaw,1.0,0.7917
scene-1094_007,1,Car,8.0483,462,yaw,1.0,0.9827
scene-1094_007,2,Car,27.0684,62,yaw,1.0,0.9516
scene-1094_007,0,Car,21.5282,48,yaw,2.0,0.6458
scene-1094_007,1,Car,8.0483,462,yaw,2.0,0.9394
scene-1094_007,2,Car,27.0684,62,yaw,2.0,0.8548
scene-1094_007,0,Car,21.5282,48,yaw,3.0,0.5208
scene-1094_007,1,Car,8.0483,462,yaw,3.0,0.8961
scene-1094_007,2,Car,27.0684,62,yaw,3.0,0.7581
scene-1094_007,0,Car,21.5282,48,pitch,0.0,1.0
scene-1094_007,1,Car,8.0483,462,pitch,0.0,1.0
scene-1094_007,2,Car,27.0684,62,pitch,0.0,1.0
scene-1094_007,0,Car,21.5282,48,pitch,0.5,1.0
scene-1094_007,1,Car,8.0483,462,pitch,0.5,1.0
scene-1094_007,2,Car,27.0684,62,pitch,0.5,1.0
scene-1094_007,0,Car,21.5282,48,pitch,1.0,1.0
scene-1094_007,1,Car,8.0483,462,pitch,1.0,1.0
scene-1094_007,2,Car,27.0684,62,pitch,1.0,1.0
scene-1094_007,0,Car,21.5282,48,pitch,2.0,1.0
scene-1094_007,1,Car,8.0483,462,pitch,2.0,0.9567
scene-1094_007,2,Car,27.0684,62,pitch,2.0,0.8871
scene-1094_007,0,Car,21.5282,48,pitch,3.0,1.0
scene-1094_007,1,Car,8.0483,462,pitch,3.0,0.9372
scene-1094_007,2,Car,27.0684,62,pitch,3.0,0.8871
scene-1094_007,0,Car,21.5282,48,roll,0.0,1.0
scene-1094_007,1,Car,8.0483,462,roll,0.0,1.0
scene-1094_007,2,Car,27.0684,62,roll,0.0,1.0
scene-1094_007,0,Car,21.5282,48,roll,0.5,1.0
scene-1094_007,1,Car,8.0483,462,roll,0.5,0.9567
scene-1094_007,2,Car,27.0684,62,roll,0.5,1.0
scene-1094_007,0,Car,21.5282,48,roll,1.0,1.0
scene-1094_007,1,Car,8.0483,462,roll,1.0,0.9372
scene-1094_007,2,Car,27.0684,62,roll,1.0,0.8871
scene-1094_007,0,Car,21.5282,48,roll,2.0,1.0
scene-1094_007,1,Car,8.0483,462,roll,2.0,0.8766
scene-1094_007,2,Car,27.0684,62,roll,2.0,0.8871
scene-1094_007,0,Car,21.5282,48,roll,3.0,0.7708
scene-1094_007,1,Car,8.0483,462,roll,3.0,0.8745
scene-1094_007,2,Car,27.0684,62,roll,3.0,0.371
scene-1094_007,0,Car,21.5282,48,lateral_t,0.0,1.0
scene-1094_007,1,Car,8.0483,462,lateral_t,0.0,1.0
scene-1094_007,2,Car,27.0684,62,lateral_t,0.0,1.0
scene-1094_007,0,Car,21.5282,48,lateral_t,0.02,1.0
scene-1094_007,1,Car,8.0483,462,lateral_t,0.02,1.0
scene-1094_007,2,Car,27.0684,62,lateral_t,0.02,1.0
scene-1094_007,0,Car,21.5282,48,lateral_t,0.05,1.0
scene-1094_007,1,Car,8.0483,462,lateral_t,0.05,1.0
scene-1094_007,2,Car,27.0684,62,lateral_t,0.05,1.0
scene-1094_007,0,Car,21.5282,48,lateral_t,0.1,1.0
scene-1094_007,1,Car,8.0483,462,lateral_t,0.1,1.0
scene-1094_007,2,Car,27.0684,62,lateral_t,0.1,1.0
scene-1094_008,0,Car,20.4307,31,yaw,0.0,1.0
scene-1094_008,1,Car,7.9419,481,yaw,0.0,1.0
scene-1094_008,2,Car,29.1857,18,yaw,0.0,1.0
scene-1094_008,3,Car,25.8269,62,yaw,0.0,1.0
scene-1094_008,4,Pedestrian,12.2698,20,yaw,0.0,1.0
scene-1094_008,0,Car,20.4307,31,yaw,0.5,0.8387
scene-1094_008,1,Car,7.9419,481,yaw,0.5,0.9979
scene-1094_008,2,Car,29.1857,18,yaw,0.5,1.0
scene-1094_008,3,Car,25.8269,62,yaw,0.5,1.0
scene-1094_008,4,Pedestrian,12.2698,20,yaw,0.5,1.0
scene-1094_008,0,Car,20.4307,31,yaw,1.0,0.7419
scene-1094_008,1,Car,7.9419,481,yaw,1.0,0.9854
scene-1094_008,2,Car,29.1857,18,yaw,1.0,0.8889
scene-1094_008,3,Car,25.8269,62,yaw,1.0,0.9839
scene-1094_008,4,Pedestrian,12.2698,20,yaw,1.0,1.0
scene-1094_008,0,Car,20.4307,31,yaw,2.0,0.4516
scene-1094_008,1,Car,7.9419,481,yaw,2.0,0.9459
scene-1094_008,2,Car,29.1857,18,yaw,2.0,0.6111
scene-1094_008,3,Car,25.8269,62,yaw,2.0,0.9355
scene-1094_008,4,Pedestrian,12.2698,20,yaw,2.0,0.9
scene-1094_008,0,Car,20.4307,31,yaw,3.0,0.2258
scene-1094_008,1,Car,7.9419,481,yaw,3.0,0.9064
scene-1094_008,2,Car,29.1857,18,yaw,3.0,0.3333
scene-1094_008,3,Car,25.8269,62,yaw,3.0,0.8387
scene-1094_008,4,Pedestrian,12.2698,20,yaw,3.0,0.4
scene-1094_008,0,Car,20.4307,31,pitch,0.0,1.0
scene-1094_008,1,Car,7.9419,481,pitch,0.0,1.0
scene-1094_008,2,Car,29.1857,18,pitch,0.0,1.0
scene-1094_008,3,Car,25.8269,62,pitch,0.0,1.0
scene-1094_008,4,Pedestrian,12.2698,20,pitch,0.0,1.0
scene-1094_008,0,Car,20.4307,31,pitch,0.5,0.9677
scene-1094_008,1,Car,7.9419,481,pitch,0.5,1.0
scene-1094_008,2,Car,29.1857,18,pitch,0.5,1.0
scene-1094_008,3,Car,25.8269,62,pitch,0.5,1.0
scene-1094_008,4,Pedestrian,12.2698,20,pitch,0.5,1.0
scene-1094_008,0,Car,20.4307,31,pitch,1.0,0.9677
scene-1094_008,1,Car,7.9419,481,pitch,1.0,1.0
scene-1094_008,2,Car,29.1857,18,pitch,1.0,1.0
scene-1094_008,3,Car,25.8269,62,pitch,1.0,1.0
scene-1094_008,4,Pedestrian,12.2698,20,pitch,1.0,1.0
scene-1094_008,0,Car,20.4307,31,pitch,2.0,0.9032
scene-1094_008,1,Car,7.9419,481,pitch,2.0,1.0
scene-1094_008,2,Car,29.1857,18,pitch,2.0,1.0
scene-1094_008,3,Car,25.8269,62,pitch,2.0,1.0
scene-1094_008,4,Pedestrian,12.2698,20,pitch,2.0,1.0
scene-1094_008,0,Car,20.4307,31,pitch,3.0,0.7097
scene-1094_008,1,Car,7.9419,481,pitch,3.0,0.948
scene-1094_008,2,Car,29.1857,18,pitch,3.0,1.0
scene-1094_008,3,Car,25.8269,62,pitch,3.0,1.0
scene-1094_008,4,Pedestrian,12.2698,20,pitch,3.0,1.0
scene-1094_008,0,Car,20.4307,31,roll,0.0,1.0
scene-1094_008,1,Car,7.9419,481,roll,0.0,1.0
scene-1094_008,2,Car,29.1857,18,roll,0.0,1.0
scene-1094_008,3,Car,25.8269,62,roll,0.0,1.0
scene-1094_008,4,Pedestrian,12.2698,20,roll,0.0,1.0
scene-1094_008,0,Car,20.4307,31,roll,0.5,1.0
scene-1094_008,1,Car,7.9419,481,roll,0.5,1.0
scene-1094_008,2,Car,29.1857,18,roll,0.5,1.0
scene-1094_008,3,Car,25.8269,62,roll,0.5,1.0
scene-1094_008,4,Pedestrian,12.2698,20,roll,0.5,1.0
scene-1094_008,0,Car,20.4307,31,roll,1.0,1.0
scene-1094_008,1,Car,7.9419,481,roll,1.0,0.9709
scene-1094_008,2,Car,29.1857,18,roll,1.0,1.0
scene-1094_008,3,Car,25.8269,62,roll,1.0,1.0
scene-1094_008,4,Pedestrian,12.2698,20,roll,1.0,0.7
scene-1094_008,0,Car,20.4307,31,roll,2.0,0.7419
scene-1094_008,1,Car,7.9419,481,roll,2.0,0.9168
scene-1094_008,2,Car,29.1857,18,roll,2.0,0.4444
scene-1094_008,3,Car,25.8269,62,roll,2.0,0.5323
scene-1094_008,4,Pedestrian,12.2698,20,roll,2.0,0.7
scene-1094_008,0,Car,20.4307,31,roll,3.0,0.5484
scene-1094_008,1,Car,7.9419,481,roll,3.0,0.8732
scene-1094_008,2,Car,29.1857,18,roll,3.0,0.0
scene-1094_008,3,Car,25.8269,62,roll,3.0,0.5323
scene-1094_008,4,Pedestrian,12.2698,20,roll,3.0,0.6
scene-1094_008,0,Car,20.4307,31,lateral_t,0.0,1.0
scene-1094_008,1,Car,7.9419,481,lateral_t,0.0,1.0
scene-1094_008,2,Car,29.1857,18,lateral_t,0.0,1.0
scene-1094_008,3,Car,25.8269,62,lateral_t,0.0,1.0
scene-1094_008,4,Pedestrian,12.2698,20,lateral_t,0.0,1.0
scene-1094_008,0,Car,20.4307,31,lateral_t,0.02,1.0
scene-1094_008,1,Car,7.9419,481,lateral_t,0.02,1.0
scene-1094_008,2,Car,29.1857,18,lateral_t,0.02,1.0
scene-1094_008,3,Car,25.8269,62,lateral_t,0.02,1.0
scene-1094_008,4,Pedestrian,12.2698,20,lateral_t,0.02,1.0
scene-1094_008,0,Car,20.4307,31,lateral_t,0.05,1.0
scene-1094_008,1,Car,7.9419,481,lateral_t,0.05,1.0
scene-1094_008,2,Car,29.1857,18,lateral_t,0.05,1.0
scene-1094_008,3,Car,25.8269,62,lateral_t,0.05,1.0
scene-1094_008,4,Pedestrian,12.2698,20,lateral_t,0.05,1.0
scene-1094_008,0,Car,20.4307,31,lateral_t,0.1,1.0
scene-1094_008,1,Car,7.9419,481,lateral_t,0.1,1.0
scene-1094_008,2,Car,29.1857,18,lateral_t,0.1,1.0
scene-1094_008,3,Car,25.8269,62,lateral_t,0.1,1.0
scene-1094_008,4,Pedestrian,12.2698,20,lateral_t,0.1,1.0
scene-1094_009,0,Car,8.1614,300,yaw,0.0,1.0
scene-1094_009,1,Car,27.8075,11,yaw,0.0,1.0
scene-1094_009,2,Car,24.5647,84,yaw,0.0,1.0
scene-1094_009,3,Pedestrian,11.2578,26,yaw,0.0,1.0
scene-1094_009,0,Car,8.1614,300,yaw,0.5,0.96
scene-1094_009,1,Car,27.8075,11,yaw,0.5,1.0
scene-1094_009,2,Car,24.5647,84,yaw,0.5,1.0
scene-1094_009,3,Pedestrian,11.2578,26,yaw,0.5,1.0
scene-1094_009,0,Car,8.1614,300,yaw,1.0,0.93
scene-1094_009,1,Car,27.8075,11,yaw,1.0,0.9091
scene-1094_009,2,Car,24.5647,84,yaw,1.0,0.9881
scene-1094_009,3,Pedestrian,11.2578,26,yaw,1.0,1.0
scene-1094_009,0,Car,8.1614,300,yaw,2.0,0.8267
scene-1094_009,1,Car,27.8075,11,yaw,2.0,0.6364
scene-1094_009,2,Car,24.5647,84,yaw,2.0,0.9167
scene-1094_009,3,Pedestrian,11.2578,26,yaw,2.0,0.9231
scene-1094_009,0,Car,8.1614,300,yaw,3.0,0.7233
scene-1094_009,1,Car,27.8075,11,yaw,3.0,0.3636
scene-1094_009,2,Car,24.5647,84,yaw,3.0,0.8452
scene-1094_009,3,Pedestrian,11.2578,26,yaw,3.0,0.3846
scene-1094_009,0,Car,8.1614,300,pitch,0.0,1.0
scene-1094_009,1,Car,27.8075,11,pitch,0.0,1.0
scene-1094_009,2,Car,24.5647,84,pitch,0.0,1.0
scene-1094_009,3,Pedestrian,11.2578,26,pitch,0.0,1.0
scene-1094_009,0,Car,8.1614,300,pitch,0.5,0.99
scene-1094_009,1,Car,27.8075,11,pitch,0.5,1.0
scene-1094_009,2,Car,24.5647,84,pitch,0.5,1.0
scene-1094_009,3,Pedestrian,11.2578,26,pitch,0.5,1.0
scene-1094_009,0,Car,8.1614,300,pitch,1.0,0.9833
scene-1094_009,1,Car,27.8075,11,pitch,1.0,1.0
scene-1094_009,2,Car,24.5647,84,pitch,1.0,1.0
scene-1094_009,3,Pedestrian,11.2578,26,pitch,1.0,1.0
scene-1094_009,0,Car,8.1614,300,pitch,2.0,0.9733
scene-1094_009,1,Car,27.8075,11,pitch,2.0,1.0
scene-1094_009,2,Car,24.5647,84,pitch,2.0,1.0
scene-1094_009,3,Pedestrian,11.2578,26,pitch,2.0,1.0
scene-1094_009,0,Car,8.1614,300,pitch,3.0,0.95
scene-1094_009,1,Car,27.8075,11,pitch,3.0,1.0
scene-1094_009,2,Car,24.5647,84,pitch,3.0,0.8452
scene-1094_009,3,Pedestrian,11.2578,26,pitch,3.0,1.0
scene-1094_009,0,Car,8.1614,300,roll,0.0,1.0
scene-1094_009,1,Car,27.8075,11,roll,0.0,1.0
scene-1094_009,2,Car,24.5647,84,roll,0.0,1.0
scene-1094_009,3,Pedestrian,11.2578,26,roll,0.0,1.0
scene-1094_009,0,Car,8.1614,300,roll,0.5,1.0
scene-1094_009,1,Car,27.8075,11,roll,0.5,1.0
scene-1094_009,2,Car,24.5647,84,roll,0.5,1.0
scene-1094_009,3,Pedestrian,11.2578,26,roll,0.5,1.0
scene-1094_009,0,Car,8.1614,300,roll,1.0,1.0
scene-1094_009,1,Car,27.8075,11,roll,1.0,1.0
scene-1094_009,2,Car,24.5647,84,roll,1.0,1.0
scene-1094_009,3,Pedestrian,11.2578,26,roll,1.0,1.0
scene-1094_009,0,Car,8.1614,300,roll,2.0,0.9833
scene-1094_009,1,Car,27.8075,11,roll,2.0,0.8182
scene-1094_009,2,Car,24.5647,84,roll,2.0,0.8452
scene-1094_009,3,Pedestrian,11.2578,26,roll,2.0,0.5769
scene-1094_009,0,Car,8.1614,300,roll,3.0,0.8967
scene-1094_009,1,Car,27.8075,11,roll,3.0,0.0
scene-1094_009,2,Car,24.5647,84,roll,3.0,0.4643
scene-1094_009,3,Pedestrian,11.2578,26,roll,3.0,0.5
scene-1094_009,0,Car,8.1614,300,lateral_t,0.0,1.0
scene-1094_009,1,Car,27.8075,11,lateral_t,0.0,1.0
scene-1094_009,2,Car,24.5647,84,lateral_t,0.0,1.0
scene-1094_009,3,Pedestrian,11.2578,26,lateral_t,0.0,1.0
scene-1094_009,0,Car,8.1614,300,lateral_t,0.02,1.0
scene-1094_009,1,Car,27.8075,11,lateral_t,0.02,1.0
scene-1094_009,2,Car,24.5647,84,lateral_t,0.02,1.0
scene-1094_009,3,Pedestrian,11.2578,26,lateral_t,0.02,1.0
scene-1094_009,0,Car,8.1614,300,lateral_t,0.05,1.0
scene-1094_009,1,Car,27.8075,11,lateral_t,0.05,1.0
scene-1094_009,2,Car,24.5647,84,lateral_t,0.05,1.0
scene-1094_009,3,Pedestrian,11.2578,26,lateral_t,0.05,1.0
scene-1094_009,0,Car,8.1614,300,lateral_t,0.1,1.0
scene-1094_009,1,Car,27.8075,11,lateral_t,0.1,1.0
scene-1094_009,2,Car,24.5647,84,lateral_t,0.1,1.0
scene-1094_009,3,Pedestrian,11.2578,26,lateral_t,0.1,1.0
scene-1094_010,0,Car,8.6836,114,yaw,0.0,1.0
scene-1094_010,1,Car,26.4501,24,yaw,0.0,1.0
scene-1094_010,2,Pedestrian,19.8698,11,yaw,0.0,1.0
scene-1094_010,3,Car,21.1911,32,yaw,0.0,1.0
scene-1094_010,4,Car,23.3036,115,yaw,0.0,1.0
scene-1094_010,5,Pedestrian,10.3192,36,yaw,0.0,1.0
scene-1094_010,0,Car,8.6836,114,yaw,0.5,0.8947
scene-1094_010,1,Car,26.4501,24,yaw,0.5,1.0
scene-1094_010,2,Pedestrian,19.8698,11,yaw,0.5,1.0
scene-1094_010,3,Car,21.1911,32,yaw,0.5,1.0
scene-1094_010,4,Car,23.3036,115,yaw,0.5,1.0
scene-1094_010,5,Pedestrian,10.3192,36,yaw,0.5,1.0
scene-1094_010,0,Car,8.6836,114,yaw,1.0,0.7895
scene-1094_010,1,Car,26.4501,24,yaw,1.0,1.0
scene-1094_010,2,Pedestrian,19.8698,11,yaw,1.0,1.0
scene-1094_010,3,Car,21.1911,32,yaw,1.0,1.0
scene-1094_010,4,Car,23.3036,115,yaw,1.0,1.0
scene-1094_010,5,Pedestrian,10.3192,36,yaw,1.0,1.0
scene-1094_010,0,Car,8.6836,114,yaw,2.0,0.5789
scene-1094_010,1,Car,26.4501,24,yaw,2.0,0.9167
scene-1094_010,2,Pedestrian,19.8698,11,yaw,2.0,0.3636
scene-1094_010,3,Car,21.1911,32,yaw,2.0,1.0
scene-1094_010,4,Car,23.3036,115,yaw,2.0,0.9565
scene-1094_010,5,Pedestrian,10.3192,36,yaw,2.0,0.9167
scene-1094_010,0,Car,8.6836,114,yaw,3.0,0.3772
scene-1094_010,1,Car,26.4501,24,yaw,3.0,0.6667
scene-1094_010,2,Pedestrian,19.8698,11,yaw,3.0,0.0
scene-1094_010,3,Car,21.1911,32,yaw,3.0,1.0
scene-1094_010,4,Car,23.3036,115,yaw,3.0,0.913
scene-1094_010,5,Pedestrian,10.3192,36,yaw,3.0,0.5278
scene-1094_010,0,Car,8.6836,114,pitch,0.0,1.0
scene-1094_010,1,Car,26.4501,24,pitch,0.0,1.0
scene-1094_010,2,Pedestrian,19.8698,11,pitch,0.0,1.0
scene-1094_010,3,Car,21.1911,32,pitch,0.0,1.0
scene-1094_010,4,Car,23.3036,115,pitch,0.0,1.0
scene-1094_010,5,Pedestrian,10.3192,36,pitch,0.0,1.0
scene-1094_010,0,Car,8.6836,114,pitch,0.5,0.9912
scene-1094_010,1,Car,26.4501,24,pitch,0.5,1.0
scene-1094_010,2,Pedestrian,19.8698,11,pitch,0.5,1.0
scene-1094_010,3,Car,21.1911,32,pitch,0.5,1.0
scene-1094_010,4,Car,23.3036,115,pitch,0.5,1.0
scene-1094_010,5,Pedestrian,10.3192,36,pitch,0.5,1.0
scene-1094_010,0,Car,8.6836,114,pitch,1.0,0.9825
scene-1094_010,1,Car,26.4501,24,pitch,1.0,1.0
scene-1094_010,2,Pedestrian,19.8698,11,pitch,1.0,1.0
scene-1094_010,3,Car,21.1911,32,pitch,1.0,1.0
scene-1094_010,4,Car,23.3036,115,pitch,1.0,1.0
scene-1094_010,5,Pedestrian,10.3192,36,pitch,1.0,1.0
scene-1094_010,0,Car,8.6836,114,pitch,2.0,0.9737
scene-1094_010,1,Car,26.4501,24,pitch,2.0,1.0
scene-1094_010,2,Pedestrian,19.8698,11,pitch,2.0,0.8182
scene-1094_010,3,Car,21.1911,32,pitch,2.0,1.0
scene-1094_010,4,Car,23.3036,115,pitch,2.0,1.0
scene-1094_010,5,Pedestrian,10.3192,36,pitch,2.0,1.0
scene-1094_010,0,Car,8.6836,114,pitch,3.0,0.9474
scene-1094_010,1,Car,26.4501,24,pitch,3.0,1.0
scene-1094_010,2,Pedestrian,19.8698,11,pitch,3.0,0.8182
scene-1094_010,3,Car,21.1911,32,pitch,3.0,0.7812
scene-1094_010,4,Car,23.3036,115,pitch,3.0,1.0
scene-1094_010,5,Pedestrian,10.3192,36,pitch,3.0,1.0
scene-1094_010,0,Car,8.6836,114,roll,0.0,1.0
scene-1094_010,1,Car,26.4501,24,roll,0.0,1.0
scene-1094_010,2,Pedestrian,19.8698,11,roll,0.0,1.0
scene-1094_010,3,Car,21.1911,32,roll,0.0,1.0
scene-1094_010,4,Car,23.3036,115,roll,0.0,1.0
scene-1094_010,5,Pedestrian,10.3192,36,roll,0.0,1.0
scene-1094_010,0,Car,8.6836,114,roll,0.5,1.0
scene-1094_010,1,Car,26.4501,24,roll,0.5,1.0
scene-1094_010,2,Pedestrian,19.8698,11,roll,0.5,1.0
scene-1094_010,3,Car,21.1911,32,roll,0.5,1.0
scene-1094_010,4,Car,23.3036,115,roll,0.5,1.0
scene-1094_010,5,Pedestrian,10.3192,36,roll,0.5,1.0
scene-1094_010,0,Car,8.6836,114,roll,1.0,1.0
scene-1094_010,1,Car,26.4501,24,roll,1.0,0.8333
scene-1094_010,2,Pedestrian,19.8698,11,roll,1.0,0.6364
scene-1094_010,3,Car,21.1911,32,roll,1.0,1.0
scene-1094_010,4,Car,23.3036,115,roll,1.0,1.0
scene-1094_010,5,Pedestrian,10.3192,36,roll,1.0,0.8056
scene-1094_010,0,Car,8.6836,114,roll,2.0,0.9561
scene-1094_010,1,Car,26.4501,24,roll,2.0,0.1667
scene-1094_010,2,Pedestrian,19.8698,11,roll,2.0,0.6364
scene-1094_010,3,Car,21.1911,32,roll,2.0,0.7812
scene-1094_010,4,Car,23.3036,115,roll,2.0,1.0
scene-1094_010,5,Pedestrian,10.3192,36,roll,2.0,0.5278
scene-1094_010,0,Car,8.6836,114,roll,3.0,0.9561
scene-1094_010,1,Car,26.4501,24,roll,3.0,0.1667
scene-1094_010,2,Pedestrian,19.8698,11,roll,3.0,0.3636
scene-1094_010,3,Car,21.1911,32,roll,3.0,0.375
scene-1094_010,4,Car,23.3036,115,roll,3.0,0.7391
scene-1094_010,5,Pedestrian,10.3192,36,roll,3.0,0.5278
scene-1094_010,0,Car,8.6836,114,lateral_t,0.0,1.0
scene-1094_010,1,Car,26.4501,24,lateral_t,0.0,1.0
scene-1094_010,2,Pedestrian,19.8698,11,lateral_t,0.0,1.0
scene-1094_010,3,Car,21.1911,32,lateral_t,0.0,1.0
scene-1094_010,4,Car,23.3036,115,lateral_t,0.0,1.0
scene-1094_010,5,Pedestrian,10.3192,36,lateral_t,0.0,1.0
scene-1094_010,0,Car,8.6836,114,lateral_t,0.02,1.0
scene-1094_010,1,Car,26.4501,24,lateral_t,0.02,1.0
scene-1094_010,2,Pedestrian,19.8698,11,lateral_t,0.02,1.0
scene-1094_010,3,Car,21.1911,32,lateral_t,0.02,1.0
scene-1094_010,4,Car,23.3036,115,lateral_t,0.02,1.0
scene-1094_010,5,Pedestrian,10.3192,36,lateral_t,0.02,1.0
scene-1094_010,0,Car,8.6836,114,lateral_t,0.05,1.0
scene-1094_010,1,Car,26.4501,24,lateral_t,0.05,1.0
scene-1094_010,2,Pedestrian,19.8698,11,lateral_t,0.05,1.0
scene-1094_010,3,Car,21.1911,32,lateral_t,0.05,1.0
scene-1094_010,4,Car,23.3036,115,lateral_t,0.05,1.0
scene-1094_010,5,Pedestrian,10.3192,36,lateral_t,0.05,1.0
scene-1094_010,0,Car,8.6836,114,lateral_t,0.1,0.9912
scene-1094_010,1,Car,26.4501,24,lateral_t,0.1,1.0
scene-1094_010,2,Pedestrian,19.8698,11,lateral_t,0.1,1.0
scene-1094_010,3,Car,21.1911,32,lateral_t,0.1,1.0
scene-1094_010,4,Car,23.3036,115,lateral_t,0.1,1.0
scene-1094_010,5,Pedestrian,10.3192,36,lateral_t,0.1,1.0
scene-1094_011,0,Car,17.0625,88,yaw,0.0,1.0
scene-1094_011,1,Car,25.1321,33,yaw,0.0,1.0
scene-1094_011,2,Car,19.9347,25,yaw,0.0,1.0
scene-1094_011,3,Car,22.0158,121,yaw,0.0,1.0
scene-1094_011,4,Pedestrian,9.4183,40,yaw,0.0,1.0
scene-1094_011,0,Car,17.0625,88,yaw,0.5,0.9545
scene-1094_011,1,Car,25.1321,33,yaw,0.5,1.0
scene-1094_011,2,Car,19.9347,25,yaw,0.5,1.0
scene-1094_011,3,Car,22.0158,121,yaw,0.5,1.0
scene-1094_011,4,Pedestrian,9.4183,40,yaw,0.5,1.0
scene-1094_011,0,Car,17.0625,88,yaw,1.0,0.8977
scene-1094_011,1,Car,25.1321,33,yaw,1.0,1.0
scene-1094_011,2,Car,19.9347,25,yaw,1.0,1.0
scene-1094_011,3,Car,22.0158,121,yaw,1.0,0.9835
scene-1094_011,4,Pedestrian,9.4183,40,yaw,1.0,0.975
scene-1094_011,0,Car,17.0625,88,yaw,2.0,0.7727
scene-1094_011,1,Car,25.1321,33,yaw,2.0,0.8788
scene-1094_011,2,Car,19.9347,25,yaw,2.0,1.0
scene-1094_011,3,Car,22.0158,121,yaw,2.0,0.9421
scene-1094_011,4,Pedestrian,9.4183,40,yaw,2.0,0.8
scene-1094_011,0,Car,17.0625,88,yaw,3.0,0.6932
scene-1094_011,1,Car,25.1321,33,yaw,3.0,0.7273
scene-1094_011,2,Car,19.9347,25,yaw,3.0,1.0
scene-1094_011,3,Car,22.0158,121,yaw,3.0,0.8926
scene-1094_011,4,Pedestrian,9.4183,40,yaw,3.0,0.375
scene-1094_011,0,Car,17.0625,88,pitch,0.0,1.0
scene-1094_011,1,Car,25.1321,33,pitch,0.0,1.0
scene-1094_011,2,Car,19.9347,25,pitch,0.0,1.0
scene-1094_011,3,Car,22.0158,121,pitch,0.0,1.0
scene-1094_011,4,Pedestrian,9.4183,40,pitch,0.0,1.0
scene-1094_011,0,Car,17.0625,88,pitch,0.5,1.0
scene-1094_011,1,Car,25.1321,33,pitch,0.5,1.0
scene-1094_011,2,Car,19.9347,25,pitch,0.5,1.0
scene-1094_011,3,Car,22.0158,121,pitch,0.5,1.0
scene-1094_011,4,Pedestrian,9.4183,40,pitch,0.5,1.0
scene-1094_011,0,Car,17.0625,88,pitch,1.0,1.0
scene-1094_011,1,Car,25.1321,33,pitch,1.0,1.0
scene-1094_011,2,Car,19.9347,25,pitch,1.0,1.0
scene-1094_011,3,Car,22.0158,121,pitch,1.0,1.0
scene-1094_011,4,Pedestrian,9.4183,40,pitch,1.0,1.0
scene-1094_011,0,Car,17.0625,88,pitch,2.0,1.0
scene-1094_011,1,Car,25.1321,33,pitch,2.0,1.0
scene-1094_011,2,Car,19.9347,25,pitch,2.0,1.0
scene-1094_011,3,Car,22.0158,121,pitch,2.0,1.0
scene-1094_011,4,Pedestrian,9.4183,40,pitch,2.0,1.0
scene-1094_011,0,Car,17.0625,88,pitch,3.0,0.8182
scene-1094_011,1,Car,25.1321,33,pitch,3.0,1.0
scene-1094_011,2,Car,19.9347,25,pitch,3.0,0.72
scene-1094_011,3,Car,22.0158,121,pitch,3.0,1.0
scene-1094_011,4,Pedestrian,9.4183,40,pitch,3.0,1.0
scene-1094_011,0,Car,17.0625,88,roll,0.0,1.0
scene-1094_011,1,Car,25.1321,33,roll,0.0,1.0
scene-1094_011,2,Car,19.9347,25,roll,0.0,1.0
scene-1094_011,3,Car,22.0158,121,roll,0.0,1.0
scene-1094_011,4,Pedestrian,9.4183,40,roll,0.0,1.0
scene-1094_011,0,Car,17.0625,88,roll,0.5,1.0
scene-1094_011,1,Car,25.1321,33,roll,0.5,1.0
scene-1094_011,2,Car,19.9347,25,roll,0.5,1.0
scene-1094_011,3,Car,22.0158,121,roll,0.5,1.0
scene-1094_011,4,Pedestrian,9.4183,40,roll,0.5,1.0
scene-1094_011,0,Car,17.0625,88,roll,1.0,1.0
scene-1094_011,1,Car,25.1321,33,roll,1.0,0.9091
scene-1094_011,2,Car,19.9347,25,roll,1.0,1.0
scene-1094_011,3,Car,22.0158,121,roll,1.0,1.0
scene-1094_011,4,Pedestrian,9.4183,40,roll,1.0,0.85
scene-1094_011,0,Car,17.0625,88,roll,2.0,0.8182
scene-1094_011,1,Car,25.1321,33,roll,2.0,0.303
scene-1094_011,2,Car,19.9347,25,roll,2.0,0.72
scene-1094_011,3,Car,22.0158,121,roll,2.0,1.0
scene-1094_011,4,Pedestrian,9.4183,40,roll,2.0,0.55
scene-1094_011,0,Car,17.0625,88,roll,3.0,0.6136
scene-1094_011,1,Car,25.1321,33,roll,3.0,0.303
scene-1094_011,2,Car,19.9347,25,roll,3.0,0.48
scene-1094_011,3,Car,22.0158,121,roll,3.0,0.7521
scene-1094_011,4,Pedestrian,9.4183,40,roll,3.0,0.475
scene-1094_011,0,Car,17.0625,88,lateral_t,0.0,1.0
scene-1094_011,1,Car,25.1321,33,lateral_t,0.0,1.0
scene-1094_011,2,Car,19.9347,25,lateral_t,0.0,1.0
scene-1094_011,3,Car,22.0158,121,lateral_t,0.0,1.0
scene-1094_011,4,Pedestrian,9.4183,40,lateral_t,0.0,1.0
scene-1094_011,0,Car,17.0625,88,lateral_t,0.02,1.0
scene-1094_011,1,Car,25.1321,33,lateral_t,0.02,1.0
scene-1094_011,2,Car,19.9347,25,lateral_t,0.02,1.0
scene-1094_011,3,Car,22.0158,121,lateral_t,0.02,1.0
scene-1094_011,4,Pedestrian,9.4183,40,lateral_t,0.02,1.0
scene-1094_011,0,Car,17.0625,88,lateral_t,0.05,1.0
scene-1094_011,1,Car,25.1321,33,lateral_t,0.05,1.0
scene-1094_011,2,Car,19.9347,25,lateral_t,0.05,1.0
scene-1094_011,3,Car,22.0158,121,lateral_t,0.05,1.0
scene-1094_011,4,Pedestrian,9.4183,40,lateral_t,0.05,1.0
scene-1094_011,0,Car,17.0625,88,lateral_t,0.1,1.0
scene-1094_011,1,Car,25.1321,33,lateral_t,0.1,1.0
scene-1094_011,2,Car,19.9347,25,lateral_t,0.1,1.0
scene-1094_011,3,Car,22.0158,121,lateral_t,0.1,1.0
scene-1094_011,4,Pedestrian,9.4183,40,lateral_t,0.1,1.0
scene-1094_012,0,Car,15.8688,137,yaw,0.0,1.0
scene-1094_012,1,Car,10.733,20,yaw,0.0,1.0
scene-1094_012,2,Car,24.4619,15,yaw,0.0,1.0
scene-1094_012,3,Car,23.9146,31,yaw,0.0,1.0
scene-1094_012,4,Car,18.6624,34,yaw,0.0,1.0
scene-1094_012,5,Car,20.7333,121,yaw,0.0,1.0
scene-1094_012,6,Pedestrian,8.7084,49,yaw,0.0,1.0
scene-1094_012,0,Car,15.8688,137,yaw,0.5,0.9927
scene-1094_012,1,Car,10.733,20,yaw,0.5,0.55
scene-1094_012,2,Car,24.4619,15,yaw,0.5,1.0
scene-1094_012,3,Car,23.9146,31,yaw,0.5,1.0
scene-1094_012,4,Car,18.6624,34,yaw,0.5,1.0
scene-1094_012,5,Car,20.7333,121,yaw,0.5,1.0
scene-1094_012,6,Pedestrian,8.7084,49,yaw,0.5,1.0
scene-1094_012,0,Car,15.8688,137,yaw,1.0,0.9708
scene-1094_012,1,Car,10.733,20,yaw,1.0,0.25
scene-1094_012,2,Car,24.4619,15,yaw,1.0,0.9333
scene-1094_012,3,Car,23.9146,31,yaw,1.0,1.0
scene-1094_012,4,Car,18.6624,34,yaw,1.0,1.0
scene-1094_012,5,Car,20.7333,121,yaw,1.0,1.0
scene-1094_012,6,Pedestrian,8.7084,49,yaw,1.0,1.0
scene-1094_012,0,Car,15.8688,137,yaw,2.0,0.8686
scene-1094_012,1,Car,10.733,20,yaw,2.0,0.0
scene-1094_012,2,Car,24.4619,15,yaw,2.0,0.6
scene-1094_012,3,Car,23.9146,31,yaw,2.0,0.9355
scene-1094_012,4,Car,18.6624,34,yaw,2.0,1.0
scene-1094_012,5,Car,20.7333,121,yaw,2.0,0.9752
scene-1094_012,6,Pedestrian,8.7084,49,yaw,2.0,0.9184
scene-1094_012,0,Car,15.8688,137,yaw,3.0,0.7372
scene-1094_012,1,Car,10.733,20,yaw,3.0,0.0
scene-1094_012,2,Car,24.4619,15,yaw,3.0,0.4
scene-1094_012,3,Car,23.9146,31,yaw,3.0,0.7742
scene-1094_012,4,Car,18.6624,34,yaw,3.0,1.0
scene-1094_012,5,Car,20.7333,121,yaw,3.0,0.9174
scene-1094_012,6,Pedestrian,8.7084,49,yaw,3.0,0.6735
scene-1094_012,0,Car,15.8688,137,pitch,0.0,1.0
scene-1094_012,1,Car,10.733,20,pitch,0.0,1.0
scene-1094_012,2,Car,24.4619,15,pitch,0.0,1.0
scene-1094_012,3,Car,23.9146,31,pitch,0.0,1.0
scene-1094_012,4,Car,18.6624,34,pitch,0.0,1.0
scene-1094_012,5,Car,20.7333,121,pitch,0.0,1.0
scene-1094_012,6,Pedestrian,8.7084,49,pitch,0.0,1.0
scene-1094_012,0,Car,15.8688,137,pitch,0.5,1.0
scene-1094_012,1,Car,10.733,20,pitch,0.5,0.95
scene-1094_012,2,Car,24.4619,15,pitch,0.5,1.0
scene-1094_012,3,Car,23.9146,31,pitch,0.5,1.0
scene-1094_012,4,Car,18.6624,34,pitch,0.5,1.0
scene-1094_012,5,Car,20.7333,121,pitch,0.5,1.0
scene-1094_012,6,Pedestrian,8.7084,49,pitch,0.5,1.0
scene-1094_012,0,Car,15.8688,137,pitch,1.0,1.0
scene-1094_012,1,Car,10.733,20,pitch,1.0,0.9
scene-1094_012,2,Car,24.4619,15,pitch,1.0,1.0
scene-1094_012,3,Car,23.9146,31,pitch,1.0,1.0
scene-1094_012,4,Car,18.6624,34,pitch,1.0,1.0
scene-1094_012,5,Car,20.7333,121,pitch,1.0,1.0
scene-1094_012,6,Pedestrian,8.7084,49,pitch,1.0,1.0
scene-1094_012,0,Car,15.8688,137,pitch,2.0,1.0
scene-1094_012,1,Car,10.733,20,pitch,2.0,0.85
scene-1094_012,2,Car,24.4619,15,pitch,2.0,1.0
scene-1094_012,3,Car,23.9146,31,pitch,2.0,0.9677
scene-1094_012,4,Car,18.6624,34,pitch,2.0,1.0
scene-1094_012,5,Car,20.7333,121,pitch,2.0,1.0
scene-1094_012,6,Pedestrian,8.7084,49,pitch,2.0,1.0
scene-1094_012,0,Car,15.8688,137,pitch,3.0,1.0
scene-1094_012,1,Car,10.733,20,pitch,3.0,0.8
scene-1094_012,2,Car,24.4619,15,pitch,3.0,0.7333
scene-1094_012,3,Car,23.9146,31,pitch,3.0,0.871
scene-1094_012,4,Car,18.6624,34,pitch,3.0,1.0
scene-1094_012,5,Car,20.7333,121,pitch,3.0,1.0
scene-1094_012,6,Pedestrian,8.7084,49,pitch,3.0,0.9796
scene-1094_012,0,Car,15.8688,137,roll,0.0,1.0
scene-1094_012,1,Car,10.733,20,roll,0.0,1.0
scene-1094_012,2,Car,24.4619,15,roll,0.0,1.0
scene-1094_012,3,Car,23.9146,31,roll,0.0,1.0
scene-1094_012,4,Car,18.6624,34,roll,0.0,1.0
scene-1094_012,5,Car,20.7333,121,roll,0.0,1.0
scene-1094_012,6,Pedestrian,8.7084,49,roll,0.0,1.0
scene-1094_012,0,Car,15.8688,137,roll,0.5,1.0
scene-1094_012,1,Car,10.733,20,roll,0.5,1.0
scene-1094_012,2,Car,24.4619,15,roll,0.5,1.0
scene-1094_012,3,Car,23.9146,31,roll,0.5,1.0
scene-1094_012,4,Car,18.6624,34,roll,0.5,1.0
scene-1094_012,5,Car,20.7333,121,roll,0.5,1.0
scene-1094_012,6,Pedestrian,8.7084,49,roll,0.5,1.0
scene-1094_012,0,Car,15.8688,137,roll,1.0,1.0
scene-1094_012,1,Car,10.733,20,roll,1.0,1.0
scene-1094_012,2,Car,24.4619,15,roll,1.0,1.0
scene-1094_012,3,Car,23.9146,31,roll,1.0,0.9355
scene-1094_012,4,Car,18.6624,34,roll,1.0,1.0
scene-1094_012,5,Car,20.7333,121,roll,1.0,1.0
scene-1094_012,6,Pedestrian,8.7084,49,roll,1.0,1.0
scene-1094_012,0,Car,15.8688,137,roll,2.0,0.854
scene-1094_012,1,Car,10.733,20,roll,2.0,1.0
scene-1094_012,2,Car,24.4619,15,roll,2.0,0.7333
scene-1094_012,3,Car,23.9146,31,roll,2.0,0.9355
scene-1094_012,4,Car,18.6624,34,roll,2.0,0.7941
scene-1094_012,5,Car,20.7333,121,roll,2.0,1.0
scene-1094_012,6,Pedestrian,8.7084,49,roll,2.0,0.8367
scene-1094_012,0,Car,15.8688,137,roll,3.0,0.7007
scene-1094_012,1,Car,10.733,20,roll,3.0,1.0
scene-1094_012,2,Car,24.4619,15,roll,3.0,0.0
scene-1094_012,3,Car,23.9146,31,roll,3.0,0.129
scene-1094_012,4,Car,18.6624,34,roll,3.0,0.7647
scene-1094_012,5,Car,20.7333,121,roll,3.0,0.719
scene-1094_012,6,Pedestrian,8.7084,49,roll,3.0,0.5102
scene-1094_012,0,Car,15.8688,137,lateral_t,0.0,1.0
scene-1094_012,1,Car,10.733,20,lateral_t,0.0,1.0
scene-1094_012,2,Car,24.4619,15,lateral_t,0.0,1.0
scene-1094_012,3,Car,23.9146,31,lateral_t,0.0,1.0
scene-1094_012,4,Car,18.6624,34,lateral_t,0.0,1.0
scene-1094_012,5,Car,20.7333,121,lateral_t,0.0,1.0
scene-1094_012,6,Pedestrian,8.7084,49,lateral_t,0.0,1.0
scene-1094_012,0,Car,15.8688,137,lateral_t,0.02,1.0
scene-1094_012,1,Car,10.733,20,lateral_t,0.02,1.0
scene-1094_012,2,Car,24.4619,15,lateral_t,0.02,1.0
scene-1094_012,3,Car,23.9146,31,lateral_t,0.02,1.0
scene-1094_012,4,Car,18.6624,34,lateral_t,0.02,1.0
scene-1094_012,5,Car,20.7333,121,lateral_t,0.02,1.0
scene-1094_012,6,Pedestrian,8.7084,49,lateral_t,0.02,1.0
scene-1094_012,0,Car,15.8688,137,lateral_t,0.05,1.0
scene-1094_012,1,Car,10.733,20,lateral_t,0.05,1.0
scene-1094_012,2,Car,24.4619,15,lateral_t,0.05,1.0
scene-1094_012,3,Car,23.9146,31,lateral_t,0.05,1.0
scene-1094_012,4,Car,18.6624,34,lateral_t,0.05,1.0
scene-1094_012,5,Car,20.7333,121,lateral_t,0.05,1.0
scene-1094_012,6,Pedestrian,8.7084,49,lateral_t,0.05,1.0
scene-1094_012,0,Car,15.8688,137,lateral_t,0.1,1.0
scene-1094_012,1,Car,10.733,20,lateral_t,0.1,1.0
scene-1094_012,2,Car,24.4619,15,lateral_t,0.1,1.0
scene-1094_012,3,Car,23.9146,31,lateral_t,0.1,1.0
scene-1094_012,4,Car,18.6624,34,lateral_t,0.1,1.0
scene-1094_012,5,Car,20.7333,121,lateral_t,0.1,1.0
scene-1094_012,6,Pedestrian,8.7084,49,lateral_t,0.1,1.0
scene-1094_013,0,Car,14.4482,126,yaw,0.0,1.0
scene-1094_013,1,Car,34.0153,10,yaw,0.0,1.0
scene-1094_013,2,Car,39.9973,15,yaw,0.0,1.0
scene-1094_013,3,Car,12.053,75,yaw,0.0,1.0
scene-1094_013,4,Car,23.0585,14,yaw,0.0,1.0
scene-1094_013,5,Car,22.7469,28,yaw,0.0,1.0
scene-1094_013,6,Car,17.2896,35,yaw,0.0,1.0
scene-1094_013,7,Car,19.3799,168,yaw,0.0,1.0
scene-1094_013,0,Car,14.4482,126,yaw,0.5,1.0
scene-1094_013,1,Car,34.0153,10,yaw,0.5,1.0
scene-1094_013,2,Car,39.9973,15,yaw,0.5,1.0
scene-1094_013,3,Car,12.053,75,yaw,0.5,0.9067
scene-1094_013,4,Car,23.0585,14,yaw,0.5,1.0
scene-1094_013,5,Car,22.7469,28,yaw,0.5,1.0
scene-1094_013,6,Car,17.2896,35,yaw,0.5,1.0
scene-1094_013,7,Car,19.3799,168,yaw,0.5,1.0
scene-1094_013,0,Car,14.4482,126,yaw,1.0,0.9762
scene-1094_013,1,Car,34.0153,10,yaw,1.0,1.0
scene-1094_013,2,Car,39.9973,15,yaw,1.0,0.9333
scene-1094_013,3,Car,12.053,75,yaw,1.0,0.8133
scene-1094_013,4,Car,23.0585,14,yaw,1.0,0.9286
scene-1094_013,5,Car,22.7469,28,yaw,1.0,1.0
scene-1094_013,6,Car,17.2896,35,yaw,1.0,1.0
scene-1094_013,7,Car,19.3799,168,yaw,1.0,1.0
scene-1094_013,0,Car,14.4482,126,yaw,2.0,0.873
scene-1094_013,1,Car,34.0153,10,yaw,2.0,0.8
scene-1094_013,2,Car,39.9973,15,yaw,2.0,0.5333
scene-1094_013,3,Car,12.053,75,yaw,2.0,0.6267
scene-1094_013,4,Car,23.0585,14,yaw,2.0,0.6429
scene-1094_013,5,Car,22.7469,28,yaw,2.0,0.8929
scene-1094_013,6,Car,17.2896,35,yaw,2.0,1.0
scene-1094_013,7,Car,19.3799,168,yaw,2.0,0.9821
scene-1094_013,0,Car,14.4482,126,yaw,3.0,0.7619
scene-1094_013,1,Car,34.0153,10,yaw,3.0,0.2
scene-1094_013,2,Car,39.9973,15,yaw,3.0,0.3333
scene-1094_013,3,Car,12.053,75,yaw,3.0,0.44
scene-1094_013,4,Car,23.0585,14,yaw,3.0,0.3571
scene-1094_013,5,Car,22.7469,28,yaw,3.0,0.7143
scene-1094_013,6,Car,17.2896,35,yaw,3.0,1.0
scene-1094_013,7,Car,19.3799,168,yaw,3.0,0.9286
scene-1094_013,0,Car,14.4482,126,pitch,0.0,1.0
scene-1094_013,1,Car,34.0153,10,pitch,0.0,1.0
scene-1094_013,2,Car,39.9973,15,pitch,0.0,1.0
scene-1094_013,3,Car,12.053,75,pitch,0.0,1.0
scene-1094_013,4,Car,23.0585,14,pitch,0.0,1.0
scene-1094_013,5,Car,22.7469,28,pitch,0.0,1.0
scene-1094_013,6,Car,17.2896,35,pitch,0.0,1.0
scene-1094_013,7,Car,19.3799,168,pitch,0.0,1.0
scene-1094_013,0,Car,14.4482,126,pitch,0.5,1.0
scene-1094_013,1,Car,34.0153,10,pitch,0.5,1.0
scene-1094_013,2,Car,39.9973,15,pitch,0.5,1.0
scene-1094_013,3,Car,12.053,75,pitch,0.5,1.0
scene-1094_013,4,Car,23.0585,14,pitch,0.5,1.0
scene-1094_013,5,Car,22.7469,28,pitch,0.5,1.0
scene-1094_013,6,Car,17.2896,35,pitch,0.5,1.0
scene-1094_013,7,Car,19.3799,168,pitch,0.5,1.0
scene-1094_013,0,Car,14.4482,126,pitch,1.0,1.0
scene-1094_013,1,Car,34.0153,10,pitch,1.0,1.0
scene-1094_013,2,Car,39.9973,15,pitch,1.0,1.0
scene-1094_013,3,Car,12.053,75,pitch,1.0,1.0
scene-1094_013,4,Car,23.0585,14,pitch,1.0,1.0
scene-1094_013,5,Car,22.7469,28,pitch,1.0,1.0
scene-1094_013,6,Car,17.2896,35,pitch,1.0,1.0
scene-1094_013,7,Car,19.3799,168,pitch,1.0,1.0
scene-1094_013,0,Car,14.4482,126,pitch,2.0,1.0
scene-1094_013,1,Car,34.0153,10,pitch,2.0,1.0
scene-1094_013,2,Car,39.9973,15,pitch,2.0,0.9333
scene-1094_013,3,Car,12.053,75,pitch,2.0,0.9867
scene-1094_013,4,Car,23.0585,14,pitch,2.0,1.0
scene-1094_013,5,Car,22.7469,28,pitch,2.0,1.0
scene-1094_013,6,Car,17.2896,35,pitch,2.0,1.0
scene-1094_013,7,Car,19.3799,168,pitch,2.0,1.0
scene-1094_013,0,Car,14.4482,126,pitch,3.0,1.0
scene-1094_013,1,Car,34.0153,10,pitch,3.0,0.4
scene-1094_013,2,Car,39.9973,15,pitch,3.0,0.2667
scene-1094_013,3,Car,12.053,75,pitch,3.0,0.9867
scene-1094_013,4,Car,23.0585,14,pitch,3.0,1.0
scene-1094_013,5,Car,22.7469,28,pitch,3.0,0.5714
scene-1094_013,6,Car,17.2896,35,pitch,3.0,1.0
scene-1094_013,7,Car,19.3799,168,pitch,3.0,1.0
scene-1094_013,0,Car,14.4482,126,roll,0.0,1.0
scene-1094_013,1,Car,34.0153,10,roll,0.0,1.0
scene-1094_013,2,Car,39.9973,15,roll,0.0,1.0
scene-1094_013,3,Car,12.053,75,roll,0.0,1.0
scene-1094_013,4,Car,23.0585,14,roll,0.0,1.0
scene-1094_013,5,Car,22.7469,28,roll,0.0,1.0
scene-1094_013,6,Car,17.2896,35,roll,0.0,1.0
scene-1094_013,7,Car,19.3799,168,roll,0.0,1.0
scene-1094_013,0,Car,14.4482,126,roll,0.5,1.0
scene-1094_013,1,Car,34.0153,10,roll,0.5,1.0
scene-1094_013,2,Car,39.9973,15,roll,0.5,1.0
scene-1094_013,3,Car,12.053,75,roll,0.5,1.0
scene-1094_013,4,Car,23.0585,14,roll,0.5,1.0
scene-1094_013,5,Car,22.7469,28,roll,0.5,1.0
scene-1094_013,6,Car,17.2896,35,roll,0.5,1.0
scene-1094_013,7,Car,19.3799,168,roll,0.5,1.0
scene-1094_013,0,Car,14.4482,126,roll,1.0,1.0
scene-1094_013,1,Car,34.0153,10,roll,1.0,0.4
scene-1094_013,2,Car,39.9973,15,roll,1.0,0.2667
scene-1094_013,3,Car,12.053,75,roll,1.0,1.0
scene-1094_013,4,Car,23.0585,14,roll,1.0,1.0
scene-1094_013,5,Car,22.7469,28,roll,1.0,1.0
scene-1094_013,6,Car,17.2896,35,roll,1.0,1.0
scene-1094_013,7,Car,19.3799,168,roll,1.0,1.0
scene-1094_013,0,Car,14.4482,126,roll,2.0,1.0
scene-1094_013,1,Car,34.0153,10,roll,2.0,0.4
scene-1094_013,2,Car,39.9973,15,roll,2.0,0.2667
scene-1094_013,3,Car,12.053,75,roll,2.0,0.96
scene-1094_013,4,Car,23.0585,14,roll,2.0,0.6429
scene-1094_013,5,Car,22.7469,28,roll,2.0,0.8571
scene-1094_013,6,Car,17.2896,35,roll,2.0,0.9714
scene-1094_013,7,Car,19.3799,168,roll,2.0,1.0
scene-1094_013,0,Car,14.4482,126,roll,3.0,0.9048
scene-1094_013,1,Car,34.0153,10,roll,3.0,0.0
scene-1094_013,2,Car,39.9973,15,roll,3.0,0.0
scene-1094_013,3,Car,12.053,75,roll,3.0,0.8533
scene-1094_013,4,Car,23.0585,14,roll,3.0,0.0
scene-1094_013,5,Car,22.7469,28,roll,3.0,0.8571
scene-1094_013,6,Car,17.2896,35,roll,3.0,0.5714
scene-1094_013,7,Car,19.3799,168,roll,3.0,0.7738
scene-1094_013,0,Car,14.4482,126,lateral_t,0.0,1.0
scene-1094_013,1,Car,34.0153,10,lateral_t,0.0,1.0
scene-1094_013,2,Car,39.9973,15,lateral_t,0.0,1.0
scene-1094_013,3,Car,12.053,75,lateral_t,0.0,1.0
scene-1094_013,4,Car,23.0585,14,lateral_t,0.0,1.0
scene-1094_013,5,Car,22.7469,28,lateral_t,0.0,1.0
scene-1094_013,6,Car,17.2896,35,lateral_t,0.0,1.0
scene-1094_013,7,Car,19.3799,168,lateral_t,0.0,1.0
scene-1094_013,0,Car,14.4482,126,lateral_t,0.02,1.0
scene-1094_013,1,Car,34.0153,10,lateral_t,0.02,1.0
scene-1094_013,2,Car,39.9973,15,lateral_t,0.02,1.0
scene-1094_013,3,Car,12.053,75,lateral_t,0.02,1.0
scene-1094_013,4,Car,23.0585,14,lateral_t,0.02,1.0
scene-1094_013,5,Car,22.7469,28,lateral_t,0.02,1.0
scene-1094_013,6,Car,17.2896,35,lateral_t,0.02,1.0
scene-1094_013,7,Car,19.3799,168,lateral_t,0.02,1.0
scene-1094_013,0,Car,14.4482,126,lateral_t,0.05,1.0
scene-1094_013,1,Car,34.0153,10,lateral_t,0.05,1.0
scene-1094_013,2,Car,39.9973,15,lateral_t,0.05,1.0
scene-1094_013,3,Car,12.053,75,lateral_t,0.05,1.0
scene-1094_013,4,Car,23.0585,14,lateral_t,0.05,1.0
scene-1094_013,5,Car,22.7469,28,lateral_t,0.05,1.0
scene-1094_013,6,Car,17.2896,35,lateral_t,0.05,1.0
scene-1094_013,7,Car,19.3799,168,lateral_t,0.05,1.0
scene-1094_013,0,Car,14.4482,126,lateral_t,0.1,1.0
scene-1094_013,1,Car,34.0153,10,lateral_t,0.1,1.0
scene-1094_013,2,Car,39.9973,15,lateral_t,0.1,1.0
scene-1094_013,3,Car,12.053,75,lateral_t,0.1,0.9733
scene-1094_013,4,Car,23.0585,14,lateral_t,0.1,1.0
scene-1094_013,5,Car,22.7469,28,lateral_t,0.1,1.0
scene-1094_013,6,Car,17.2896,35,lateral_t,0.1,1.0
scene-1094_013,7,Car,19.3799,168,lateral_t,0.1,1.0
scene-1094_014,0,Car,12.8011,180,yaw,0.0,1.0
scene-1094_014,1,Car,28.1716,14,yaw,0.0,1.0
scene-1094_014,2,Car,32.3691,11,yaw,0.0,1.0
scene-1094_014,3,Car,38.3505,16,yaw,0.0,1.0
scene-1094_014,4,Car,13.403,99,yaw,0.0,1.0
scene-1094_014,5,Car,21.3973,11,yaw,0.0,1.0
scene-1094_014,6,Car,15.7353,48,yaw,0.0,1.0
scene-1094_014,7,Car,17.89,199,yaw,0.0,1.0
scene-1094_014,0,Car,12.8011,180,yaw,0.5,1.0
scene-1094_014,1,Car,28.1716,14,yaw,0.5,1.0
scene-1094_014,2,Car,32.3691,11,yaw,0.5,1.0
scene-1094_014,3,Car,38.3505,16,yaw,0.5,1.0
scene-1094_014,4,Car,13.403,99,yaw,0.5,1.0
scene-1094_014,5,Car,21.3973,11,yaw,0.5,1.0
scene-1094_014,6,Car,15.7353,48,yaw,0.5,1.0
scene-1094_014,7,Car,17.89,199,yaw,0.5,1.0
scene-1094_014,0,Car,12.8011,180,yaw,1.0,0.9778
scene-1094_014,1,Car,28.1716,14,yaw,1.0,1.0
scene-1094_014,2,Car,32.3691,11,yaw,1.0,1.0
scene-1094_014,3,Car,38.3505,16,yaw,1.0,0.9375
scene-1094_014,4,Car,13.403,99,yaw,1.0,0.9596
scene-1094_014,5,Car,21.3973,11,yaw,1.0,0.9091
scene-1094_014,6,Car,15.7353,48,yaw,1.0,1.0
scene-1094_014,7,Car,17.89,199,yaw,1.0,1.0
scene-1094_014,0,Car,12.8011,180,yaw,2.0,0.8944
scene-1094_014,1,Car,28.1716,14,yaw,2.0,0.9286
scene-1094_014,2,Car,32.3691,11,yaw,2.0,0.6364
scene-1094_014,3,Car,38.3505,16,yaw,2.0,0.5
scene-1094_014,4,Car,13.403,99,yaw,2.0,0.8283
scene-1094_014,5,Car,21.3973,11,yaw,2.0,0.7273
scene-1094_014,6,Car,15.7353,48,yaw,2.0,1.0
scene-1094_014,7,Car,17.89,199,yaw,2.0,0.9799
scene-1094_014,0,Car,12.8011,180,yaw,3.0,0.7944
scene-1094_014,1,Car,28.1716,14,yaw,3.0,0.7857
scene-1094_014,2,Car,32.3691,11,yaw,3.0,0.0909
scene-1094_014,3,Car,38.3505,16,yaw,3.0,0.3125
scene-1094_014,4,Car,13.403,99,yaw,3.0,0.7475
scene-1094_014,5,Car,21.3973,11,yaw,3.0,0.4545
scene-1094_014,6,Car,15.7353,48,yaw,3.0,1.0
scene-1094_014,7,Car,17.89,199,yaw,3.0,0.9397
scene-1094_014,0,Car,12.8011,180,pitch,0.0,1.0
scene-1094_014,1,Car,28.1716,14,pitch,0.0,1.0
scene-1094_014,2,Car,32.3691,11,pitch,0.0,1.0
scene-1094_014,3,Car,38.3505,16,pitch,0.0,1.0
scene-1094_014,4,Car,13.403,99,pitch,0.0,1.0
scene-1094_014,5,Car,21.3973,11,pitch,0.0,1.0
scene-1094_014,6,Car,15.7353,48,pitch,0.0,1.0
scene-1094_014,7,Car,17.89,199,pitch,0.0,1.0
scene-1094_014,0,Car,12.8011,180,pitch,0.5,1.0
scene-1094_014,1,Car,28.1716,14,pitch,0.5,1.0
scene-1094_014,2,Car,32.3691,11,pitch,0.5,1.0
scene-1094_014,3,Car,38.3505,16,pitch,0.5,1.0
scene-1094_014,4,Car,13.403,99,pitch,0.5,1.0
scene-1094_014,5,Car,21.3973,11,pitch,0.5,1.0
scene-1094_014,6,Car,15.7353,48,pitch,0.5,1.0
scene-1094_014,7,Car,17.89,199,pitch,0.5,1.0
scene-1094_014,0,Car,12.8011,180,pitch,1.0,1.0
scene-1094_014,1,Car,28.1716,14,pitch,1.0,1.0
scene-1094_014,2,Car,32.3691,11,pitch,1.0,1.0
scene-1094_014,3,Car,38.3505,16,pitch,1.0,1.0
scene-1094_014,4,Car,13.403,99,pitch,1.0,1.0
scene-1094_014,5,Car,21.3973,11,pitch,1.0,1.0
scene-1094_014,6,Car,15.7353,48,pitch,1.0,1.0
scene-1094_014,7,Car,17.89,199,pitch,1.0,1.0
scene-1094_014,0,Car,12.8011,180,pitch,2.0,1.0
scene-1094_014,1,Car,28.1716,14,pitch,2.0,1.0
scene-1094_014,2,Car,32.3691,11,pitch,2.0,1.0
scene-1094_014,3,Car,38.3505,16,pitch,2.0,1.0
scene-1094_014,4,Car,13.403,99,pitch,2.0,1.0
scene-1094_014,5,Car,21.3973,11,pitch,2.0,1.0
scene-1094_014,6,Car,15.7353,48,pitch,2.0,0.9792
scene-1094_014,7,Car,17.89,199,pitch,2.0,0.9749
scene-1094_014,0,Car,12.8011,180,pitch,3.0,1.0
scene-1094_014,1,Car,28.1716,14,pitch,3.0,1.0
scene-1094_014,2,Car,32.3691,11,pitch,3.0,1.0
scene-1094_014,3,Car,38.3505,16,pitch,3.0,1.0
scene-1094_014,4,Car,13.403,99,pitch,3.0,1.0
scene-1094_014,5,Car,21.3973,11,pitch,3.0,1.0
scene-1094_014,6,Car,15.7353,48,pitch,3.0,0.7917
scene-1094_014,7,Car,17.89,199,pitch,3.0,0.9749
scene-1094_014,0,Car,12.8011,180,roll,0.0,1.0
scene-1094_014,1,Car,28.1716,14,roll,0.0,1.0
scene-1094_014,2,Car,32.3691,11,roll,0.0,1.0
scene-1094_014,3,Car,38.3505,16,roll,0.0,1.0
scene-1094_014,4,Car,13.403,99,roll,0.0,1.0
scene-1094_014,5,Car,21.3973,11,roll,0.0,1.0
scene-1094_014,6,Car,15.7353,48,roll,0.0,1.0
scene-1094_014,7,Car,17.89,199,roll,0.0,1.0
scene-1094_014,0,Car,12.8011,180,roll,0.5,1.0
scene-1094_014,1,Car,28.1716,14,roll,0.5,1.0
scene-1094_014,2,Car,32.3691,11,roll,0.5,1.0
scene-1094_014,3,Car,38.3505,16,roll,0.5,1.0
scene-1094_014,4,Car,13.403,99,roll,0.5,1.0
scene-1094_014,5,Car,21.3973,11,roll,0.5,1.0
scene-1094_014,6,Car,15.7353,48,roll,0.5,1.0
scene-1094_014,7,Car,17.89,199,roll,0.5,1.0
scene-1094_014,0,Car,12.8011,180,roll,1.0,1.0
scene-1094_014,1,Car,28.1716,14,roll,1.0,1.0
scene-1094_014,2,Car,32.3691,11,roll,1.0,0.4545
scene-1094_014,3,Car,38.3505,16,roll,1.0,0.3125
scene-1094_014,4,Car,13.403,99,roll,1.0,1.0
scene-1094_014,5,Car,21.3973,11,roll,1.0,1.0
scene-1094_014,6,Car,15.7353,48,roll,1.0,1.0
scene-1094_014,7,Car,17.89,199,roll,1.0,1.0
scene-1094_014,0,Car,12.8011,180,roll,2.0,1.0
scene-1094_014,1,Car,28.1716,14,roll,2.0,1.0
scene-1094_014,2,Car,32.3691,11,roll,2.0,0.0
scene-1094_014,3,Car,38.3505,16,roll,2.0,0.3125
scene-1094_014,4,Car,13.403,99,roll,2.0,0.8081
scene-1094_014,5,Car,21.3973,11,roll,2.0,0.8182
scene-1094_014,6,Car,15.7353,48,roll,2.0,0.9583
scene-1094_014,7,Car,17.89,199,roll,2.0,1.0
scene-1094_014,0,Car,12.8011,180,roll,3.0,0.9167
scene-1094_014,1,Car,28.1716,14,roll,3.0,0.0714
scene-1094_014,2,Car,32.3691,11,roll,3.0,0.0
scene-1094_014,3,Car,38.3505,16,roll,3.0,0.0625
scene-1094_014,4,Car,13.403,99,roll,3.0,0.8081
scene-1094_014,5,Car,21.3973,11,roll,3.0,0.0
scene-1094_014,6,Car,15.7353,48,roll,3.0,0.9583
scene-1094_014,7,Car,17.89,199,roll,3.0,0.9497
scene-1094_014,0,Car,12.8011,180,lateral_t,0.0,1.0
scene-1094_014,1,Car,28.1716,14,lateral_t,0.0,1.0
scene-1094_014,2,Car,32.3691,11,lateral_t,0.0,1.0
scene-1094_014,3,Car,38.3505,16,lateral_t,0.0,1.0
scene-1094_014,4,Car,13.403,99,lateral_t,0.0,1.0
scene-1094_014,5,Car,21.3973,11,lateral_t,0.0,1.0
scene-1094_014,6,Car,15.7353,48,lateral_t,0.0,1.0
scene-1094_014,7,Car,17.89,199,lateral_t,0.0,1.0
scene-1094_014,0,Car,12.8011,180,lateral_t,0.02,1.0
scene-1094_014,1,Car,28.1716,14,lateral_t,0.02,1.0
scene-1094_014,2,Car,32.3691,11,lateral_t,0.02,1.0
scene-1094_014,3,Car,38.3505,16,lateral_t,0.02,1.0
scene-1094_014,4,Car,13.403,99,lateral_t,0.02,1.0
scene-1094_014,5,Car,21.3973,11,lateral_t,0.02,1.0
scene-1094_014,6,Car,15.7353,48,lateral_t,0.02,1.0
scene-1094_014,7,Car,17.89,199,lateral_t,0.02,1.0
scene-1094_014,0,Car,12.8011,180,lateral_t,0.05,1.0
scene-1094_014,1,Car,28.1716,14,lateral_t,0.05,1.0
scene-1094_014,2,Car,32.3691,11,lateral_t,0.05,1.0
scene-1094_014,3,Car,38.3505,16,lateral_t,0.05,1.0
scene-1094_014,4,Car,13.403,99,lateral_t,0.05,1.0
scene-1094_014,5,Car,21.3973,11,lateral_t,0.05,1.0
scene-1094_014,6,Car,15.7353,48,lateral_t,0.05,1.0
scene-1094_014,7,Car,17.89,199,lateral_t,0.05,1.0
scene-1094_014,0,Car,12.8011,180,lateral_t,0.1,1.0
scene-1094_014,1,Car,28.1716,14,lateral_t,0.1,1.0
scene-1094_014,2,Car,32.3691,11,lateral_t,0.1,1.0
scene-1094_014,3,Car,38.3505,16,lateral_t,0.1,1.0
scene-1094_014,4,Car,13.403,99,lateral_t,0.1,0.9899
scene-1094_014,5,Car,21.3973,11,lateral_t,0.1,1.0
scene-1094_014,6,Car,15.7353,48,lateral_t,0.1,1.0
scene-1094_014,7,Car,17.89,199,lateral_t,0.1,1.0
scene-1094_015,0,Car,10.9985,275,yaw,0.0,1.0
scene-1094_015,1,Car,26.2377,18,yaw,0.0,1.0
scene-1094_015,2,Car,30.4662,13,yaw,0.0,1.0
scene-1094_015,3,Car,36.4098,16,yaw,0.0,1.0
scene-1094_015,4,Car,14.7176,86,yaw,0.0,1.0
scene-1094_015,5,Car,19.5196,28,yaw,0.0,1.0
scene-1094_015,6,Car,16.377,43,yaw,0.0,1.0
scene-1094_015,0,Car,10.9985,275,yaw,0.5,1.0
scene-1094_015,1,Car,26.2377,18,yaw,0.5,1.0
scene-1094_015,2,Car,30.4662,13,yaw,0.5,1.0
scene-1094_015,3,Car,36.4098,16,yaw,0.5,1.0
scene-1094_015,4,Car,14.7176,86,yaw,0.5,0.9767
scene-1094_015,5,Car,19.5196,28,yaw,0.5,0.9286
scene-1094_015,6,Car,16.377,43,yaw,0.5,1.0
scene-1094_015,0,Car,10.9985,275,yaw,1.0,0.9891
scene-1094_015,1,Car,26.2377,18,yaw,1.0,1.0
scene-1094_015,2,Car,30.4662,13,yaw,1.0,1.0
scene-1094_015,3,Car,36.4098,16,yaw,1.0,0.9375
scene-1094_015,4,Car,14.7176,86,yaw,1.0,0.907
scene-1094_015,5,Car,19.5196,28,yaw,1.0,0.8571
scene-1094_015,6,Car,16.377,43,yaw,1.0,1.0
scene-1094_015,0,Car,10.9985,275,yaw,2.0,0.9418
scene-1094_015,1,Car,26.2377,18,yaw,2.0,0.8889
scene-1094_015,2,Car,30.4662,13,yaw,2.0,0.9231
scene-1094_015,3,Car,36.4098,16,yaw,2.0,0.5625
scene-1094_015,4,Car,14.7176,86,yaw,2.0,0.8837
scene-1094_015,5,Car,19.5196,28,yaw,2.0,0.7143
scene-1094_015,6,Car,16.377,43,yaw,2.0,0.8605
scene-1094_015,0,Car,10.9985,275,yaw,3.0,0.8764
scene-1094_015,1,Car,26.2377,18,yaw,3.0,0.8333
scene-1094_015,2,Car,30.4662,13,yaw,3.0,0.4615
scene-1094_015,3,Car,36.4098,16,yaw,3.0,0.375
scene-1094_015,4,Car,14.7176,86,yaw,3.0,0.7442
scene-1094_015,5,Car,19.5196,28,yaw,3.0,0.5
scene-1094_015,6,Car,16.377,43,yaw,3.0,0.6744
scene-1094_015,0,Car,10.9985,275,pitch,0.0,1.0
scene-1094_015,1,Car,26.2377,18,pitch,0.0,1.0
scene-1094_015,2,Car,30.4662,13,pitch,0.0,1.0
scene-1094_015,3,Car,36.4098,16,pitch,0.0,1.0
scene-1094_015,4,Car,14.7176,86,pitch,0.0,1.0
scene-1094_015,5,Car,19.5196,28,pitch,0.0,1.0
scene-1094_015,6,Car,16.377,43,pitch,0.0,1.0
scene-1094_015,0,Car,10.9985,275,pitch,0.5,1.0
scene-1094_015,1,Car,26.2377,18,pitch,0.5,1.0
scene-1094_015,2,Car,30.4662,13,pitch,0.5,1.0
scene-1094_015,3,Car,36.4098,16,pitch,0.5,1.0
scene-1094_015,4,Car,14.7176,86,pitch,0.5,1.0
scene-1094_015,5,Car,19.5196,28,pitch,0.5,1.0
scene-1094_015,6,Car,16.377,43,pitch,0.5,1.0
scene-1094_015,0,Car,10.9985,275,pitch,1.0,0.9927
scene-1094_015,1,Car,26.2377,18,pitch,1.0,1.0
scene-1094_015,2,Car,30.4662,13,pitch,1.0,1.0
scene-1094_015,3,Car,36.4098,16,pitch,1.0,1.0
scene-1094_015,4,Car,14.7176,86,pitch,1.0,1.0
scene-1094_015,5,Car,19.5196,28,pitch,1.0,1.0
scene-1094_015,6,Car,16.377,43,pitch,1.0,1.0
scene-1094_015,0,Car,10.9985,275,pitch,2.0,0.9891
scene-1094_015,1,Car,26.2377,18,pitch,2.0,1.0
scene-1094_015,2,Car,30.4662,13,pitch,2.0,1.0
scene-1094_015,3,Car,36.4098,16,pitch,2.0,1.0
scene-1094_015,4,Car,14.7176,86,pitch,2.0,1.0
scene-1094_015,5,Car,19.5196,28,pitch,2.0,1.0
scene-1094_015,6,Car,16.377,43,pitch,2.0,1.0
scene-1094_015,0,Car,10.9985,275,pitch,3.0,0.9455
scene-1094_015,1,Car,26.2377,18,pitch,3.0,1.0
scene-1094_015,2,Car,30.4662,13,pitch,3.0,1.0
scene-1094_015,3,Car,36.4098,16,pitch,3.0,1.0
scene-1094_015,4,Car,14.7176,86,pitch,3.0,1.0
scene-1094_015,5,Car,19.5196,28,pitch,3.0,1.0
scene-1094_015,6,Car,16.377,43,pitch,3.0,1.0
scene-1094_015,0,Car,10.9985,275,roll,0.0,1.0
scene-1094_015,1,Car,26.2377,18,roll,0.0,1.0
scene-1094_015,2,Car,30.4662,13,roll,0.0,1.0
scene-1094_015,3,Car,36.4098,16,roll,0.0,1.0
scene-1094_015,4,Car,14.7176,86,roll,0.0,1.0
scene-1094_015,5,Car,19.5196,28,roll,0.0,1.0
scene-1094_015,6,Car,16.377,43,roll,0.0,1.0
scene-1094_015,0,Car,10.9985,275,roll,0.5,1.0
scene-1094_015,1,Car,26.2377,18,roll,0.5,1.0
scene-1094_015,2,Car,30.4662,13,roll,0.5,1.0
scene-1094_015,3,Car,36.4098,16,roll,0.5,1.0
scene-1094_015,4,Car,14.7176,86,roll,0.5,1.0
scene-1094_015,5,Car,19.5196,28,roll,0.5,1.0
scene-1094_015,6,Car,16.377,43,roll,0.5,1.0
scene-1094_015,0,Car,10.9985,275,roll,1.0,1.0
scene-1094_015,1,Car,26.2377,18,roll,1.0,1.0
scene-1094_015,2,Car,30.4662,13,roll,1.0,0.3846
scene-1094_015,3,Car,36.4098,16,roll,1.0,1.0
scene-1094_015,4,Car,14.7176,86,roll,1.0,1.0
scene-1094_015,5,Car,19.5196,28,roll,1.0,1.0
scene-1094_015,6,Car,16.377,43,roll,1.0,1.0
scene-1094_015,0,Car,10.9985,275,roll,2.0,0.9891
scene-1094_015,1,Car,26.2377,18,roll,2.0,1.0
scene-1094_015,2,Car,30.4662,13,roll,2.0,0.0
scene-1094_015,3,Car,36.4098,16,roll,2.0,0.25
scene-1094_015,4,Car,14.7176,86,roll,2.0,0.8605
scene-1094_015,5,Car,19.5196,28,roll,2.0,0.8929
scene-1094_015,6,Car,16.377,43,roll,2.0,1.0
scene-1094_015,0,Car,10.9985,275,roll,3.0,0.9491
scene-1094_015,1,Car,26.2377,18,roll,3.0,0.1111
scene-1094_015,2,Car,30.4662,13,roll,3.0,0.0
scene-1094_015,3,Car,36.4098,16,roll,3.0,0.0
scene-1094_015,4,Car,14.7176,86,roll,3.0,0.6744
scene-1094_015,5,Car,19.5196,28,roll,3.0,0.4286
scene-1094_015,6,Car,16.377,43,roll,3.0,1.0
scene-1094_015,0,Car,10.9985,275,lateral_t,0.0,1.0
scene-1094_015,1,Car,26.2377,18,lateral_t,0.0,1.0
scene-1094_015,2,Car,30.4662,13,lateral_t,0.0,1.0
scene-1094_015,3,Car,36.4098,16,lateral_t,0.0,1.0
scene-1094_015,4,Car,14.7176,86,lateral_t,0.0,1.0
scene-1094_015,5,Car,19.5196,28,lateral_t,0.0,1.0
scene-1094_015,6,Car,16.377,43,lateral_t,0.0,1.0
scene-1094_015,0,Car,10.9985,275,lateral_t,0.02,0.9964
scene-1094_015,1,Car,26.2377,18,lateral_t,0.02,1.0
scene-1094_015,2,Car,30.4662,13,lateral_t,0.02,1.0
scene-1094_015,3,Car,36.4098,16,lateral_t,0.02,1.0
scene-1094_015,4,Car,14.7176,86,lateral_t,0.02,1.0
scene-1094_015,5,Car,19.5196,28,lateral_t,0.02,1.0
scene-1094_015,6,Car,16.377,43,lateral_t,0.02,1.0
scene-1094_015,0,Car,10.9985,275,lateral_t,0.05,0.9818
scene-1094_015,1,Car,26.2377,18,lateral_t,0.05,1.0
scene-1094_015,2,Car,30.4662,13,lateral_t,0.05,1.0
scene-1094_015,3,Car,36.4098,16,lateral_t,0.05,1.0
scene-1094_015,4,Car,14.7176,86,lateral_t,0.05,1.0
scene-1094_015,5,Car,19.5196,28,lateral_t,0.05,1.0
scene-1094_015,6,Car,16.377,43,lateral_t,0.05,1.0
scene-1094_015,0,Car,10.9985,275,lateral_t,0.1,0.9745
scene-1094_015,1,Car,26.2377,18,lateral_t,0.1,1.0
scene-1094_015,2,Car,30.4662,13,lateral_t,0.1,1.0
scene-1094_015,3,Car,36.4098,16,lateral_t,0.1,1.0
scene-1094_015,4,Car,14.7176,86,lateral_t,0.1,1.0
scene-1094_015,5,Car,19.5196,28,lateral_t,0.1,1.0
scene-1094_015,6,Car,16.377,43,lateral_t,0.1,0.907
scene-1094_016,0,Car,9.181,15,yaw,0.0,1.0
scene-1094_016,1,Car,24.0545,22,yaw,0.0,1.0
scene-1094_016,2,Car,28.3496,20,yaw,0.0,1.0
scene-1094_016,3,Car,34.2099,17,yaw,0.0,1.0
scene-1094_016,4,Car,15.9118,72,yaw,0.0,1.0
scene-1094_016,5,Car,17.5067,23,yaw,0.0,1.0
scene-1094_016,0,Car,9.181,15,yaw,0.5,1.0
scene-1094_016,1,Car,24.0545,22,yaw,0.5,1.0
scene-1094_016,2,Car,28.3496,20,yaw,0.5,1.0
scene-1094_016,3,Car,34.2099,17,yaw,0.5,1.0
scene-1094_016,4,Car,15.9118,72,yaw,0.5,0.9861
scene-1094_016,5,Car,17.5067,23,yaw,0.5,1.0
scene-1094_016,0,Car,9.181,15,yaw,1.0,0.3333
scene-1094_016,1,Car,24.0545,22,yaw,1.0,1.0
scene-1094_016,2,Car,28.3496,20,yaw,1.0,1.0
scene-1094_016,3,Car,34.2099,17,yaw,1.0,0.8235
scene-1094_016,4,Car,15.9118,72,yaw,1.0,0.9444
scene-1094_016,5,Car,17.5067,23,yaw,1.0,1.0
scene-1094_016,0,Car,9.181,15,yaw,2.0,0.0
scene-1094_016,1,Car,24.0545,22,yaw,2.0,0.8636
scene-1094_016,2,Car,28.3496,20,yaw,2.0,0.95
scene-1094_016,3,Car,34.2099,17,yaw,2.0,0.5294
scene-1094_016,4,Car,15.9118,72,yaw,2.0,0.8472
scene-1094_016,5,Car,17.5067,23,yaw,2.0,0.9565
scene-1094_016,0,Car,9.181,15,yaw,3.0,0.0
scene-1094_016,1,Car,24.0545,22,yaw,3.0,0.7273
scene-1094_016,2,Car,28.3496,20,yaw,3.0,0.55
scene-1094_016,3,Car,34.2099,17,yaw,3.0,0.3529
scene-1094_016,4,Car,15.9118,72,yaw,3.0,0.7361
scene-1094_016,5,Car,17.5067,23,yaw,3.0,0.9565
scene-1094_016,0,Car,9.181,15,pitch,0.0,1.0
scene-1094_016,1,Car,24.0545,22,pitch,0.0,1.0
scene-1094_016,2,Car,28.3496,20,pitch,0.0,1.0
scene-1094_016,3,Car,34.2099,17,pitch,0.0,1.0
scene-1094_016,4,Car,15.9118,72,pitch,0.0,1.0
scene-1094_016,5,Car,17.5067,23,pitch,0.0,1.0
scene-1094_016,0,Car,9.181,15,pitch,0.5,1.0
scene-1094_016,1,Car,24.0545,22,pitch,0.5,1.0
scene-1094_016,2,Car,28.3496,20,pitch,0.5,1.0
scene-1094_016,3,Car,34.2099,17,pitch,0.5,1.0
scene-1094_016,4,Car,15.9118,72,pitch,0.5,1.0
scene-1094_016,5,Car,17.5067,23,pitch,0.5,1.0
scene-1094_016,0,Car,9.181,15,pitch,1.0,1.0
scene-1094_016,1,Car,24.0545,22,pitch,1.0,1.0
scene-1094_016,2,Car,28.3496,20,pitch,1.0,1.0
scene-1094_016,3,Car,34.2099,17,pitch,1.0,1.0
scene-1094_016,4,Car,15.9118,72,pitch,1.0,1.0
scene-1094_016,5,Car,17.5067,23,pitch,1.0,1.0
scene-1094_016,0,Car,9.181,15,pitch,2.0,0.9333
scene-1094_016,1,Car,24.0545,22,pitch,2.0,1.0
scene-1094_016,2,Car,28.3496,20,pitch,2.0,0.75
scene-1094_016,3,Car,34.2099,17,pitch,2.0,1.0
scene-1094_016,4,Car,15.9118,72,pitch,2.0,1.0
scene-1094_016,5,Car,17.5067,23,pitch,2.0,0.6087
scene-1094_016,0,Car,9.181,15,pitch,3.0,0.9333
scene-1094_016,1,Car,24.0545,22,pitch,3.0,0.9091
scene-1094_016,2,Car,28.3496,20,pitch,3.0,0.75
scene-1094_016,3,Car,34.2099,17,pitch,3.0,1.0
scene-1094_016,4,Car,15.9118,72,pitch,3.0,1.0
scene-1094_016,5,Car,17.5067,23,pitch,3.0,0.6087
scene-1094_016,0,Car,9.181,15,roll,0.0,1.0
scene-1094_016,1,Car,24.0545,22,roll,0.0,1.0
scene-1094_016,2,Car,28.3496,20,roll,0.0,1.0
scene-1094_016,3,Car,34.2099,17,roll,0.0,1.0
scene-1094_016,4,Car,15.9118,72,roll,0.0,1.0
scene-1094_016,5,Car,17.5067,23,roll,0.0,1.0
scene-1094_016,0,Car,9.181,15,roll,0.5,1.0
scene-1094_016,1,Car,24.0545,22,roll,0.5,1.0
scene-1094_016,2,Car,28.3496,20,roll,0.5,0.75
scene-1094_016,3,Car,34.2099,17,roll,0.5,1.0
scene-1094_016,4,Car,15.9118,72,roll,0.5,1.0
scene-1094_016,5,Car,17.5067,23,roll,0.5,1.0
scene-1094_016,0,Car,9.181,15,roll,1.0,1.0
scene-1094_016,1,Car,24.0545,22,roll,1.0,1.0
scene-1094_016,2,Car,28.3496,20,roll,1.0,0.75
scene-1094_016,3,Car,34.2099,17,roll,1.0,0.2353
scene-1094_016,4,Car,15.9118,72,roll,1.0,1.0
scene-1094_016,5,Car,17.5067,23,roll,1.0,1.0
scene-1094_016,0,Car,9.181,15,roll,2.0,0.9333
scene-1094_016,1,Car,24.0545,22,roll,2.0,1.0
scene-1094_016,2,Car,28.3496,20,roll,2.0,0.25
scene-1094_016,3,Car,34.2099,17,roll,2.0,0.2353
scene-1094_016,4,Car,15.9118,72,roll,2.0,1.0
scene-1094_016,5,Car,17.5067,23,roll,2.0,0.913
scene-1094_016,0,Car,9.181,15,roll,3.0,0.8667
scene-1094_016,1,Car,24.0545,22,roll,3.0,0.1818
scene-1094_016,2,Car,28.3496,20,roll,3.0,0.25
scene-1094_016,3,Car,34.2099,17,roll,3.0,0.0
scene-1094_016,4,Car,15.9118,72,roll,3.0,0.7778
scene-1094_016,5,Car,17.5067,23,roll,3.0,0.5217
scene-1094_016,0,Car,9.181,15,lateral_t,0.0,1.0
scene-1094_016,1,Car,24.0545,22,lateral_t,0.0,1.0
scene-1094_016,2,Car,28.3496,20,lateral_t,0.0,1.0
scene-1094_016,3,Car,34.2099,17,lateral_t,0.0,1.0
scene-1094_016,4,Car,15.9118,72,lateral_t,0.0,1.0
scene-1094_016,5,Car,17.5067,23,lateral_t,0.0,1.0
scene-1094_016,0,Car,9.181,15,lateral_t,0.02,0.6667
scene-1094_016,1,Car,24.0545,22,lateral_t,0.02,1.0
scene-1094_016,2,Car,28.3496,20,lateral_t,0.02,1.0
scene-1094_016,3,Car,34.2099,17,lateral_t,0.02,1.0
scene-1094_016,4,Car,15.9118,72,lateral_t,0.02,1.0
scene-1094_016,5,Car,17.5067,23,lateral_t,0.02,1.0
scene-1094_016,0,Car,9.181,15,lateral_t,0.05,0.6667
scene-1094_016,1,Car,24.0545,22,lateral_t,0.05,1.0
scene-1094_016,2,Car,28.3496,20,lateral_t,0.05,1.0
scene-1094_016,3,Car,34.2099,17,lateral_t,0.05,1.0
scene-1094_016,4,Car,15.9118,72,lateral_t,0.05,1.0
scene-1094_016,5,Car,17.5067,23,lateral_t,0.05,1.0
scene-1094_016,0,Car,9.181,15,lateral_t,0.1,0.3333
scene-1094_016,1,Car,24.0545,22,lateral_t,0.1,1.0
scene-1094_016,2,Car,28.3496,20,lateral_t,0.1,1.0
scene-1094_016,3,Car,34.2099,17,lateral_t,0.1,1.0
scene-1094_016,4,Car,15.9118,72,lateral_t,0.1,0.9861
scene-1094_016,5,Car,17.5067,23,lateral_t,0.1,1.0
scene-1094_017,0,Car,21.6597,27,yaw,0.0,1.0
scene-1094_017,1,Car,26.0613,22,yaw,0.0,1.0
scene-1094_017,2,Car,31.773,16,yaw,0.0,1.0
scene-1094_017,3,Car,17.1609,64,yaw,0.0,1.0
scene-1094_017,0,Car,21.6597,27,yaw,0.5,1.0
scene-1094_017,1,Car,26.0613,22,yaw,0.5,1.0
scene-1094_017,2,Car,31.773,16,yaw,0.5,1.0
scene-1094_017,3,Car,17.1609,64,yaw,0.5,0.9844
scene-1094_017,0,Car,21.6597,27,yaw,1.0,1.0
scene-1094_017,1,Car,26.0613,22,yaw,1.0,1.0
scene-1094_017,2,Car,31.773,16,yaw,1.0,1.0
scene-1094_017,3,Car,17.1609,64,yaw,1.0,0.875
scene-1094_017,0,Car,21.6597,27,yaw,2.0,0.8889
scene-1094_017,1,Car,26.0613,22,yaw,2.0,0.9545
scene-1094_017,2,Car,31.773,16,yaw,2.0,0.875
scene-1094_017,3,Car,17.1609,64,yaw,2.0,0.8125
scene-1094_017,0,Car,21.6597,27,yaw,3.0,0.7778
scene-1094_017,1,Car,26.0613,22,yaw,3.0,0.7727
scene-1094_017,2,Car,31.773,16,yaw,3.0,0.5625
scene-1094_017,3,Car,17.1609,64,yaw,3.0,0.625
scene-1094_017,0,Car,21.6597,27,pitch,0.0,1.0
scene-1094_017,1,Car,26.0613,22,pitch,0.0,1.0
scene-1094_017,2,Car,31.773,16,pitch,0.0,1.0
scene-1094_017,3,Car,17.1609,64,pitch,0.0,1.0
scene-1094_017,0,Car,21.6597,27,pitch,0.5,1.0
scene-1094_017,1,Car,26.0613,22,pitch,0.5,1.0
scene-1094_017,2,Car,31.773,16,pitch,0.5,1.0
scene-1094_017,3,Car,17.1609,64,pitch,0.5,1.0
scene-1094_017,0,Car,21.6597,27,pitch,1.0,1.0
scene-1094_017,1,Car,26.0613,22,pitch,1.0,1.0
scene-1094_017,2,Car,31.773,16,pitch,1.0,1.0
scene-1094_017,3,Car,17.1609,64,pitch,1.0,1.0
scene-1094_017,0,Car,21.6597,27,pitch,2.0,1.0
scene-1094_017,1,Car,26.0613,22,pitch,2.0,0.9091
scene-1094_017,2,Car,31.773,16,pitch,2.0,1.0
scene-1094_017,3,Car,17.1609,64,pitch,2.0,1.0
scene-1094_017,0,Car,21.6597,27,pitch,3.0,0.9259
scene-1094_017,1,Car,26.0613,22,pitch,3.0,0.9091
scene-1094_017,2,Car,31.773,16,pitch,3.0,1.0
scene-1094_017,3,Car,17.1609,64,pitch,3.0,1.0
scene-1094_017,0,Car,21.6597,27,roll,0.0,1.0
scene-1094_017,1,Car,26.0613,22,roll,0.0,1.0
scene-1094_017,2,Car,31.773,16,roll,0.0,1.0
scene-1094_017,3,Car,17.1609,64,roll,0.0,1.0
scene-1094_017,0,Car,21.6597,27,roll,0.5,1.0
scene-1094_017,1,Car,26.0613,22,roll,0.5,1.0
scene-1094_017,2,Car,31.773,16,roll,0.5,1.0
scene-1094_017,3,Car,17.1609,64,roll,0.5,1.0
scene-1094_017,0,Car,21.6597,27,roll,1.0,1.0
scene-1094_017,1,Car,26.0613,22,roll,1.0,0.5909
scene-1094_017,2,Car,31.773,16,roll,1.0,1.0
scene-1094_017,3,Car,17.1609,64,roll,1.0,1.0
scene-1094_017,0,Car,21.6597,27,roll,2.0,1.0
scene-1094_017,1,Car,26.0613,22,roll,2.0,0.5909
scene-1094_017,2,Car,31.773,16,roll,2.0,0.25
scene-1094_017,3,Car,17.1609,64,roll,2.0,0.9219
scene-1094_017,0,Car,21.6597,27,roll,3.0,0.2222
scene-1094_017,1,Car,26.0613,22,roll,3.0,0.0909
scene-1094_017,2,Car,31.773,16,roll,3.0,0.0
scene-1094_017,3,Car,17.1609,64,roll,3.0,0.6719
scene-1094_017,0,Car,21.6597,27,lateral_t,0.0,1.0
scene-1094_017,1,Car,26.0613,22,lateral_t,0.0,1.0
scene-1094_017,2,Car,31.773,16,lateral_t,0.0,1.0
scene-1094_017,3,Car,17.1609,64,lateral_t,0.0,1.0
scene-1094_017,0,Car,21.6597,27,lateral_t,0.02,1.0
scene-1094_017,1,Car,26.0613,22,lateral_t,0.02,1.0
scene-1094_017,2,Car,31.773,16,lateral_t,0.02,1.0
scene-1094_017,3,Car,17.1609,64,lateral_t,0.02,1.0
scene-1094_017,0,Car,21.6597,27,lateral_t,0.05,1.0
scene-1094_017,1,Car,26.0613,22,lateral_t,0.05,1.0
scene-1094_017,2,Car,31.773,16,lateral_t,0.05,1.0
scene-1094_017,3,Car,17.1609,64,lateral_t,0.05,1.0
scene-1094_017,0,Car,21.6597,27,lateral_t,0.1,1.0
scene-1094_017,1,Car,26.0613,22,lateral_t,0.1,1.0
scene-1094_017,2,Car,31.773,16,lateral_t,0.1,1.0
scene-1094_017,3,Car,17.1609,64,lateral_t,0.1,0.9688
scene-1094_018,0,Car,19.114,42,yaw,0.0,1.0
scene-1094_018,1,Car,29.1575,10,yaw,0.0,1.0
scene-1094_018,2,Car,18.1563,43,yaw,0.0,1.0
scene-1094_018,0,Car,19.114,42,yaw,0.5,1.0
scene-1094_018,1,Car,29.1575,10,yaw,0.5,1.0
scene-1094_018,2,Car,18.1563,43,yaw,0.5,0.9302
scene-1094_018,0,Car,19.114,42,yaw,1.0,0.9762
scene-1094_018,1,Car,29.1575,10,yaw,1.0,0.8
scene-1094_018,2,Car,18.1563,43,yaw,1.0,0.9302
scene-1094_018,0,Car,19.114,42,yaw,2.0,0.9286
scene-1094_018,1,Car,29.1575,10,yaw,2.0,0.8
scene-1094_018,2,Car,18.1563,43,yaw,2.0,0.7442
scene-1094_018,0,Car,19.114,42,yaw,3.0,0.8571
scene-1094_018,1,Car,29.1575,10,yaw,3.0,0.5
scene-1094_018,2,Car,18.1563,43,yaw,3.0,0.5116
scene-1094_018,0,Car,19.114,42,pitch,0.0,1.0
scene-1094_018,1,Car,29.1575,10,pitch,0.0,1.0
scene-1094_018,2,Car,18.1563,43,pitch,0.0,1.0
scene-1094_018,0,Car,19.114,42,pitch,0.5,1.0
scene-1094_018,1,Car,29.1575,10,pitch,0.5,1.0
scene-1094_018,2,Car,18.1563,43,pitch,0.5,1.0
scene-1094_018,0,Car,19.114,42,pitch,1.0,1.0
scene-1094_018,1,Car,29.1575,10,pitch,1.0,1.0
scene-1094_018,2,Car,18.1563,43,pitch,1.0,1.0
scene-1094_018,0,Car,19.114,42,pitch,2.0,0.9762
scene-1094_018,1,Car,29.1575,10,pitch,2.0,1.0
scene-1094_018,2,Car,18.1563,43,pitch,2.0,1.0
scene-1094_018,0,Car,19.114,42,pitch,3.0,0.9762
scene-1094_018,1,Car,29.1575,10,pitch,3.0,0.9
scene-1094_018,2,Car,18.1563,43,pitch,3.0,1.0
scene-1094_018,0,Car,19.114,42,roll,0.0,1.0
scene-1094_018,1,Car,29.1575,10,roll,0.0,1.0
scene-1094_018,2,Car,18.1563,43,roll,0.0,1.0
scene-1094_018,0,Car,19.114,42,roll,0.5,1.0
scene-1094_018,1,Car,29.1575,10,roll,0.5,1.0
scene-1094_018,2,Car,18.1563,43,roll,0.5,1.0
scene-1094_018,0,Car,19.114,42,roll,1.0,1.0
scene-1094_018,1,Car,29.1575,10,roll,1.0,1.0
scene-1094_018,2,Car,18.1563,43,roll,1.0,0.7674
scene-1094_018,0,Car,19.114,42,roll,2.0,0.881
scene-1094_018,1,Car,29.1575,10,roll,2.0,0.5
scene-1094_018,2,Car,18.1563,43,roll,2.0,0.7674
scene-1094_018,0,Car,19.114,42,roll,3.0,0.881
scene-1094_018,1,Car,29.1575,10,roll,3.0,0.5
scene-1094_018,2,Car,18.1563,43,roll,3.0,0.6977
scene-1094_018,0,Car,19.114,42,lateral_t,0.0,1.0
scene-1094_018,1,Car,29.1575,10,lateral_t,0.0,1.0
scene-1094_018,2,Car,18.1563,43,lateral_t,0.0,1.0
scene-1094_018,0,Car,19.114,42,lateral_t,0.02,1.0
scene-1094_018,1,Car,29.1575,10,lateral_t,0.02,1.0
scene-1094_018,2,Car,18.1563,43,lateral_t,0.02,1.0
scene-1094_018,0,Car,19.114,42,lateral_t,0.05,0.9762
scene-1094_018,1,Car,29.1575,10,lateral_t,0.05,1.0
scene-1094_018,2,Car,18.1563,43,lateral_t,0.05,1.0
scene-1094_018,0,Car,19.114,42,lateral_t,0.1,0.9762
scene-1094_018,1,Car,29.1575,10,lateral_t,0.1,1.0
scene-1094_018,2,Car,18.1563,43,lateral_t,0.1,1.0
scene-1094_019,0,Car,16.4372,20,yaw,0.0,1.0
scene-1094_019,1,Car,26.3325,36,yaw,0.0,1.0
scene-1094_019,2,Car,19.1597,43,yaw,0.0,1.0
scene-1094_019,3,Car,23.5005,14,yaw,0.0,1.0
scene-1094_019,0,Car,16.4372,20,yaw,0.5,1.0
scene-1094_019,1,Car,26.3325,36,yaw,0.5,1.0
scene-1094_019,2,Car,19.1597,43,yaw,0.5,0.907
scene-1094_019,3,Car,23.5005,14,yaw,0.5,1.0
scene-1094_019,0,Car,16.4372,20,yaw,1.0,0.95
scene-1094_019,1,Car,26.3325,36,yaw,1.0,0.9722
scene-1094_019,2,Car,19.1597,43,yaw,1.0,0.8605
scene-1094_019,3,Car,23.5005,14,yaw,1.0,0.8571
scene-1094_019,0,Car,16.4372,20,yaw,2.0,0.75
scene-1094_019,1,Car,26.3325,36,yaw,2.0,0.8889
scene-1094_019,2,Car,19.1597,43,yaw,2.0,0.6512
scene-1094_019,3,Car,23.5005,14,yaw,2.0,0.7857
scene-1094_019,0,Car,16.4372,20,yaw,3.0,0.4
scene-1094_019,1,Car,26.3325,36,yaw,3.0,0.7222
scene-1094_019,2,Car,19.1597,43,yaw,3.0,0.3953
scene-1094_019,3,Car,23.5005,14,yaw,3.0,0.7857
scene-1094_019,0,Car,16.4372,20,pitch,0.0,1.0
scene-1094_019,1,Car,26.3325,36,pitch,0.0,1.0
scene-1094_019,2,Car,19.1597,43,pitch,0.0,1.0
scene-1094_019,3,Car,23.5005,14,pitch,0.0,1.0
scene-1094_019,0,Car,16.4372,20,pitch,0.5,1.0
scene-1094_019,1,Car,26.3325,36,pitch,0.5,1.0
scene-1094_019,2,Car,19.1597,43,pitch,0.5,1.0
scene-1094_019,3,Car,23.5005,14,pitch,0.5,1.0
scene-1094_019,0,Car,16.4372,20,pitch,1.0,1.0
scene-1094_019,1,Car,26.3325,36,pitch,1.0,0.9722
scene-1094_019,2,Car,19.1597,43,pitch,1.0,1.0
scene-1094_019,3,Car,23.5005,14,pitch,1.0,1.0
scene-1094_019,0,Car,16.4372,20,pitch,2.0,1.0
scene-1094_019,1,Car,26.3325,36,pitch,2.0,0.9444
scene-1094_019,2,Car,19.1597,43,pitch,2.0,0.9767
scene-1094_019,3,Car,23.5005,14,pitch,2.0,0.9286
scene-1094_019,0,Car,16.4372,20,pitch,3.0,1.0
scene-1094_019,1,Car,26.3325,36,pitch,3.0,0.9444
scene-1094_019,2,Car,19.1597,43,pitch,3.0,0.9535
scene-1094_019,3,Car,23.5005,14,pitch,3.0,0.8571
scene-1094_019,0,Car,16.4372,20,roll,0.0,1.0
scene-1094_019,1,Car,26.3325,36,roll,0.0,1.0
scene-1094_019,2,Car,19.1597,43,roll,0.0,1.0
scene-1094_019,3,Car,23.5005,14,roll,0.0,1.0
scene-1094_019,0,Car,16.4372,20,roll,0.5,1.0
scene-1094_019,1,Car,26.3325,36,roll,0.5,1.0
scene-1094_019,2,Car,19.1597,43,roll,0.5,1.0
scene-1094_019,3,Car,23.5005,14,roll,0.5,1.0
scene-1094_019,0,Car,16.4372,20,roll,1.0,1.0
scene-1094_019,1,Car,26.3325,36,roll,1.0,1.0
scene-1094_019,2,Car,19.1597,43,roll,1.0,1.0
scene-1094_019,3,Car,23.5005,14,roll,1.0,1.0
scene-1094_019,0,Car,16.4372,20,roll,2.0,0.95
scene-1094_019,1,Car,26.3325,36,roll,2.0,0.4444
scene-1094_019,2,Car,19.1597,43,roll,2.0,0.9535
scene-1094_019,3,Car,23.5005,14,roll,2.0,1.0
scene-1094_019,0,Car,16.4372,20,roll,3.0,0.6
scene-1094_019,1,Car,26.3325,36,roll,3.0,0.4444
scene-1094_019,2,Car,19.1597,43,roll,3.0,0.9535
scene-1094_019,3,Car,23.5005,14,roll,3.0,0.1429
scene-1094_019,0,Car,16.4372,20,lateral_t,0.0,1.0
scene-1094_019,1,Car,26.3325,36,lateral_t,0.0,1.0
scene-1094_019,2,Car,19.1597,43,lateral_t,0.0,1.0
scene-1094_019,3,Car,23.5005,14,lateral_t,0.0,1.0
scene-1094_019,0,Car,16.4372,20,lateral_t,0.02,1.0
scene-1094_019,1,Car,26.3325,36,lateral_t,0.02,1.0
scene-1094_019,2,Car,19.1597,43,lateral_t,0.02,1.0
scene-1094_019,3,Car,23.5005,14,lateral_t,0.02,1.0
scene-1094_019,0,Car,16.4372,20,lateral_t,0.05,1.0
scene-1094_019,1,Car,26.3325,36,lateral_t,0.05,1.0
scene-1094_019,2,Car,19.1597,43,lateral_t,0.05,1.0
scene-1094_019,3,Car,23.5005,14,lateral_t,0.05,1.0
scene-1094_019,0,Car,16.4372,20,lateral_t,0.1,0.95
scene-1094_019,1,Car,26.3325,36,lateral_t,0.1,1.0
scene-1094_019,2,Car,19.1597,43,lateral_t,0.1,1.0
scene-1094_019,3,Car,23.5005,14,lateral_t,0.1,1.0
scene-1094_020,0,Car,23.827,21,yaw,0.0,1.0
scene-1094_020,1,Car,20.0155,37,yaw,0.0,1.0
scene-1094_020,2,Car,20.8865,25,yaw,0.0,1.0
scene-1094_020,0,Car,23.827,21,yaw,0.5,1.0
scene-1094_020,1,Car,20.0155,37,yaw,0.5,0.9189
scene-1094_020,2,Car,20.8865,25,yaw,0.5,1.0
scene-1094_020,0,Car,23.827,21,yaw,1.0,1.0
scene-1094_020,1,Car,20.0155,37,yaw,1.0,0.8378
scene-1094_020,2,Car,20.8865,25,yaw,1.0,1.0
scene-1094_020,0,Car,23.827,21,yaw,2.0,0.8571
scene-1094_020,1,Car,20.0155,37,yaw,2.0,0.5946
scene-1094_020,2,Car,20.8865,25,yaw,2.0,0.92
scene-1094_020,0,Car,23.827,21,yaw,3.0,0.7143
scene-1094_020,1,Car,20.0155,37,yaw,3.0,0.4324
scene-1094_020,2,Car,20.8865,25,yaw,3.0,0.8
scene-1094_020,0,Car,23.827,21,pitch,0.0,1.0
scene-1094_020,1,Car,20.0155,37,pitch,0.0,1.0
scene-1094_020,2,Car,20.8865,25,pitch,0.0,1.0
scene-1094_020,0,Car,23.827,21,pitch,0.5,1.0
scene-1094_020,1,Car,20.0155,37,pitch,0.5,1.0
scene-1094_020,2,Car,20.8865,25,pitch,0.5,0.96
scene-1094_020,0,Car,23.827,21,pitch,1.0,1.0
scene-1094_020,1,Car,20.0155,37,pitch,1.0,1.0
scene-1094_020,2,Car,20.8865,25,pitch,1.0,0.96
scene-1094_020,0,Car,23.827,21,pitch,2.0,1.0
scene-1094_020,1,Car,20.0155,37,pitch,2.0,1.0
scene-1094_020,2,Car,20.8865,25,pitch,2.0,0.96
scene-1094_020,0,Car,23.827,21,pitch,3.0,0.9048
scene-1094_020,1,Car,20.0155,37,pitch,3.0,1.0
scene-1094_020,2,Car,20.8865,25,pitch,3.0,0.88
scene-1094_020,0,Car,23.827,21,roll,0.0,1.0
scene-1094_020,1,Car,20.0155,37,roll,0.0,1.0
scene-1094_020,2,Car,20.8865,25,roll,0.0,1.0
scene-1094_020,0,Car,23.827,21,roll,0.5,1.0
scene-1094_020,1,Car,20.0155,37,roll,0.5,0.8378
scene-1094_020,2,Car,20.8865,25,roll,0.5,1.0
scene-1094_020,0,Car,23.827,21,roll,1.0,1.0
scene-1094_020,1,Car,20.0155,37,roll,1.0,0.8378
scene-1094_020,2,Car,20.8865,25,roll,1.0,1.0
scene-1094_020,0,Car,23.827,21,roll,2.0,0.381
scene-1094_020,1,Car,20.0155,37,roll,2.0,0.7568
scene-1094_020,2,Car,20.8865,25,roll,2.0,0.96
scene-1094_020,0,Car,23.827,21,roll,3.0,0.381
scene-1094_020,1,Car,20.0155,37,roll,3.0,0.7568
scene-1094_020,2,Car,20.8865,25,roll,3.0,0.36
scene-1094_020,0,Car,23.827,21,lateral_t,0.0,1.0
scene-1094_020,1,Car,20.0155,37,lateral_t,0.0,1.0
scene-1094_020,2,Car,20.8865,25,lateral_t,0.0,1.0
scene-1094_020,0,Car,23.827,21,lateral_t,0.02,1.0
scene-1094_020,1,Car,20.0155,37,lateral_t,0.02,1.0
scene-1094_020,2,Car,20.8865,25,lateral_t,0.02,1.0
scene-1094_020,0,Car,23.827,21,lateral_t,0.05,0.9524
scene-1094_020,1,Car,20.0155,37,lateral_t,0.05,1.0
scene-1094_020,2,Car,20.8865,25,lateral_t,0.05,1.0
scene-1094_020,0,Car,23.827,21,lateral_t,0.1,0.8571
scene-1094_020,1,Car,20.0155,37,lateral_t,0.1,1.0
scene-1094_020,2,Car,20.8865,25,lateral_t,0.1,1.0
scene-1094_021,0,Car,20.9594,40,yaw,0.0,1.0
scene-1094_021,1,Car,17.8541,24,yaw,0.0,1.0
scene-1094_021,2,Motorcycle,16.9602,16,yaw,0.0,1.0
scene-1094_021,0,Car,20.9594,40,yaw,0.5,0.9
scene-1094_021,1,Car,17.8541,24,yaw,0.5,1.0
scene-1094_021,2,Motorcycle,16.9602,16,yaw,0.5,1.0
scene-1094_021,0,Car,20.9594,40,yaw,1.0,0.825
scene-1094_021,1,Car,17.8541,24,yaw,1.0,1.0
scene-1094_021,2,Motorcycle,16.9602,16,yaw,1.0,0.9375
scene-1094_021,0,Car,20.9594,40,yaw,2.0,0.6
scene-1094_021,1,Car,17.8541,24,yaw,2.0,0.7083
scene-1094_021,2,Motorcycle,16.9602,16,yaw,2.0,0.6875
scene-1094_021,0,Car,20.9594,40,yaw,3.0,0.375
scene-1094_021,1,Car,17.8541,24,yaw,3.0,0.375
scene-1094_021,2,Motorcycle,16.9602,16,yaw,3.0,0.4375
scene-1094_021,0,Car,20.9594,40,pitch,0.0,1.0
scene-1094_021,1,Car,17.8541,24,pitch,0.0,1.0
scene-1094_021,2,Motorcycle,16.9602,16,pitch,0.0,1.0
scene-1094_021,0,Car,20.9594,40,pitch,0.5,1.0
scene-1094_021,1,Car,17.8541,24,pitch,0.5,1.0
scene-1094_021,2,Motorcycle,16.9602,16,pitch,0.5,1.0
scene-1094_021,0,Car,20.9594,40,pitch,1.0,1.0
scene-1094_021,1,Car,17.8541,24,pitch,1.0,1.0
scene-1094_021,2,Motorcycle,16.9602,16,pitch,1.0,1.0
scene-1094_021,0,Car,20.9594,40,pitch,2.0,0.975
scene-1094_021,1,Car,17.8541,24,pitch,2.0,1.0
scene-1094_021,2,Motorcycle,16.9602,16,pitch,2.0,1.0
scene-1094_021,0,Car,20.9594,40,pitch,3.0,0.9
scene-1094_021,1,Car,17.8541,24,pitch,3.0,1.0
scene-1094_021,2,Motorcycle,16.9602,16,pitch,3.0,1.0
scene-1094_021,0,Car,20.9594,40,roll,0.0,1.0
scene-1094_021,1,Car,17.8541,24,roll,0.0,1.0
scene-1094_021,2,Motorcycle,16.9602,16,roll,0.0,1.0
scene-1094_021,0,Car,20.9594,40,roll,0.5,1.0
scene-1094_021,1,Car,17.8541,24,roll,0.5,0.8333
scene-1094_021,2,Motorcycle,16.9602,16,roll,0.5,1.0
scene-1094_021,0,Car,20.9594,40,roll,1.0,1.0
scene-1094_021,1,Car,17.8541,24,roll,1.0,0.7083
scene-1094_021,2,Motorcycle,16.9602,16,roll,1.0,0.875
scene-1094_021,0,Car,20.9594,40,roll,2.0,1.0
scene-1094_021,1,Car,17.8541,24,roll,2.0,0.6667
scene-1094_021,2,Motorcycle,16.9602,16,roll,2.0,0.875
scene-1094_021,0,Car,20.9594,40,roll,3.0,0.725
scene-1094_021,1,Car,17.8541,24,roll,3.0,0.4583
scene-1094_021,2,Motorcycle,16.9602,16,roll,3.0,0.5
scene-1094_021,0,Car,20.9594,40,lateral_t,0.0,1.0
scene-1094_021,1,Car,17.8541,24,lateral_t,0.0,1.0
scene-1094_021,2,Motorcycle,16.9602,16,lateral_t,0.0,1.0
scene-1094_021,0,Car,20.9594,40,lateral_t,0.02,1.0
scene-1094_021,1,Car,17.8541,24,lateral_t,0.02,1.0
scene-1094_021,2,Motorcycle,16.9602,16,lateral_t,0.02,1.0
scene-1094_021,0,Car,20.9594,40,lateral_t,0.05,1.0
scene-1094_021,1,Car,17.8541,24,lateral_t,0.05,0.9583
scene-1094_021,2,Motorcycle,16.9602,16,lateral_t,0.05,1.0
scene-1094_021,0,Car,20.9594,40,lateral_t,0.1,1.0
scene-1094_021,1,Car,17.8541,24,lateral_t,0.1,0.9583
scene-1094_021,2,Motorcycle,16.9602,16,lateral_t,0.1,1.0
scene-1094_022,0,Car,21.8307,23,yaw,0.0,1.0
scene-1094_022,1,Car,20.5299,24,yaw,0.0,1.0
scene-1094_022,0,Car,21.8307,23,yaw,0.5,0.8696
scene-1094_022,1,Car,20.5299,24,yaw,0.5,1.0
scene-1094_022,0,Car,21.8307,23,yaw,1.0,0.8696
scene-1094_022,1,Car,20.5299,24,yaw,1.0,1.0
scene-1094_022,0,Car,21.8307,23,yaw,2.0,0.6522
scene-1094_022,1,Car,20.5299,24,yaw,2.0,0.9583
scene-1094_022,0,Car,21.8307,23,yaw,3.0,0.3913
scene-1094_022,1,Car,20.5299,24,yaw,3.0,0.8333
scene-1094_022,0,Car,21.8307,23,pitch,0.0,1.0
scene-1094_022,1,Car,20.5299,24,pitch,0.0,1.0
scene-1094_022,0,Car,21.8307,23,pitch,0.5,1.0
scene-1094_022,1,Car,20.5299,24,pitch,0.5,1.0
scene-1094_022,0,Car,21.8307,23,pitch,1.0,1.0
scene-1094_022,1,Car,20.5299,24,pitch,1.0,1.0
scene-1094_022,0,Car,21.8307,23,pitch,2.0,0.9565
scene-1094_022,1,Car,20.5299,24,pitch,2.0,1.0
scene-1094_022,0,Car,21.8307,23,pitch,3.0,0.9565
scene-1094_022,1,Car,20.5299,24,pitch,3.0,1.0
scene-1094_022,0,Car,21.8307,23,roll,0.0,1.0
scene-1094_022,1,Car,20.5299,24,roll,0.0,1.0
scene-1094_022,0,Car,21.8307,23,roll,0.5,1.0
scene-1094_022,1,Car,20.5299,24,roll,0.5,1.0
scene-1094_022,0,Car,21.8307,23,roll,1.0,1.0
scene-1094_022,1,Car,20.5299,24,roll,1.0,0.9583
scene-1094_022,0,Car,21.8307,23,roll,2.0,1.0
scene-1094_022,1,Car,20.5299,24,roll,2.0,0.9583
scene-1094_022,0,Car,21.8307,23,roll,3.0,0.5652
scene-1094_022,1,Car,20.5299,24,roll,3.0,0.4167
scene-1094_022,0,Car,21.8307,23,lateral_t,0.0,1.0
scene-1094_022,1,Car,20.5299,24,lateral_t,0.0,1.0
scene-1094_022,0,Car,21.8307,23,lateral_t,0.02,1.0
scene-1094_022,1,Car,20.5299,24,lateral_t,0.02,1.0
scene-1094_022,0,Car,21.8307,23,lateral_t,0.05,1.0
scene-1094_022,1,Car,20.5299,24,lateral_t,0.05,1.0
scene-1094_022,0,Car,21.8307,23,lateral_t,0.1,1.0
scene-1094_022,1,Car,20.5299,24,lateral_t,0.1,1.0
scene-1094_023,0,Car,22.8675,18,yaw,0.0,1.0
scene-1094_023,1,Car,16.5287,10,yaw,0.0,1.0
scene-1094_023,0,Car,22.8675,18,yaw,0.5,0.8889
scene-1094_023,1,Car,16.5287,10,yaw,0.5,1.0
scene-1094_023,0,Car,22.8675,18,yaw,1.0,0.8333
scene-1094_023,1,Car,16.5287,10,yaw,1.0,1.0
scene-1094_023,0,Car,22.8675,18,yaw,2.0,0.5556
scene-1094_023,1,Car,16.5287,10,yaw,2.0,0.5
scene-1094_023,0,Car,22.8675,18,yaw,3.0,0.3889
scene-1094_023,1,Car,16.5287,10,yaw,3.0,0.0
scene-1094_023,0,Car,22.8675,18,pitch,0.0,1.0
scene-1094_023,1,Car,16.5287,10,pitch,0.0,1.0
scene-1094_023,0,Car,22.8675,18,pitch,0.5,1.0
scene-1094_023,1,Car,16.5287,10,pitch,0.5,1.0
scene-1094_023,0,Car,22.8675,18,pitch,1.0,1.0
scene-1094_023,1,Car,16.5287,10,pitch,1.0,1.0
scene-1094_023,0,Car,22.8675,18,pitch,2.0,1.0
scene-1094_023,1,Car,16.5287,10,pitch,2.0,1.0
scene-1094_023,0,Car,22.8675,18,pitch,3.0,1.0
scene-1094_023,1,Car,16.5287,10,pitch,3.0,1.0
scene-1094_023,0,Car,22.8675,18,roll,0.0,1.0
scene-1094_023,1,Car,16.5287,10,roll,0.0,1.0
scene-1094_023,0,Car,22.8675,18,roll,0.5,1.0
scene-1094_023,1,Car,16.5287,10,roll,0.5,1.0
scene-1094_023,0,Car,22.8675,18,roll,1.0,1.0
scene-1094_023,1,Car,16.5287,10,roll,1.0,1.0
scene-1094_023,0,Car,22.8675,18,roll,2.0,1.0
scene-1094_023,1,Car,16.5287,10,roll,2.0,0.9
scene-1094_023,0,Car,22.8675,18,roll,3.0,0.5
scene-1094_023,1,Car,16.5287,10,roll,3.0,0.5
scene-1094_023,0,Car,22.8675,18,lateral_t,0.0,1.0
scene-1094_023,1,Car,16.5287,10,lateral_t,0.0,1.0
scene-1094_023,0,Car,22.8675,18,lateral_t,0.02,1.0
scene-1094_023,1,Car,16.5287,10,lateral_t,0.02,1.0
scene-1094_023,0,Car,22.8675,18,lateral_t,0.05,1.0
scene-1094_023,1,Car,16.5287,10,lateral_t,0.05,1.0
scene-1094_023,0,Car,22.8675,18,lateral_t,0.1,1.0
scene-1094_023,1,Car,16.5287,10,lateral_t,0.1,0.7
scene-1094_024,0,Car,23.5272,30,yaw,0.0,1.0
scene-1094_024,1,Pedestrian,15.8652,15,yaw,0.0,1.0
scene-1094_024,0,Car,23.5272,30,yaw,0.5,0.9667
scene-1094_024,1,Pedestrian,15.8652,15,yaw,0.5,0.9333
scene-1094_024,0,Car,23.5272,30,yaw,1.0,0.8667
scene-1094_024,1,Pedestrian,15.8652,15,yaw,1.0,0.8
scene-1094_024,0,Car,23.5272,30,yaw,2.0,0.6
scene-1094_024,1,Pedestrian,15.8652,15,yaw,2.0,0.2667
scene-1094_024,0,Car,23.5272,30,yaw,3.0,0.3333
scene-1094_024,1,Pedestrian,15.8652,15,yaw,3.0,0.0
scene-1094_024,0,Car,23.5272,30,pitch,0.0,1.0
scene-1094_024,1,Pedestrian,15.8652,15,pitch,0.0,1.0
scene-1094_024,0,Car,23.5272,30,pitch,0.5,1.0
scene-1094_024,1,Pedestrian,15.8652,15,pitch,0.5,1.0
scene-1094_024,0,Car,23.5272,30,pitch,1.0,1.0
scene-1094_024,1,Pedestrian,15.8652,15,pitch,1.0,1.0
scene-1094_024,0,Car,23.5272,30,pitch,2.0,1.0
scene-1094_024,1,Pedestrian,15.8652,15,pitch,2.0,1.0
scene-1094_024,0,Car,23.5272,30,pitch,3.0,1.0
scene-1094_024,1,Pedestrian,15.8652,15,pitch,3.0,0.9333
scene-1094_024,0,Car,23.5272,30,roll,0.0,1.0
scene-1094_024,1,Pedestrian,15.8652,15,roll,0.0,1.0
scene-1094_024,0,Car,23.5272,30,roll,0.5,1.0
scene-1094_024,1,Pedestrian,15.8652,15,roll,0.5,1.0
scene-1094_024,0,Car,23.5272,30,roll,1.0,1.0
scene-1094_024,1,Pedestrian,15.8652,15,roll,1.0,0.9333
scene-1094_024,0,Car,23.5272,30,roll,2.0,0.7
scene-1094_024,1,Pedestrian,15.8652,15,roll,2.0,0.9333
scene-1094_024,0,Car,23.5272,30,roll,3.0,0.7
scene-1094_024,1,Pedestrian,15.8652,15,roll,3.0,0.6667
scene-1094_024,0,Car,23.5272,30,lateral_t,0.0,1.0
scene-1094_024,1,Pedestrian,15.8652,15,lateral_t,0.0,1.0
scene-1094_024,0,Car,23.5272,30,lateral_t,0.02,1.0
scene-1094_024,1,Pedestrian,15.8652,15,lateral_t,0.02,1.0
scene-1094_024,0,Car,23.5272,30,lateral_t,0.05,1.0
scene-1094_024,1,Pedestrian,15.8652,15,lateral_t,0.05,0.9333
scene-1094_024,0,Car,23.5272,30,lateral_t,0.1,1.0
scene-1094_024,1,Pedestrian,15.8652,15,lateral_t,0.1,0.9333
scene-1094_025,0,Car,24.2958,42,yaw,0.0,1.0
scene-1094_025,1,Pedestrian,11.3178,19,yaw,0.0,1.0
scene-1094_025,0,Car,24.2958,42,yaw,0.5,0.9286
scene-1094_025,1,Pedestrian,11.3178,19,yaw,0.5,1.0
scene-1094_025,0,Car,24.2958,42,yaw,1.0,0.8571
scene-1094_025,1,Pedestrian,11.3178,19,yaw,1.0,0.9474
scene-1094_025,0,Car,24.2958,42,yaw,2.0,0.5952
scene-1094_025,1,Pedestrian,11.3178,19,yaw,2.0,0.5789
scene-1094_025,0,Car,24.2958,42,yaw,3.0,0.3095
scene-1094_025,1,Pedestrian,11.3178,19,yaw,3.0,0.1053
scene-1094_025,0,Car,24.2958,42,pitch,0.0,1.0
scene-1094_025,1,Pedestrian,11.3178,19,pitch,0.0,1.0
scene-1094_025,0,Car,24.2958,42,pitch,0.5,1.0
scene-1094_025,1,Pedestrian,11.3178,19,pitch,0.5,1.0
scene-1094_025,0,Car,24.2958,42,pitch,1.0,1.0
scene-1094_025,1,Pedestrian,11.3178,19,pitch,1.0,1.0
scene-1094_025,0,Car,24.2958,42,pitch,2.0,0.881
scene-1094_025,1,Pedestrian,11.3178,19,pitch,2.0,1.0
scene-1094_025,0,Car,24.2958,42,pitch,3.0,0.8095
scene-1094_025,1,Pedestrian,11.3178,19,pitch,3.0,0.8947
scene-1094_025,0,Car,24.2958,42,roll,0.0,1.0
scene-1094_025,1,Pedestrian,11.3178,19,roll,0.0,1.0
scene-1094_025,0,Car,24.2958,42,roll,0.5,1.0
scene-1094_025,1,Pedestrian,11.3178,19,roll,0.5,1.0
scene-1094_025,0,Car,24.2958,42,roll,1.0,0.8333
scene-1094_025,1,Pedestrian,11.3178,19,roll,1.0,1.0
scene-1094_025,0,Car,24.2958,42,roll,2.0,0.619
scene-1094_025,1,Pedestrian,11.3178,19,roll,2.0,0.8947
scene-1094_025,0,Car,24.2958,42,roll,3.0,0.619
scene-1094_025,1,Pedestrian,11.3178,19,roll,3.0,0.6842
scene-1094_025,0,Car,24.2958,42,lateral_t,0.0,1.0
scene-1094_025,1,Pedestrian,11.3178,19,lateral_t,0.0,1.0
scene-1094_025,0,Car,24.2958,42,lateral_t,0.02,1.0
scene-1094_025,1,Pedestrian,11.3178,19,lateral_t,0.02,1.0
scene-1094_025,0,Car,24.2958,42,lateral_t,0.05,0.9762
scene-1094_025,1,Pedestrian,11.3178,19,lateral_t,0.05,1.0
scene-1094_025,0,Car,24.2958,42,lateral_t,0.1,0.9762
scene-1094_025,1,Pedestrian,11.3178,19,lateral_t,0.1,1.0
scene-1094_026,0,Car,25.0023,30,yaw,0.0,1.0
scene-1094_026,0,Car,25.0023,30,yaw,0.5,0.9333
scene-1094_026,0,Car,25.0023,30,yaw,1.0,0.9
scene-1094_026,0,Car,25.0023,30,yaw,2.0,0.6667
scene-1094_026,0,Car,25.0023,30,yaw,3.0,0.3667
scene-1094_026,0,Car,25.0023,30,pitch,0.0,1.0
scene-1094_026,0,Car,25.0023,30,pitch,0.5,1.0
scene-1094_026,0,Car,25.0023,30,pitch,1.0,1.0
scene-1094_026,0,Car,25.0023,30,pitch,2.0,1.0
scene-1094_026,0,Car,25.0023,30,pitch,3.0,1.0
scene-1094_026,0,Car,25.0023,30,roll,0.0,1.0
scene-1094_026,0,Car,25.0023,30,roll,0.5,1.0
scene-1094_026,0,Car,25.0023,30,roll,1.0,0.7
scene-1094_026,0,Car,25.0023,30,roll,2.0,0.3333
scene-1094_026,0,Car,25.0023,30,roll,3.0,0.3333
scene-1094_026,0,Car,25.0023,30,lateral_t,0.0,1.0
scene-1094_026,0,Car,25.0023,30,lateral_t,0.02,1.0
scene-1094_026,0,Car,25.0023,30,lateral_t,0.05,1.0
scene-1094_026,0,Car,25.0023,30,lateral_t,0.1,1.0
scene-1094_027,0,Car,25.7665,29,yaw,0.0,1.0
scene-1094_027,1,Pedestrian,12.9835,13,yaw,0.0,1.0
scene-1094_027,2,Pedestrian,14.1681,22,yaw,0.0,1.0
scene-1094_027,0,Car,25.7665,29,yaw,0.5,0.931
scene-1094_027,1,Pedestrian,12.9835,13,yaw,0.5,1.0
scene-1094_027,2,Pedestrian,14.1681,22,yaw,0.5,1.0
scene-1094_027,0,Car,25.7665,29,yaw,1.0,0.8621
scene-1094_027,1,Pedestrian,12.9835,13,yaw,1.0,1.0
scene-1094_027,2,Pedestrian,14.1681,22,yaw,1.0,0.9091
scene-1094_027,0,Car,25.7665,29,yaw,2.0,0.5862
scene-1094_027,1,Pedestrian,12.9835,13,yaw,2.0,0.4615
scene-1094_027,2,Pedestrian,14.1681,22,yaw,2.0,0.5909
scene-1094_027,0,Car,25.7665,29,yaw,3.0,0.3103
scene-1094_027,1,Pedestrian,12.9835,13,yaw,3.0,0.0
scene-1094_027,2,Pedestrian,14.1681,22,yaw,3.0,0.1818
scene-1094_027,0,Car,25.7665,29,pitch,0.0,1.0
scene-1094_027,1,Pedestrian,12.9835,13,pitch,0.0,1.0
scene-1094_027,2,Pedestrian,14.1681,22,pitch,0.0,1.0
scene-1094_027,0,Car,25.7665,29,pitch,0.5,1.0
scene-1094_027,1,Pedestrian,12.9835,13,pitch,0.5,1.0
scene-1094_027,2,Pedestrian,14.1681,22,pitch,0.5,1.0
scene-1094_027,0,Car,25.7665,29,pitch,1.0,1.0
scene-1094_027,1,Pedestrian,12.9835,13,pitch,1.0,1.0
scene-1094_027,2,Pedestrian,14.1681,22,pitch,1.0,0.9091
scene-1094_027,0,Car,25.7665,29,pitch,2.0,1.0
scene-1094_027,1,Pedestrian,12.9835,13,pitch,2.0,1.0
scene-1094_027,2,Pedestrian,14.1681,22,pitch,2.0,0.9091
scene-1094_027,0,Car,25.7665,29,pitch,3.0,1.0
scene-1094_027,1,Pedestrian,12.9835,13,pitch,3.0,1.0
scene-1094_027,2,Pedestrian,14.1681,22,pitch,3.0,0.9091
scene-1094_027,0,Car,25.7665,29,roll,0.0,1.0
scene-1094_027,1,Pedestrian,12.9835,13,roll,0.0,1.0
scene-1094_027,2,Pedestrian,14.1681,22,roll,0.0,1.0
scene-1094_027,0,Car,25.7665,29,roll,0.5,1.0
scene-1094_027,1,Pedestrian,12.9835,13,roll,0.5,1.0
scene-1094_027,2,Pedestrian,14.1681,22,roll,0.5,0.9091
scene-1094_027,0,Car,25.7665,29,roll,1.0,0.7241
scene-1094_027,1,Pedestrian,12.9835,13,roll,1.0,1.0
scene-1094_027,2,Pedestrian,14.1681,22,roll,1.0,0.9091
scene-1094_027,0,Car,25.7665,29,roll,2.0,0.3793
scene-1094_027,1,Pedestrian,12.9835,13,roll,2.0,0.7692
scene-1094_027,2,Pedestrian,14.1681,22,roll,2.0,0.6364
scene-1094_027,0,Car,25.7665,29,roll,3.0,0.3793
scene-1094_027,1,Pedestrian,12.9835,13,roll,3.0,0.3846
scene-1094_027,2,Pedestrian,14.1681,22,roll,3.0,0.6364
scene-1094_027,0,Car,25.7665,29,lateral_t,0.0,1.0
scene-1094_027,1,Pedestrian,12.9835,13,lateral_t,0.0,1.0
scene-1094_027,2,Pedestrian,14.1681,22,lateral_t,0.0,1.0
scene-1094_027,0,Car,25.7665,29,lateral_t,0.02,1.0
scene-1094_027,1,Pedestrian,12.9835,13,lateral_t,0.02,1.0
scene-1094_027,2,Pedestrian,14.1681,22,lateral_t,0.02,1.0
scene-1094_027,0,Car,25.7665,29,lateral_t,0.05,1.0
scene-1094_027,1,Pedestrian,12.9835,13,lateral_t,0.05,1.0
scene-1094_027,2,Pedestrian,14.1681,22,lateral_t,0.05,1.0
scene-1094_027,0,Car,25.7665,29,lateral_t,0.1,1.0
scene-1094_027,1,Pedestrian,12.9835,13,lateral_t,0.1,0.8462
scene-1094_027,2,Pedestrian,14.1681,22,lateral_t,0.1,1.0
scene-1094_028,0,Pedestrian,7.9593,49,yaw,0.0,1.0
scene-1094_028,0,Pedestrian,7.9593,49,yaw,0.5,1.0
scene-1094_028,0,Pedestrian,7.9593,49,yaw,1.0,0.9388
scene-1094_028,0,Pedestrian,7.9593,49,yaw,2.0,0.8776
scene-1094_028,0,Pedestrian,7.9593,49,yaw,3.0,0.6939
scene-1094_028,0,Pedestrian,7.9593,49,pitch,0.0,1.0
scene-1094_028,0,Pedestrian,7.9593,49,pitch,0.5,1.0
scene-1094_028,0,Pedestrian,7.9593,49,pitch,1.0,1.0
scene-1094_028,0,Pedestrian,7.9593,49,pitch,2.0,1.0
scene-1094_028,0,Pedestrian,7.9593,49,pitch,3.0,0.9388
scene-1094_028,0,Pedestrian,7.9593,49,roll,0.0,1.0
scene-1094_028,0,Pedestrian,7.9593,49,roll,0.5,1.0
scene-1094_028,0,Pedestrian,7.9593,49,roll,1.0,0.9388
scene-1094_028,0,Pedestrian,7.9593,49,roll,2.0,0.9388
scene-1094_028,0,Pedestrian,7.9593,49,roll,3.0,0.8571
scene-1094_028,0,Pedestrian,7.9593,49,lateral_t,0.0,1.0
scene-1094_028,0,Pedestrian,7.9593,49,lateral_t,0.02,1.0
scene-1094_028,0,Pedestrian,7.9593,49,lateral_t,0.05,1.0
scene-1094_028,0,Pedestrian,7.9593,49,lateral_t,0.1,0.9388
scene-1094_029,0,Pedestrian,12.975,19,yaw,0.0,1.0
scene-1094_029,1,Car,27.3249,19,yaw,0.0,1.0
scene-1094_029,0,Pedestrian,12.975,19,yaw,0.5,1.0
scene-1094_029,1,Car,27.3249,19,yaw,0.5,0.9474
scene-1094_029,0,Pedestrian,12.975,19,yaw,1.0,0.8947
scene-1094_029,1,Car,27.3249,19,yaw,1.0,0.8421
scene-1094_029,0,Pedestrian,12.975,19,yaw,2.0,0.2632
scene-1094_029,1,Car,27.3249,19,yaw,2.0,0.5789
scene-1094_029,0,Pedestrian,12.975,19,yaw,3.0,0.0
scene-1094_029,1,Car,27.3249,19,yaw,3.0,0.1579
scene-1094_029,0,Pedestrian,12.975,19,pitch,0.0,1.0
scene-1094_029,1,Car,27.3249,19,pitch,0.0,1.0
scene-1094_029,0,Pedestrian,12.975,19,pitch,0.5,1.0
scene-1094_029,1,Car,27.3249,19,pitch,0.5,1.0
scene-1094_029,0,Pedestrian,12.975,19,pitch,1.0,1.0
scene-1094_029,1,Car,27.3249,19,pitch,1.0,0.9474
scene-1094_029,0,Pedestrian,12.975,19,pitch,2.0,0.9474
scene-1094_029,1,Car,27.3249,19,pitch,2.0,0.8947
scene-1094_029,0,Pedestrian,12.975,19,pitch,3.0,0.9474
scene-1094_029,1,Car,27.3249,19,pitch,3.0,0.8947
scene-1094_029,0,Pedestrian,12.975,19,roll,0.0,1.0
scene-1094_029,1,Car,27.3249,19,roll,0.0,1.0
scene-1094_029,0,Pedestrian,12.975,19,roll,0.5,1.0
scene-1094_029,1,Car,27.3249,19,roll,0.5,1.0
scene-1094_029,0,Pedestrian,12.975,19,roll,1.0,0.9474
scene-1094_029,1,Car,27.3249,19,roll,1.0,1.0
scene-1094_029,0,Pedestrian,12.975,19,roll,2.0,0.7368
scene-1094_029,1,Car,27.3249,19,roll,2.0,0.5263
scene-1094_029,0,Pedestrian,12.975,19,roll,3.0,0.7368
scene-1094_029,1,Car,27.3249,19,roll,3.0,0.1053
scene-1094_029,0,Pedestrian,12.975,19,lateral_t,0.0,1.0
scene-1094_029,1,Car,27.3249,19,lateral_t,0.0,1.0
scene-1094_029,0,Pedestrian,12.975,19,lateral_t,0.02,1.0
scene-1094_029,1,Car,27.3249,19,lateral_t,0.02,1.0
scene-1094_029,0,Pedestrian,12.975,19,lateral_t,0.05,1.0
scene-1094_029,1,Car,27.3249,19,lateral_t,0.05,1.0
scene-1094_029,0,Pedestrian,12.975,19,lateral_t,0.1,1.0
scene-1094_029,1,Car,27.3249,19,lateral_t,0.1,1.0
scene-1094_030,0,Pedestrian,8.9392,42,yaw,0.0,1.0
scene-1094_030,1,Bus,42.3863,32,yaw,0.0,1.0
scene-1094_030,0,Pedestrian,8.9392,42,yaw,0.5,1.0
scene-1094_030,1,Bus,42.3863,32,yaw,0.5,1.0
scene-1094_030,0,Pedestrian,8.9392,42,yaw,1.0,0.9286
scene-1094_030,1,Bus,42.3863,32,yaw,1.0,0.9375
scene-1094_030,0,Pedestrian,8.9392,42,yaw,2.0,0.4524
scene-1094_030,1,Bus,42.3863,32,yaw,2.0,0.6875
scene-1094_030,0,Pedestrian,8.9392,42,yaw,3.0,0.1905
scene-1094_030,1,Bus,42.3863,32,yaw,3.0,0.5312
scene-1094_030,0,Pedestrian,8.9392,42,pitch,0.0,1.0
scene-1094_030,1,Bus,42.3863,32,pitch,0.0,1.0
scene-1094_030,0,Pedestrian,8.9392,42,pitch,0.5,1.0
scene-1094_030,1,Bus,42.3863,32,pitch,0.5,1.0
scene-1094_030,0,Pedestrian,8.9392,42,pitch,1.0,1.0
scene-1094_030,1,Bus,42.3863,32,pitch,1.0,1.0
scene-1094_030,0,Pedestrian,8.9392,42,pitch,2.0,1.0
scene-1094_030,1,Bus,42.3863,32,pitch,2.0,1.0
scene-1094_030,0,Pedestrian,8.9392,42,pitch,3.0,1.0
scene-1094_030,1,Bus,42.3863,32,pitch,3.0,0.8438
scene-1094_030,0,Pedestrian,8.9392,42,roll,0.0,1.0
scene-1094_030,1,Bus,42.3863,32,roll,0.0,1.0
scene-1094_030,0,Pedestrian,8.9392,42,roll,0.5,1.0
scene-1094_030,1,Bus,42.3863,32,roll,0.5,0.9688
scene-1094_030,0,Pedestrian,8.9392,42,roll,1.0,1.0
scene-1094_030,1,Bus,42.3863,32,roll,1.0,0.9688
scene-1094_030,0,Pedestrian,8.9392,42,roll,2.0,0.9048
scene-1094_030,1,Bus,42.3863,32,roll,2.0,0.8438
scene-1094_030,0,Pedestrian,8.9392,42,roll,3.0,0.9048
scene-1094_030,1,Bus,42.3863,32,roll,3.0,0.6562
scene-1094_030,0,Pedestrian,8.9392,42,lateral_t,0.0,1.0
scene-1094_030,1,Bus,42.3863,32,lateral_t,0.0,1.0
scene-1094_030,0,Pedestrian,8.9392,42,lateral_t,0.02,1.0
scene-1094_030,1,Bus,42.3863,32,lateral_t,0.02,1.0
scene-1094_030,0,Pedestrian,8.9392,42,lateral_t,0.05,1.0
scene-1094_030,1,Bus,42.3863,32,lateral_t,0.05,1.0
scene-1094_030,0,Pedestrian,8.9392,42,lateral_t,0.1,1.0
scene-1094_030,1,Bus,42.3863,32,lateral_t,0.1,1.0
scene-1094_031,0,Bus,34.1561,47,yaw,0.0,1.0
scene-1094_031,0,Bus,34.1561,47,yaw,0.5,0.9787
scene-1094_031,0,Bus,34.1561,47,yaw,1.0,0.9362
scene-1094_031,0,Bus,34.1561,47,yaw,2.0,0.7447
scene-1094_031,0,Bus,34.1561,47,yaw,3.0,0.5745
scene-1094_031,0,Bus,34.1561,47,pitch,0.0,1.0
scene-1094_031,0,Bus,34.1561,47,pitch,0.5,1.0
scene-1094_031,0,Bus,34.1561,47,pitch,1.0,1.0
scene-1094_031,0,Bus,34.1561,47,pitch,2.0,0.9362
scene-1094_031,0,Bus,34.1561,47,pitch,3.0,0.9362
scene-1094_031,0,Bus,34.1561,47,roll,0.0,1.0
scene-1094_031,0,Bus,34.1561,47,roll,0.5,1.0
scene-1094_031,0,Bus,34.1561,47,roll,1.0,1.0
scene-1094_031,0,Bus,34.1561,47,roll,2.0,1.0
scene-1094_031,0,Bus,34.1561,47,roll,3.0,0.8723
scene-1094_031,0,Bus,34.1561,47,lateral_t,0.0,1.0
scene-1094_031,0,Bus,34.1561,47,lateral_t,0.02,1.0
scene-1094_031,0,Bus,34.1561,47,lateral_t,0.05,1.0
scene-1094_031,0,Bus,34.1561,47,lateral_t,0.1,1.0
scene-1094_032,0,Bus,26.1816,108,yaw,0.0,1.0
scene-1094_032,0,Bus,26.1816,108,yaw,0.5,1.0
scene-1094_032,0,Bus,26.1816,108,yaw,1.0,0.963
scene-1094_032,0,Bus,26.1816,108,yaw,2.0,0.8796
scene-1094_032,0,Bus,26.1816,108,yaw,3.0,0.8056
scene-1094_032,0,Bus,26.1816,108,pitch,0.0,1.0
scene-1094_032,0,Bus,26.1816,108,pitch,0.5,1.0
scene-1094_032,0,Bus,26.1816,108,pitch,1.0,1.0
scene-1094_032,0,Bus,26.1816,108,pitch,2.0,1.0
scene-1094_032,0,Bus,26.1816,108,pitch,3.0,1.0
scene-1094_032,0,Bus,26.1816,108,roll,0.0,1.0
scene-1094_032,0,Bus,26.1816,108,roll,0.5,1.0
scene-1094_032,0,Bus,26.1816,108,roll,1.0,0.9815
scene-1094_032,0,Bus,26.1816,108,roll,2.0,0.9444
scene-1094_032,0,Bus,26.1816,108,roll,3.0,0.7685
scene-1094_032,0,Bus,26.1816,108,lateral_t,0.0,1.0
scene-1094_032,0,Bus,26.1816,108,lateral_t,0.02,1.0
scene-1094_032,0,Bus,26.1816,108,lateral_t,0.05,1.0
scene-1094_032,0,Bus,26.1816,108,lateral_t,0.1,1.0
scene-1094_033,0,Bus,18.7741,73,yaw,0.0,1.0
scene-1094_033,1,Car,29.6738,17,yaw,0.0,1.0
scene-1094_033,0,Bus,18.7741,73,yaw,0.5,1.0
scene-1094_033,1,Car,29.6738,17,yaw,0.5,1.0
scene-1094_033,0,Bus,18.7741,73,yaw,1.0,0.9589
scene-1094_033,1,Car,29.6738,17,yaw,1.0,0.7647
scene-1094_033,0,Bus,18.7741,73,yaw,2.0,0.8082
scene-1094_033,1,Car,29.6738,17,yaw,2.0,0.4118
scene-1094_033,0,Bus,18.7741,73,yaw,3.0,0.6301
scene-1094_033,1,Car,29.6738,17,yaw,3.0,0.0588
scene-1094_033,0,Bus,18.7741,73,pitch,0.0,1.0
scene-1094_033,1,Car,29.6738,17,pitch,0.0,1.0
scene-1094_033,0,Bus,18.7741,73,pitch,0.5,1.0
scene-1094_033,1,Car,29.6738,17,pitch,0.5,1.0
scene-1094_033,0,Bus,18.7741,73,pitch,1.0,0.9863
scene-1094_033,1,Car,29.6738,17,pitch,1.0,1.0
scene-1094_033,0,Bus,18.7741,73,pitch,2.0,0.9863
scene-1094_033,1,Car,29.6738,17,pitch,2.0,1.0
scene-1094_033,0,Bus,18.7741,73,pitch,3.0,0.9863
scene-1094_033,1,Car,29.6738,17,pitch,3.0,1.0
scene-1094_033,0,Bus,18.7741,73,roll,0.0,1.0
scene-1094_033,1,Car,29.6738,17,roll,0.0,1.0
scene-1094_033,0,Bus,18.7741,73,roll,0.5,1.0
scene-1094_033,1,Car,29.6738,17,roll,0.5,1.0
scene-1094_033,0,Bus,18.7741,73,roll,1.0,1.0
scene-1094_033,1,Car,29.6738,17,roll,1.0,1.0
scene-1094_033,0,Bus,18.7741,73,roll,2.0,0.9863
scene-1094_033,1,Car,29.6738,17,roll,2.0,0.4706
scene-1094_033,0,Bus,18.7741,73,roll,3.0,0.9863
scene-1094_033,1,Car,29.6738,17,roll,3.0,0.0
scene-1094_033,0,Bus,18.7741,73,lateral_t,0.0,1.0
scene-1094_033,1,Car,29.6738,17,lateral_t,0.0,1.0
scene-1094_033,0,Bus,18.7741,73,lateral_t,0.02,0.9863
scene-1094_033,1,Car,29.6738,17,lateral_t,0.02,1.0
scene-1094_033,0,Bus,18.7741,73,lateral_t,0.05,0.9863
scene-1094_033,1,Car,29.6738,17,lateral_t,0.05,1.0
scene-1094_033,0,Bus,18.7741,73,lateral_t,0.1,0.9589
scene-1094_033,1,Car,29.6738,17,lateral_t,0.1,1.0
scene-1094_034,0,Pedestrian,13.4222,13,yaw,0.0,1.0
scene-1094_034,0,Pedestrian,13.4222,13,yaw,0.5,1.0
scene-1094_034,0,Pedestrian,13.4222,13,yaw,1.0,1.0
scene-1094_034,0,Pedestrian,13.4222,13,yaw,2.0,0.5385
scene-1094_034,0,Pedestrian,13.4222,13,yaw,3.0,0.0769
scene-1094_034,0,Pedestrian,13.4222,13,pitch,0.0,1.0
scene-1094_034,0,Pedestrian,13.4222,13,pitch,0.5,0.6154
scene-1094_034,0,Pedestrian,13.4222,13,pitch,1.0,0.6154
scene-1094_034,0,Pedestrian,13.4222,13,pitch,2.0,0.6154
scene-1094_034,0,Pedestrian,13.4222,13,pitch,3.0,0.6154
scene-1094_034,0,Pedestrian,13.4222,13,roll,0.0,1.0
scene-1094_034,0,Pedestrian,13.4222,13,roll,0.5,0.6154
scene-1094_034,0,Pedestrian,13.4222,13,roll,1.0,0.6154
scene-1094_034,0,Pedestrian,13.4222,13,roll,2.0,0.4615
scene-1094_034,0,Pedestrian,13.4222,13,roll,3.0,0.4615
scene-1094_034,0,Pedestrian,13.4222,13,lateral_t,0.0,1.0
scene-1094_034,0,Pedestrian,13.4222,13,lateral_t,0.02,1.0
scene-1094_034,0,Pedestrian,13.4222,13,lateral_t,0.05,1.0
scene-1094_034,0,Pedestrian,13.4222,13,lateral_t,0.1,1.0
scene-1094_036,0,Car,30.0049,17,yaw,0.0,1.0
scene-1094_036,0,Car,30.0049,17,yaw,0.5,1.0
scene-1094_036,0,Car,30.0049,17,yaw,1.0,0.8235
scene-1094_036,0,Car,30.0049,17,yaw,2.0,0.4706
scene-1094_036,0,Car,30.0049,17,yaw,3.0,0.1176
scene-1094_036,0,Car,30.0049,17,pitch,0.0,1.0
scene-1094_036,0,Car,30.0049,17,pitch,0.5,1.0
scene-1094_036,0,Car,30.0049,17,pitch,1.0,1.0
scene-1094_036,0,Car,30.0049,17,pitch,2.0,1.0
scene-1094_036,0,Car,30.0049,17,pitch,3.0,1.0
scene-1094_036,0,Car,30.0049,17,roll,0.0,1.0
scene-1094_036,0,Car,30.0049,17,roll,0.5,1.0
scene-1094_036,0,Car,30.0049,17,roll,1.0,1.0
scene-1094_036,0,Car,30.0049,17,roll,2.0,0.4706
scene-1094_036,0,Car,30.0049,17,roll,3.0,0.0
scene-1094_036,0,Car,30.0049,17,lateral_t,0.0,1.0
scene-1094_036,0,Car,30.0049,17,lateral_t,0.02,1.0
scene-1094_036,0,Car,30.0049,17,lateral_t,0.05,1.0
scene-1094_036,0,Car,30.0049,17,lateral_t,0.1,1.0
scene-1094_038,0,Car,29.9659,18,yaw,0.0,1.0
scene-1094_038,1,Car,18.873,42,yaw,0.0,1.0
scene-1094_038,0,Car,29.9659,18,yaw,0.5,0.8333
scene-1094_038,1,Car,18.873,42,yaw,0.5,1.0
scene-1094_038,0,Car,29.9659,18,yaw,1.0,0.7778
scene-1094_038,1,Car,18.873,42,yaw,1.0,0.9762
scene-1094_038,0,Car,29.9659,18,yaw,2.0,0.4444
scene-1094_038,1,Car,18.873,42,yaw,2.0,0.9048
scene-1094_038,0,Car,29.9659,18,yaw,3.0,0.1111
scene-1094_038,1,Car,18.873,42,yaw,3.0,0.7143
scene-1094_038,0,Car,29.9659,18,pitch,0.0,1.0
scene-1094_038,1,Car,18.873,42,pitch,0.0,1.0
scene-1094_038,0,Car,29.9659,18,pitch,0.5,1.0
scene-1094_038,1,Car,18.873,42,pitch,0.5,1.0
scene-1094_038,0,Car,29.9659,18,pitch,1.0,1.0
scene-1094_038,1,Car,18.873,42,pitch,1.0,1.0
scene-1094_038,0,Car,29.9659,18,pitch,2.0,1.0
scene-1094_038,1,Car,18.873,42,pitch,2.0,1.0
scene-1094_038,0,Car,29.9659,18,pitch,3.0,1.0
scene-1094_038,1,Car,18.873,42,pitch,3.0,0.6905
scene-1094_038,0,Car,29.9659,18,roll,0.0,1.0
scene-1094_038,1,Car,18.873,42,roll,0.0,1.0
scene-1094_038,0,Car,29.9659,18,roll,0.5,1.0
scene-1094_038,1,Car,18.873,42,roll,0.5,1.0
scene-1094_038,0,Car,29.9659,18,roll,1.0,1.0
scene-1094_038,1,Car,18.873,42,roll,1.0,1.0
scene-1094_038,0,Car,29.9659,18,roll,2.0,0.5
scene-1094_038,1,Car,18.873,42,roll,2.0,0.9524
scene-1094_038,0,Car,29.9659,18,roll,3.0,0.0
scene-1094_038,1,Car,18.873,42,roll,3.0,0.8571
scene-1094_038,0,Car,29.9659,18,lateral_t,0.0,1.0
scene-1094_038,1,Car,18.873,42,lateral_t,0.0,1.0
scene-1094_038,0,Car,29.9659,18,lateral_t,0.02,1.0
scene-1094_038,1,Car,18.873,42,lateral_t,0.02,1.0
scene-1094_038,0,Car,29.9659,18,lateral_t,0.05,1.0
scene-1094_038,1,Car,18.873,42,lateral_t,0.05,1.0
scene-1094_038,0,Car,29.9659,18,lateral_t,0.1,1.0
scene-1094_038,1,Car,18.873,42,lateral_t,0.1,1.0
scene-1094_039,0,Car,29.8397,10,yaw,0.0,1.0
scene-1094_039,1,Pedestrian,19.6425,11,yaw,0.0,1.0
scene-1094_039,0,Car,29.8397,10,yaw,0.5,0.9
scene-1094_039,1,Pedestrian,19.6425,11,yaw,0.5,1.0
scene-1094_039,0,Car,29.8397,10,yaw,1.0,0.8
scene-1094_039,1,Pedestrian,19.6425,11,yaw,1.0,0.6364
scene-1094_039,0,Car,29.8397,10,yaw,2.0,0.5
scene-1094_039,1,Pedestrian,19.6425,11,yaw,2.0,0.0
scene-1094_039,0,Car,29.8397,10,yaw,3.0,0.2
scene-1094_039,1,Pedestrian,19.6425,11,yaw,3.0,0.0
scene-1094_039,0,Car,29.8397,10,pitch,0.0,1.0
scene-1094_039,1,Pedestrian,19.6425,11,pitch,0.0,1.0
scene-1094_039,0,Car,29.8397,10,pitch,0.5,1.0
scene-1094_039,1,Pedestrian,19.6425,11,pitch,0.5,1.0
scene-1094_039,0,Car,29.8397,10,pitch,1.0,1.0
scene-1094_039,1,Pedestrian,19.6425,11,pitch,1.0,1.0
scene-1094_039,0,Car,29.8397,10,pitch,2.0,1.0
scene-1094_039,1,Pedestrian,19.6425,11,pitch,2.0,1.0
scene-1094_039,0,Car,29.8397,10,pitch,3.0,1.0
scene-1094_039,1,Pedestrian,19.6425,11,pitch,3.0,1.0
scene-1094_039,0,Car,29.8397,10,roll,0.0,1.0
scene-1094_039,1,Pedestrian,19.6425,11,roll,0.0,1.0
scene-1094_039,0,Car,29.8397,10,roll,0.5,1.0
scene-1094_039,1,Pedestrian,19.6425,11,roll,0.5,1.0
scene-1094_039,0,Car,29.8397,10,roll,1.0,1.0
scene-1094_039,1,Pedestrian,19.6425,11,roll,1.0,1.0
scene-1094_039,0,Car,29.8397,10,roll,2.0,0.8
scene-1094_039,1,Pedestrian,19.6425,11,roll,2.0,0.7273
scene-1094_039,0,Car,29.8397,10,roll,3.0,0.0
scene-1094_039,1,Pedestrian,19.6425,11,roll,3.0,0.3636
scene-1094_039,0,Car,29.8397,10,lateral_t,0.0,1.0
scene-1094_039,1,Pedestrian,19.6425,11,lateral_t,0.0,1.0
scene-1094_039,0,Car,29.8397,10,lateral_t,0.02,1.0
scene-1094_039,1,Pedestrian,19.6425,11,lateral_t,0.02,1.0
scene-1094_039,0,Car,29.8397,10,lateral_t,0.05,1.0
scene-1094_039,1,Pedestrian,19.6425,11,lateral_t,0.05,1.0
scene-1094_039,0,Car,29.8397,10,lateral_t,0.1,1.0
scene-1094_039,1,Pedestrian,19.6425,11,lateral_t,0.1,1.0
